protocol,state,arm,uid,Q,Q_v1,final_value,v21_gold,C_tokens,L_s,logical_calls,faulted,replaced_calls
competitive,fault10,A_single,0f2052a9-2761-4594-8be1-0ecf85fa47fc,0,,4.0,0.6,100,0.0,1,0,0
competitive,fault10,A_single,6db94fb6-4116-44dc-8426-229509a07473,0,,4.0,30.9,100,0.0,1,0,0
competitive,fault10,A_single,e73e316e-41a7-4f92-a40e-3ae277443d12,0,,4.0,-8.2,100,0.0,1,0,0
competitive,fault10,A_single,02abaa03-2a3e-4db4-8f6b-fc31acfab880,0,,4.0,44.9,100,0.0,1,0,0
competitive,fault10,A_single,a0720c04-0ddf-460b-81d7-60d9e6b6e3a1,0,,4.0,183.0,100,0.0,1,0,0
competitive,fault10,A_single,2ba67b9a-9cf8-466f-81cc-b3cf0e3bec49,0,,4.0,63.0,100,0.0,1,0,0
competitive,fault10,A_single,9f212b77-e8cb-414c-b2c4-526f48a1f71b,0,,4.0,-45.0,100,0.0,1,0,0
competitive,fault10,A_single,d97be352-26c2-4c4b-a8ce-459f5a24f124,0,,4.0,-176.1,100,0.0,1,0,0
competitive,fault10,A_single,6f2a9b75-8907-4c4a-87c8-c2be01797dd5,0,,4.0,123.2,100,0.0,1,0,0
competitive,fault10,A_single,fedb5ce9-f135-411b-a7e5-931803df369f,0,,4.0,150.0,100,0.0,1,0,0
competitive,fault10,A_single,c9cc52de-f9a5-4bd5-a45a-86a68e61876f,0,,4.0,-13.8,100,0.0,1,0,0
competitive,fault10,A_single,dc89a4b7-340e-4d48-96d9-ec9a38e65a0b,0,,4.0,94.67,100,0.0,1,0,0
competitive,fault10,A_single,7384e0e0-2cbe-432f-9f0f-82ba1d88355b,0,,4.0,34.2,100,0.0,1,0,0
competitive,fault10,A_single,ee2ad496-6ff0-4ddb-9359-7f90f8155885,0,,4.0,0.97,100,0.0,1,0,0
competitive,fault10,A_single,e4027313-f6f6-4bb1-afb6-6520943df9a7,0,,4.0,20.46,100,0.0,1,0,0
competitive,fault10,A_single,79a28339-32a7-42de-80db-fa4b1f2b2cbd,0,,4.0,37.27,100,0.0,1,0,0
competitive,fault10,A_single,a0284ac1-abb3-4e82-bb8c-409ec89c5a54,0,,,267.0,100,0.0,1,1,1
competitive,fault10,A_single,b221ecbc-af23-4ad1-8202-0cc9e53b8ad3,0,,4.0,-4.74,100,0.0,1,0,0
competitive,fault10,A_single,5c96ba61-4efe-4792-83c5-bcd41a037bc9,0,,4.0,2.31,100,0.0,1,0,0
competitive,fault10,A_single,d03efb78-1b78-4f2f-9e7c-d2889a29acc2,0,,4.0,-66.7,100,0.0,1,0,0
competitive,fault10,A_single,d61315b1-7c1f-4c6e-8bb4-8042c71671cb,0,,4.0,5.68,100,0.0,1,0,0
competitive,fault10,A_single,e777ea8c-c353-460e-a724-9c92a8eb6d75,0,,4.0,247.0,100,0.0,1,0,0
competitive,fault10,A_single,718c9b4f-3907-4a12-b0c0-8bfec4d106ab,0,,,58.0,100,0.0,1,1,1
competitive,fault10,A_single,ff99e26a-38be-43d5-aff7-10ee224b3612,0,,4.0,426.0,100,0.0,1,0,0
competitive,fault10,A_single,b9856aea-375e-4bc3-8ecb-8083c22bcba2,0,,4.0,-20.53,100,0.0,1,0,0
competitive,fault10,A_single,6c76cd11-30f2-4a66-9f13-e99ba2b54946,0,,4.0,-0.4,100,0.0,1,0,0
competitive,fault10,A_single,0da57c95-2709-4b67-a1be-db6f325fb4e5,0,,4.0,0.4,100,0.0,1,0,0
competitive,fault10,A_single,629daa0a-eeb0-4c55-854c-b2b93f4b9ae9,0,,4.0,-0.7,100,0.0,1,0,0
competitive,fault10,A_single,bb2e18cd-6548-47dd-8d73-e6ae2eb71e8e,0,,4.0,0.36,100,0.0,1,0,0
competitive,fault10,A_single,45061182-d00d-4b3c-ae05-2c6fd5ba5cf2,0,,4.0,-16.0,100,0.0,1,0,0
competitive,fault10,A_single,2edb8fba-16aa-4c56-8044-03a3f1220737,0,,4.0,2.0,100,0.0,1,0,0
competitive,fault10,A_single,e8d54320-2dfb-4210-8393-6c56aff55ecc,0,,4.0,0.47,100,0.0,1,0,0
competitive,fault10,A_single,c4eb5f20-8d18-4d1a-be03-b014e541eab3,0,,4.0,8.8,100,0.0,1,0,0
competitive,fault10,A_single,0045158d-99c6-4ccb-99d8-8eea8cace339,0,,4.0,-6.1,100,0.0,1,0,0
competitive,fault10,A_single,0202dbb4-5221-42b7-96b7-5bcb476ffdec,0,,,-12.9,100,0.0,1,1,1
competitive,fault10,A_single,ba2089ef-6999-4381-b677-a4f2f6af8e8e,0,,4.0,5.0,100,0.0,1,0,0
competitive,fault10,A_single,94bc4d77-55a8-4cb0-a095-f9d799b3c37b,0,,4.0,10.0,100,0.0,1,0,0
competitive,fault10,A_single,30f78337-c974-4434-a990-8c33c92a5306,0,,4.0,3.57,100,0.0,1,0,0
competitive,fault10,A_single,fcaa00dc-f9ec-4f57-a7e1-a7ccaca9202b,0,,4.0,20.45,100,0.0,1,0,0
competitive,fault10,A_single,854d95f4-d165-4132-8573-34843115ed45,0,,4.0,0.4,100,0.0,1,0,0
competitive,fault10,A_single,6792fc0a-f8cf-43d8-bc1a-9a11646e7e31,0,,4.0,114.81,100,0.0,1,0,0
competitive,fault10,A_single,bc009826-d4f1-4c53-9e3c-0e6349e8b527,0,,4.0,-15.38,100,0.0,1,0,0
competitive,fault10,A_single,2c980685-7c11-412a-afa6-c23725fcedf6,0,,4.0,1.6,100,0.0,1,0,0
competitive,fault10,A_single,99f1cb28-c0d5-4cda-b50a-a1d7c17b777a,0,,4.0,66.9,100,0.0,1,0,0
competitive,fault10,A_single,72a4833d-a74d-410c-9311-dad856c7fe26,0,,4.0,11.39,100,0.0,1,0,0
competitive,fault10,A_single,3828301a-73bd-4540-80d3-43061664f135,0,,4.0,11.0,100,0.0,1,0,0
competitive,fault10,A_single,46ed6025-c0ae-49d3-8539-a45a1d37ee80,0,,4.0,81.68,100,0.0,1,0,0
competitive,fault10,A_single,297ae9f3-5ef8-435e-a4e7-e0b97a049904,0,,4.0,0.99,100,0.0,1,0,0
competitive,fault10,A_single,a38407e1-d341-4825-933e-81c2a559035f,0,,4.0,46.0,100,0.0,1,0,0
competitive,fault10,A_single,14814a4d-55f8-4fe0-9e13-59ab7a4d485b,0,,4.0,-0.7,100,0.0,1,0,0
competitive,fault20,A_single,0f2052a9-2761-4594-8be1-0ecf85fa47fc,0,,4.0,0.6,100,0.0,1,0,0
competitive,fault20,A_single,6db94fb6-4116-44dc-8426-229509a07473,0,,4.0,30.9,100,0.0,1,0,0
competitive,fault20,A_single,e73e316e-41a7-4f92-a40e-3ae277443d12,0,,4.0,-8.2,100,0.0,1,0,0
competitive,fault20,A_single,02abaa03-2a3e-4db4-8f6b-fc31acfab880,0,,4.0,44.9,100,0.0,1,0,0
competitive,fault20,A_single,a0720c04-0ddf-460b-81d7-60d9e6b6e3a1,0,,4.0,183.0,100,0.0,1,0,0
competitive,fault20,A_single,2ba67b9a-9cf8-466f-81cc-b3cf0e3bec49,0,,4.0,63.0,100,0.0,1,0,0
competitive,fault20,A_single,9f212b77-e8cb-414c-b2c4-526f48a1f71b,0,,4.0,-45.0,100,0.0,1,0,0
competitive,fault20,A_single,d97be352-26c2-4c4b-a8ce-459f5a24f124,0,,4.0,-176.1,100,0.0,1,0,0
competitive,fault20,A_single,6f2a9b75-8907-4c4a-87c8-c2be01797dd5,0,,4.0,123.2,100,0.0,1,0,0
competitive,fault20,A_single,fedb5ce9-f135-411b-a7e5-931803df369f,0,,4.0,150.0,100,0.0,1,0,0
competitive,fault20,A_single,c9cc52de-f9a5-4bd5-a45a-86a68e61876f,0,,4.0,-13.8,100,0.0,1,0,0
competitive,fault20,A_single,dc89a4b7-340e-4d48-96d9-ec9a38e65a0b,0,,4.0,94.67,100,0.0,1,0,0
competitive,fault20,A_single,7384e0e0-2cbe-432f-9f0f-82ba1d88355b,0,,4.0,34.2,100,0.0,1,0,0
competitive,fault20,A_single,ee2ad496-6ff0-4ddb-9359-7f90f8155885,0,,4.0,0.97,100,0.0,1,0,0
competitive,fault20,A_single,e4027313-f6f6-4bb1-afb6-6520943df9a7,0,,4.0,20.46,100,0.0,1,0,0
competitive,fault20,A_single,79a28339-32a7-42de-80db-fa4b1f2b2cbd,0,,4.0,37.27,100,0.0,1,0,0
competitive,fault20,A_single,a0284ac1-abb3-4e82-bb8c-409ec89c5a54,0,,4.0,267.0,100,0.0,1,0,0
competitive,fault20,A_single,b221ecbc-af23-4ad1-8202-0cc9e53b8ad3,0,,4.0,-4.74,100,0.0,1,0,0
competitive,fault20,A_single,5c96ba61-4efe-4792-83c5-bcd41a037bc9,0,,4.0,2.31,100,0.0,1,0,0
competitive,fault20,A_single,d03efb78-1b78-4f2f-9e7c-d2889a29acc2,0,,,-66.7,100,0.0,1,1,1
competitive,fault20,A_single,d61315b1-7c1f-4c6e-8bb4-8042c71671cb,0,,4.0,5.68,100,0.0,1,0,0
competitive,fault20,A_single,e777ea8c-c353-460e-a724-9c92a8eb6d75,0,,4.0,247.0,100,0.0,1,0,0
competitive,fault20,A_single,718c9b4f-3907-4a12-b0c0-8bfec4d106ab,0,,4.0,58.0,100,0.0,1,0,0
competitive,fault20,A_single,ff99e26a-38be-43d5-aff7-10ee224b3612,0,,4.0,426.0,100,0.0,1,0,0
competitive,fault20,A_single,b9856aea-375e-4bc3-8ecb-8083c22bcba2,0,,4.0,-20.53,100,0.0,1,0,0
competitive,fault20,A_single,6c76cd11-30f2-4a66-9f13-e99ba2b54946,0,,4.0,-0.4,100,0.0,1,0,0
competitive,fault20,A_single,0da57c95-2709-4b67-a1be-db6f325fb4e5,0,,4.0,0.4,100,0.0,1,0,0
competitive,fault20,A_single,629daa0a-eeb0-4c55-854c-b2b93f4b9ae9,0,,4.0,-0.7,100,0.0,1,0,0
competitive,fault20,A_single,bb2e18cd-6548-47dd-8d73-e6ae2eb71e8e,0,,4.0,0.36,100,0.0,1,0,0
competitive,fault20,A_single,45061182-d00d-4b3c-ae05-2c6fd5ba5cf2,0,,4.0,-16.0,100,0.0,1,0,0
competitive,fault20,A_single,2edb8fba-16aa-4c56-8044-03a3f1220737,0,,4.0,2.0,100,0.0,1,0,0
competitive,fault20,A_single,e8d54320-2dfb-4210-8393-6c56aff55ecc,0,,4.0,0.47,100,0.0,1,0,0
competitive,fault20,A_single,c4eb5f20-8d18-4d1a-be03-b014e541eab3,0,,4.0,8.8,100,0.0,1,0,0
competitive,fault20,A_single,0045158d-99c6-4ccb-99d8-8eea8cace339,0,,,-6.1,100,0.0,1,1,1
competitive,fault20,A_single,0202dbb4-5221-42b7-96b7-5bcb476ffdec,0,,4.0,-12.9,100,0.0,1,0,0
competitive,fault20,A_single,ba2089ef-6999-4381-b677-a4f2f6af8e8e,0,,4.0,5.0,100,0.0,1,0,0
competitive,fault20,A_single,94bc4d77-55a8-4cb0-a095-f9d799b3c37b,0,,4.0,10.0,100,0.0,1,0,0
competitive,fault20,A_single,30f78337-c974-4434-a990-8c33c92a5306,0,,,3.57,100,0.0,1,1,1
competitive,fault20,A_single,fcaa00dc-f9ec-4f57-a7e1-a7ccaca9202b,0,,4.0,20.45,100,0.0,1,0,0
competitive,fault20,A_single,854d95f4-d165-4132-8573-34843115ed45,0,,4.0,0.4,100,0.0,1,0,0
competitive,fault20,A_single,6792fc0a-f8cf-43d8-bc1a-9a11646e7e31,0,,4.0,114.81,100,0.0,1,0,0
competitive,fault20,A_single,bc009826-d4f1-4c53-9e3c-0e6349e8b527,0,,4.0,-15.38,100,0.0,1,0,0
competitive,fault20,A_single,2c980685-7c11-412a-afa6-c23725fcedf6,0,,4.0,1.6,100,0.0,1,0,0
competitive,fault20,A_single,99f1cb28-c0d5-4cda-b50a-a1d7c17b777a,0,,4.0,66.9,100,0.0,1,0,0
competitive,fault20,A_single,72a4833d-a74d-410c-9311-dad856c7fe26,0,,4.0,11.39,100,0.0,1,0,0
competitive,fault20,A_single,3828301a-73bd-4540-80d3-43061664f135,0,,4.0,11.0,100,0.0,1,0,0
competitive,fault20,A_single,46ed6025-c0ae-49d3-8539-a45a1d37ee80,0,,4.0,81.68,100,0.0,1,0,0
competitive,fault20,A_single,297ae9f3-5ef8-435e-a4e7-e0b97a049904,0,,4.0,0.99,100,0.0,1,0,0
competitive,fault20,A_single,a38407e1-d341-4825-933e-81c2a559035f,0,,4.0,46.0,100,0.0,1,0,0
competitive,fault20,A_single,14814a4d-55f8-4fe0-9e13-59ab7a4d485b,0,,4.0,-0.7,100,0.0,1,0,0
competitive,fault30,A_single,0f2052a9-2761-4594-8be1-0ecf85fa47fc,0,,4.0,0.6,100,0.0,1,0,0
competitive,fault30,A_single,6db94fb6-4116-44dc-8426-229509a07473,0,,4.0,30.9,100,0.0,1,0,0
competitive,fault30,A_single,e73e316e-41a7-4f92-a40e-3ae277443d12,0,,4.0,-8.2,100,0.0,1,0,0
competitive,fault30,A_single,02abaa03-2a3e-4db4-8f6b-fc31acfab880,0,,4.0,44.9,100,0.0,1,0,0
competitive,fault30,A_single,a0720c04-0ddf-460b-81d7-60d9e6b6e3a1,0,,4.0,183.0,100,0.0,1,0,0
competitive,fault30,A_single,2ba67b9a-9cf8-466f-81cc-b3cf0e3bec49,0,,4.0,63.0,100,0.0,1,0,0
competitive,fault30,A_single,9f212b77-e8cb-414c-b2c4-526f48a1f71b,0,,4.0,-45.0,100,0.0,1,0,0
competitive,fault30,A_single,d97be352-26c2-4c4b-a8ce-459f5a24f124,0,,4.0,-176.1,100,0.0,1,0,0
competitive,fault30,A_single,6f2a9b75-8907-4c4a-87c8-c2be01797dd5,0,,4.0,123.2,100,0.0,1,0,0
competitive,fault30,A_single,fedb5ce9-f135-411b-a7e5-931803df369f,0,,,150.0,100,0.0,1,1,1
competitive,fault30,A_single,c9cc52de-f9a5-4bd5-a45a-86a68e61876f,0,,4.0,-13.8,100,0.0,1,0,0
competitive,fault30,A_single,dc89a4b7-340e-4d48-96d9-ec9a38e65a0b,0,,4.0,94.67,100,0.0,1,0,0
competitive,fault30,A_single,7384e0e0-2cbe-432f-9f0f-82ba1d88355b,0,,4.0,34.2,100,0.0,1,0,0
competitive,fault30,A_single,ee2ad496-6ff0-4ddb-9359-7f90f8155885,0,,4.0,0.97,100,0.0,1,0,0
competitive,fault30,A_single,e4027313-f6f6-4bb1-afb6-6520943df9a7,0,,4.0,20.46,100,0.0,1,0,0
competitive,fault30,A_single,79a28339-32a7-42de-80db-fa4b1f2b2cbd,0,,4.0,37.27,100,0.0,1,0,0
competitive,fault30,A_single,a0284ac1-abb3-4e82-bb8c-409ec89c5a54,0,,4.0,267.0,100,0.0,1,0,0
competitive,fault30,A_single,b221ecbc-af23-4ad1-8202-0cc9e53b8ad3,0,,4.0,-4.74,100,0.0,1,0,0
competitive,fault30,A_single,5c96ba61-4efe-4792-83c5-bcd41a037bc9,0,,4.0,2.31,100,0.0,1,0,0
competitive,fault30,A_single,d03efb78-1b78-4f2f-9e7c-d2889a29acc2,0,,4.0,-66.7,100,0.0,1,0,0
competitive,fault30,A_single,d61315b1-7c1f-4c6e-8bb4-8042c71671cb,0,,4.0,5.68,100,0.0,1,0,0
competitive,fault30,A_single,e777ea8c-c353-460e-a724-9c92a8eb6d75,0,,,247.0,100,0.0,1,1,1
competitive,fault30,A_single,718c9b4f-3907-4a12-b0c0-8bfec4d106ab,0,,4.0,58.0,100,0.0,1,0,0
competitive,fault30,A_single,ff99e26a-38be-43d5-aff7-10ee224b3612,0,,,426.0,100,0.0,1,1,1
competitive,fault30,A_single,b9856aea-375e-4bc3-8ecb-8083c22bcba2,0,,4.0,-20.53,100,0.0,1,0,0
competitive,fault30,A_single,6c76cd11-30f2-4a66-9f13-e99ba2b54946,0,,4.0,-0.4,100,0.0,1,0,0
competitive,fault30,A_single,0da57c95-2709-4b67-a1be-db6f325fb4e5,0,,4.0,0.4,100,0.0,1,0,0
competitive,fault30,A_single,629daa0a-eeb0-4c55-854c-b2b93f4b9ae9,0,,,-0.7,100,0.0,1,1,1
competitive,fault30,A_single,bb2e18cd-6548-47dd-8d73-e6ae2eb71e8e,0,,4.0,0.36,100,0.0,1,0,0
competitive,fault30,A_single,45061182-d00d-4b3c-ae05-2c6fd5ba5cf2,0,,4.0,-16.0,100,0.0,1,0,0
competitive,fault30,A_single,2edb8fba-16aa-4c56-8044-03a3f1220737,0,,4.0,2.0,100,0.0,1,0,0
competitive,fault30,A_single,e8d54320-2dfb-4210-8393-6c56aff55ecc,0,,4.0,0.47,100,0.0,1,0,0
competitive,fault30,A_single,c4eb5f20-8d18-4d1a-be03-b014e541eab3,0,,4.0,8.8,100,0.0,1,0,0
competitive,fault30,A_single,0045158d-99c6-4ccb-99d8-8eea8cace339,0,,4.0,-6.1,100,0.0,1,0,0
competitive,fault30,A_single,0202dbb4-5221-42b7-96b7-5bcb476ffdec,0,,4.0,-12.9,100,0.0,1,0,0
competitive,fault30,A_single,ba2089ef-6999-4381-b677-a4f2f6af8e8e,0,,4.0,5.0,100,0.0,1,0,0
competitive,fault30,A_single,94bc4d77-55a8-4cb0-a095-f9d799b3c37b,0,,,10.0,100,0.0,1,1,1
competitive,fault30,A_single,30f78337-c974-4434-a990-8c33c92a5306,0,,4.0,3.57,100,0.0,1,0,0
competitive,fault30,A_single,fcaa00dc-f9ec-4f57-a7e1-a7ccaca9202b,0,,4.0,20.45,100,0.0,1,0,0
competitive,fault30,A_single,854d95f4-d165-4132-8573-34843115ed45,0,,4.0,0.4,100,0.0,1,0,0
competitive,fault30,A_single,6792fc0a-f8cf-43d8-bc1a-9a11646e7e31,0,,4.0,114.81,100,0.0,1,0,0
competitive,fault30,A_single,bc009826-d4f1-4c53-9e3c-0e6349e8b527,0,,4.0,-15.38,100,0.0,1,0,0
competitive,fault30,A_single,2c980685-7c11-412a-afa6-c23725fcedf6,0,,4.0,1.6,100,0.0,1,0,0
competitive,fault30,A_single,99f1cb28-c0d5-4cda-b50a-a1d7c17b777a,0,,4.0,66.9,100,0.0,1,0,0
competitive,fault30,A_single,72a4833d-a74d-410c-9311-dad856c7fe26,0,,4.0,11.39,100,0.0,1,0,0
competitive,fault30,A_single,3828301a-73bd-4540-80d3-43061664f135,0,,,11.0,100,0.0,1,1,1
competitive,fault30,A_single,46ed6025-c0ae-49d3-8539-a45a1d37ee80,0,,4.0,81.68,100,0.0,1,0,0
competitive,fault30,A_single,297ae9f3-5ef8-435e-a4e7-e0b97a049904,0,,4.0,0.99,100,0.0,1,0,0
competitive,fault30,A_single,a38407e1-d341-4825-933e-81c2a559035f,0,,4.0,46.0,100,0.0,1,0,0
competitive,fault30,A_single,14814a4d-55f8-4fe0-9e13-59ab7a4d485b,0,,4.0,-0.7,100,0.0,1,0,0
competitive,fault10,A_single_cross_fallback,0f2052a9-2761-4594-8be1-0ecf85fa47fc,0,,4.0,0.6,100,0.0,1,0,0
competitive,fault10,A_single_cross_fallback,6db94fb6-4116-44dc-8426-229509a07473,0,,4.0,30.9,100,0.0,1,0,0
competitive,fault10,A_single_cross_fallback,e73e316e-41a7-4f92-a40e-3ae277443d12,0,,4.0,-8.2,100,0.0,1,0,0
competitive,fault10,A_single_cross_fallback,02abaa03-2a3e-4db4-8f6b-fc31acfab880,0,,4.0,44.9,100,0.0,1,0,0
competitive,fault10,A_single_cross_fallback,a0720c04-0ddf-460b-81d7-60d9e6b6e3a1,0,,4.0,183.0,100,0.0,1,0,0
competitive,fault10,A_single_cross_fallback,2ba67b9a-9cf8-466f-81cc-b3cf0e3bec49,0,,4.0,63.0,100,0.0,1,0,0
competitive,fault10,A_single_cross_fallback,9f212b77-e8cb-414c-b2c4-526f48a1f71b,0,,4.0,-45.0,100,0.0,1,0,0
competitive,fault10,A_single_cross_fallback,d97be352-26c2-4c4b-a8ce-459f5a24f124,0,,4.0,-176.1,100,0.0,1,0,0
competitive,fault10,A_single_cross_fallback,6f2a9b75-8907-4c4a-87c8-c2be01797dd5,0,,4.0,123.2,100,0.0,1,0,0
competitive,fault10,A_single_cross_fallback,fedb5ce9-f135-411b-a7e5-931803df369f,0,,4.0,150.0,100,0.0,1,0,0
competitive,fault10,A_single_cross_fallback,c9cc52de-f9a5-4bd5-a45a-86a68e61876f,0,,4.0,-13.8,100,0.0,1,0,0
competitive,fault10,A_single_cross_fallback,dc89a4b7-340e-4d48-96d9-ec9a38e65a0b,0,,4.0,94.67,100,0.0,1,0,0
competitive,fault10,A_single_cross_fallback,7384e0e0-2cbe-432f-9f0f-82ba1d88355b,0,,4.0,34.2,100,0.0,1,0,0
competitive,fault10,A_single_cross_fallback,ee2ad496-6ff0-4ddb-9359-7f90f8155885,0,,4.0,0.97,100,0.0,1,0,0
competitive,fault10,A_single_cross_fallback,e4027313-f6f6-4bb1-afb6-6520943df9a7,0,,4.0,20.46,100,0.0,1,0,0
competitive,fault10,A_single_cross_fallback,79a28339-32a7-42de-80db-fa4b1f2b2cbd,0,,4.0,37.27,100,0.0,1,0,0
competitive,fault10,A_single_cross_fallback,a0284ac1-abb3-4e82-bb8c-409ec89c5a54,0,,4.0,267.0,200,0.0,2,1,1
competitive,fault10,A_single_cross_fallback,b221ecbc-af23-4ad1-8202-0cc9e53b8ad3,0,,4.0,-4.74,100,0.0,1,0,0
competitive,fault10,A_single_cross_fallback,5c96ba61-4efe-4792-83c5-bcd41a037bc9,0,,4.0,2.31,100,0.0,1,0,0
competitive,fault10,A_single_cross_fallback,d03efb78-1b78-4f2f-9e7c-d2889a29acc2,0,,4.0,-66.7,100,0.0,1,0,0
competitive,fault10,A_single_cross_fallback,d61315b1-7c1f-4c6e-8bb4-8042c71671cb,0,,4.0,5.68,100,0.0,1,0,0
competitive,fault10,A_single_cross_fallback,e777ea8c-c353-460e-a724-9c92a8eb6d75,0,,4.0,247.0,100,0.0,1,0,0
competitive,fault10,A_single_cross_fallback,718c9b4f-3907-4a12-b0c0-8bfec4d106ab,0,,4.0,58.0,200,0.0,2,1,1
competitive,fault10,A_single_cross_fallback,ff99e26a-38be-43d5-aff7-10ee224b3612,0,,4.0,426.0,100,0.0,1,0,0
competitive,fault10,A_single_cross_fallback,b9856aea-375e-4bc3-8ecb-8083c22bcba2,0,,4.0,-20.53,100,0.0,1,0,0
competitive,fault10,A_single_cross_fallback,6c76cd11-30f2-4a66-9f13-e99ba2b54946,0,,4.0,-0.4,100,0.0,1,0,0
competitive,fault10,A_single_cross_fallback,0da57c95-2709-4b67-a1be-db6f325fb4e5,0,,4.0,0.4,100,0.0,1,0,0
competitive,fault10,A_single_cross_fallback,629daa0a-eeb0-4c55-854c-b2b93f4b9ae9,0,,4.0,-0.7,100,0.0,1,0,0
competitive,fault10,A_single_cross_fallback,bb2e18cd-6548-47dd-8d73-e6ae2eb71e8e,0,,4.0,0.36,100,0.0,1,0,0
competitive,fault10,A_single_cross_fallback,45061182-d00d-4b3c-ae05-2c6fd5ba5cf2,0,,4.0,-16.0,100,0.0,1,0,0
competitive,fault10,A_single_cross_fallback,2edb8fba-16aa-4c56-8044-03a3f1220737,0,,4.0,2.0,100,0.0,1,0,0
competitive,fault10,A_single_cross_fallback,e8d54320-2dfb-4210-8393-6c56aff55ecc,0,,4.0,0.47,100,0.0,1,0,0
competitive,fault10,A_single_cross_fallback,c4eb5f20-8d18-4d1a-be03-b014e541eab3,0,,4.0,8.8,100,0.0,1,0,0
competitive,fault10,A_single_cross_fallback,0045158d-99c6-4ccb-99d8-8eea8cace339,0,,4.0,-6.1,100,0.0,1,0,0
competitive,fault10,A_single_cross_fallback,0202dbb4-5221-42b7-96b7-5bcb476ffdec,0,,4.0,-12.9,200,0.0,2,1,1
competitive,fault10,A_single_cross_fallback,ba2089ef-6999-4381-b677-a4f2f6af8e8e,0,,4.0,5.0,100,0.0,1,0,0
competitive,fault10,A_single_cross_fallback,94bc4d77-55a8-4cb0-a095-f9d799b3c37b,0,,4.0,10.0,100,0.0,1,0,0
competitive,fault10,A_single_cross_fallback,30f78337-c974-4434-a990-8c33c92a5306,0,,4.0,3.57,100,0.0,1,0,0
competitive,fault10,A_single_cross_fallback,fcaa00dc-f9ec-4f57-a7e1-a7ccaca9202b,0,,4.0,20.45,100,0.0,1,0,0
competitive,fault10,A_single_cross_fallback,854d95f4-d165-4132-8573-34843115ed45,0,,4.0,0.4,100,0.0,1,0,0
competitive,fault10,A_single_cross_fallback,6792fc0a-f8cf-43d8-bc1a-9a11646e7e31,0,,4.0,114.81,100,0.0,1,0,0
competitive,fault10,A_single_cross_fallback,bc009826-d4f1-4c53-9e3c-0e6349e8b527,0,,4.0,-15.38,100,0.0,1,0,0
competitive,fault10,A_single_cross_fallback,2c980685-7c11-412a-afa6-c23725fcedf6,0,,4.0,1.6,100,0.0,1,0,0
competitive,fault10,A_single_cross_fallback,99f1cb28-c0d5-4cda-b50a-a1d7c17b777a,0,,4.0,66.9,100,0.0,1,0,0
competitive,fault10,A_single_cross_fallback,72a4833d-a74d-410c-9311-dad856c7fe26,0,,4.0,11.39,100,0.0,1,0,0
competitive,fault10,A_single_cross_fallback,3828301a-73bd-4540-80d3-43061664f135,0,,4.0,11.0,100,0.0,1,0,0
competitive,fault10,A_single_cross_fallback,46ed6025-c0ae-49d3-8539-a45a1d37ee80,0,,4.0,81.68,100,0.0,1,0,0
competitive,fault10,A_single_cross_fallback,297ae9f3-5ef8-435e-a4e7-e0b97a049904,0,,4.0,0.99,100,0.0,1,0,0
competitive,fault10,A_single_cross_fallback,a38407e1-d341-4825-933e-81c2a559035f,0,,4.0,46.0,100,0.0,1,0,0
competitive,fault10,A_single_cross_fallback,14814a4d-55f8-4fe0-9e13-59ab7a4d485b,0,,4.0,-0.7,100,0.0,1,0,0
competitive,fault20,A_single_cross_fallback,0f2052a9-2761-4594-8be1-0ecf85fa47fc,0,,4.0,0.6,100,0.0,1,0,0
competitive,fault20,A_single_cross_fallback,6db94fb6-4116-44dc-8426-229509a07473,0,,4.0,30.9,100,0.0,1,0,0
competitive,fault20,A_single_cross_fallback,e73e316e-41a7-4f92-a40e-3ae277443d12,0,,4.0,-8.2,100,0.0,1,0,0
competitive,fault20,A_single_cross_fallback,02abaa03-2a3e-4db4-8f6b-fc31acfab880,0,,4.0,44.9,100,0.0,1,0,0
competitive,fault20,A_single_cross_fallback,a0720c04-0ddf-460b-81d7-60d9e6b6e3a1,0,,4.0,183.0,100,0.0,1,0,0
competitive,fault20,A_single_cross_fallback,2ba67b9a-9cf8-466f-81cc-b3cf0e3bec49,0,,4.0,63.0,100,0.0,1,0,0
competitive,fault20,A_single_cross_fallback,9f212b77-e8cb-414c-b2c4-526f48a1f71b,0,,4.0,-45.0,100,0.0,1,0,0
competitive,fault20,A_single_cross_fallback,d97be352-26c2-4c4b-a8ce-459f5a24f124,0,,4.0,-176.1,100,0.0,1,0,0
competitive,fault20,A_single_cross_fallback,6f2a9b75-8907-4c4a-87c8-c2be01797dd5,0,,4.0,123.2,100,0.0,1,0,0
competitive,fault20,A_single_cross_fallback,fedb5ce9-f135-411b-a7e5-931803df369f,0,,4.0,150.0,100,0.0,1,0,0
competitive,fault20,A_single_cross_fallback,c9cc52de-f9a5-4bd5-a45a-86a68e61876f,0,,4.0,-13.8,100,0.0,1,0,0
competitive,fault20,A_single_cross_fallback,dc89a4b7-340e-4d48-96d9-ec9a38e65a0b,0,,4.0,94.67,100,0.0,1,0,0
competitive,fault20,A_single_cross_fallback,7384e0e0-2cbe-432f-9f0f-82ba1d88355b,0,,4.0,34.2,100,0.0,1,0,0
competitive,fault20,A_single_cross_fallback,ee2ad496-6ff0-4ddb-9359-7f90f8155885,0,,4.0,0.97,100,0.0,1,0,0
competitive,fault20,A_single_cross_fallback,e4027313-f6f6-4bb1-afb6-6520943df9a7,0,,4.0,20.46,100,0.0,1,0,0
competitive,fault20,A_single_cross_fallback,79a28339-32a7-42de-80db-fa4b1f2b2cbd,0,,4.0,37.27,100,0.0,1,0,0
competitive,fault20,A_single_cross_fallback,a0284ac1-abb3-4e82-bb8c-409ec89c5a54,0,,4.0,267.0,100,0.0,1,0,0
competitive,fault20,A_single_cross_fallback,b221ecbc-af23-4ad1-8202-0cc9e53b8ad3,0,,4.0,-4.74,100,0.0,1,0,0
competitive,fault20,A_single_cross_fallback,5c96ba61-4efe-4792-83c5-bcd41a037bc9,0,,4.0,2.31,100,0.0,1,0,0
competitive,fault20,A_single_cross_fallback,d03efb78-1b78-4f2f-9e7c-d2889a29acc2,0,,4.0,-66.7,200,0.0,2,1,1
competitive,fault20,A_single_cross_fallback,d61315b1-7c1f-4c6e-8bb4-8042c71671cb,0,,4.0,5.68,100,0.0,1,0,0
competitive,fault20,A_single_cross_fallback,e777ea8c-c353-460e-a724-9c92a8eb6d75,0,,4.0,247.0,100,0.0,1,0,0
competitive,fault20,A_single_cross_fallback,718c9b4f-3907-4a12-b0c0-8bfec4d106ab,0,,4.0,58.0,100,0.0,1,0,0
competitive,fault20,A_single_cross_fallback,ff99e26a-38be-43d5-aff7-10ee224b3612,0,,4.0,426.0,100,0.0,1,0,0
competitive,fault20,A_single_cross_fallback,b9856aea-375e-4bc3-8ecb-8083c22bcba2,0,,4.0,-20.53,100,0.0,1,0,0
competitive,fault20,A_single_cross_fallback,6c76cd11-30f2-4a66-9f13-e99ba2b54946,0,,4.0,-0.4,100,0.0,1,0,0
competitive,fault20,A_single_cross_fallback,0da57c95-2709-4b67-a1be-db6f325fb4e5,0,,4.0,0.4,100,0.0,1,0,0
competitive,fault20,A_single_cross_fallback,629daa0a-eeb0-4c55-854c-b2b93f4b9ae9,0,,4.0,-0.7,100,0.0,1,0,0
competitive,fault20,A_single_cross_fallback,bb2e18cd-6548-47dd-8d73-e6ae2eb71e8e,0,,4.0,0.36,100,0.0,1,0,0
competitive,fault20,A_single_cross_fallback,45061182-d00d-4b3c-ae05-2c6fd5ba5cf2,0,,4.0,-16.0,100,0.0,1,0,0
competitive,fault20,A_single_cross_fallback,2edb8fba-16aa-4c56-8044-03a3f1220737,0,,4.0,2.0,100,0.0,1,0,0
competitive,fault20,A_single_cross_fallback,e8d54320-2dfb-4210-8393-6c56aff55ecc,0,,4.0,0.47,100,0.0,1,0,0
competitive,fault20,A_single_cross_fallback,c4eb5f20-8d18-4d1a-be03-b014e541eab3,0,,4.0,8.8,100,0.0,1,0,0
competitive,fault20,A_single_cross_fallback,0045158d-99c6-4ccb-99d8-8eea8cace339,0,,4.0,-6.1,200,0.0,2,1,1
competitive,fault20,A_single_cross_fallback,0202dbb4-5221-42b7-96b7-5bcb476ffdec,0,,4.0,-12.9,100,0.0,1,0,0
competitive,fault20,A_single_cross_fallback,ba2089ef-6999-4381-b677-a4f2f6af8e8e,0,,4.0,5.0,100,0.0,1,0,0
competitive,fault20,A_single_cross_fallback,94bc4d77-55a8-4cb0-a095-f9d799b3c37b,0,,4.0,10.0,100,0.0,1,0,0
competitive,fault20,A_single_cross_fallback,30f78337-c974-4434-a990-8c33c92a5306,0,,4.0,3.57,200,0.0,2,1,1
competitive,fault20,A_single_cross_fallback,fcaa00dc-f9ec-4f57-a7e1-a7ccaca9202b,0,,4.0,20.45,100,0.0,1,0,0
competitive,fault20,A_single_cross_fallback,854d95f4-d165-4132-8573-34843115ed45,0,,4.0,0.4,100,0.0,1,0,0
competitive,fault20,A_single_cross_fallback,6792fc0a-f8cf-43d8-bc1a-9a11646e7e31,0,,4.0,114.81,100,0.0,1,0,0
competitive,fault20,A_single_cross_fallback,bc009826-d4f1-4c53-9e3c-0e6349e8b527,0,,4.0,-15.38,100,0.0,1,0,0
competitive,fault20,A_single_cross_fallback,2c980685-7c11-412a-afa6-c23725fcedf6,0,,4.0,1.6,100,0.0,1,0,0
competitive,fault20,A_single_cross_fallback,99f1cb28-c0d5-4cda-b50a-a1d7c17b777a,0,,4.0,66.9,100,0.0,1,0,0
competitive,fault20,A_single_cross_fallback,72a4833d-a74d-410c-9311-dad856c7fe26,0,,4.0,11.39,100,0.0,1,0,0
competitive,fault20,A_single_cross_fallback,3828301a-73bd-4540-80d3-43061664f135,0,,4.0,11.0,100,0.0,1,0,0
competitive,fault20,A_single_cross_fallback,46ed6025-c0ae-49d3-8539-a45a1d37ee80,0,,4.0,81.68,100,0.0,1,0,0
competitive,fault20,A_single_cross_fallback,297ae9f3-5ef8-435e-a4e7-e0b97a049904,0,,4.0,0.99,100,0.0,1,0,0
competitive,fault20,A_single_cross_fallback,a38407e1-d341-4825-933e-81c2a559035f,0,,4.0,46.0,100,0.0,1,0,0
competitive,fault20,A_single_cross_fallback,14814a4d-55f8-4fe0-9e13-59ab7a4d485b,0,,4.0,-0.7,100,0.0,1,0,0
competitive,fault30,A_single_cross_fallback,0f2052a9-2761-4594-8be1-0ecf85fa47fc,0,,4.0,0.6,100,0.0,1,0,0
competitive,fault30,A_single_cross_fallback,6db94fb6-4116-44dc-8426-229509a07473,0,,4.0,30.9,100,0.0,1,0,0
competitive,fault30,A_single_cross_fallback,e73e316e-41a7-4f92-a40e-3ae277443d12,0,,4.0,-8.2,100,0.0,1,0,0
competitive,fault30,A_single_cross_fallback,02abaa03-2a3e-4db4-8f6b-fc31acfab880,0,,4.0,44.9,100,0.0,1,0,0
competitive,fault30,A_single_cross_fallback,a0720c04-0ddf-460b-81d7-60d9e6b6e3a1,0,,4.0,183.0,100,0.0,1,0,0
competitive,fault30,A_single_cross_fallback,2ba67b9a-9cf8-466f-81cc-b3cf0e3bec49,0,,4.0,63.0,100,0.0,1,0,0
competitive,fault30,A_single_cross_fallback,9f212b77-e8cb-414c-b2c4-526f48a1f71b,0,,4.0,-45.0,100,0.0,1,0,0
competitive,fault30,A_single_cross_fallback,d97be352-26c2-4c4b-a8ce-459f5a24f124,0,,4.0,-176.1,100,0.0,1,0,0
competitive,fault30,A_single_cross_fallback,6f2a9b75-8907-4c4a-87c8-c2be01797dd5,0,,4.0,123.2,100,0.0,1,0,0
competitive,fault30,A_single_cross_fallback,fedb5ce9-f135-411b-a7e5-931803df369f,0,,4.0,150.0,200,0.0,2,1,1
competitive,fault30,A_single_cross_fallback,c9cc52de-f9a5-4bd5-a45a-86a68e61876f,0,,4.0,-13.8,100,0.0,1,0,0
competitive,fault30,A_single_cross_fallback,dc89a4b7-340e-4d48-96d9-ec9a38e65a0b,0,,4.0,94.67,100,0.0,1,0,0
competitive,fault30,A_single_cross_fallback,7384e0e0-2cbe-432f-9f0f-82ba1d88355b,0,,4.0,34.2,100,0.0,1,0,0
competitive,fault30,A_single_cross_fallback,ee2ad496-6ff0-4ddb-9359-7f90f8155885,0,,4.0,0.97,100,0.0,1,0,0
competitive,fault30,A_single_cross_fallback,e4027313-f6f6-4bb1-afb6-6520943df9a7,0,,4.0,20.46,100,0.0,1,0,0
competitive,fault30,A_single_cross_fallback,79a28339-32a7-42de-80db-fa4b1f2b2cbd,0,,4.0,37.27,100,0.0,1,0,0
competitive,fault30,A_single_cross_fallback,a0284ac1-abb3-4e82-bb8c-409ec89c5a54,0,,4.0,267.0,100,0.0,1,0,0
competitive,fault30,A_single_cross_fallback,b221ecbc-af23-4ad1-8202-0cc9e53b8ad3,0,,4.0,-4.74,100,0.0,1,0,0
competitive,fault30,A_single_cross_fallback,5c96ba61-4efe-4792-83c5-bcd41a037bc9,0,,4.0,2.31,100,0.0,1,0,0
competitive,fault30,A_single_cross_fallback,d03efb78-1b78-4f2f-9e7c-d2889a29acc2,0,,4.0,-66.7,100,0.0,1,0,0
competitive,fault30,A_single_cross_fallback,d61315b1-7c1f-4c6e-8bb4-8042c71671cb,0,,4.0,5.68,100,0.0,1,0,0
competitive,fault30,A_single_cross_fallback,e777ea8c-c353-460e-a724-9c92a8eb6d75,0,,4.0,247.0,200,0.0,2,1,1
competitive,fault30,A_single_cross_fallback,718c9b4f-3907-4a12-b0c0-8bfec4d106ab,0,,4.0,58.0,100,0.0,1,0,0
competitive,fault30,A_single_cross_fallback,ff99e26a-38be-43d5-aff7-10ee224b3612,0,,4.0,426.0,200,0.0,2,1,1
competitive,fault30,A_single_cross_fallback,b9856aea-375e-4bc3-8ecb-8083c22bcba2,0,,4.0,-20.53,100,0.0,1,0,0
competitive,fault30,A_single_cross_fallback,6c76cd11-30f2-4a66-9f13-e99ba2b54946,0,,4.0,-0.4,100,0.0,1,0,0
competitive,fault30,A_single_cross_fallback,0da57c95-2709-4b67-a1be-db6f325fb4e5,0,,4.0,0.4,100,0.0,1,0,0
competitive,fault30,A_single_cross_fallback,629daa0a-eeb0-4c55-854c-b2b93f4b9ae9,0,,4.0,-0.7,200,0.0,2,1,1
competitive,fault30,A_single_cross_fallback,bb2e18cd-6548-47dd-8d73-e6ae2eb71e8e,0,,4.0,0.36,100,0.0,1,0,0
competitive,fault30,A_single_cross_fallback,45061182-d00d-4b3c-ae05-2c6fd5ba5cf2,0,,4.0,-16.0,100,0.0,1,0,0
competitive,fault30,A_single_cross_fallback,2edb8fba-16aa-4c56-8044-03a3f1220737,0,,4.0,2.0,100,0.0,1,0,0
competitive,fault30,A_single_cross_fallback,e8d54320-2dfb-4210-8393-6c56aff55ecc,0,,4.0,0.47,100,0.0,1,0,0
competitive,fault30,A_single_cross_fallback,c4eb5f20-8d18-4d1a-be03-b014e541eab3,0,,4.0,8.8,100,0.0,1,0,0
competitive,fault30,A_single_cross_fallback,0045158d-99c6-4ccb-99d8-8eea8cace339,0,,4.0,-6.1,100,0.0,1,0,0
competitive,fault30,A_single_cross_fallback,0202dbb4-5221-42b7-96b7-5bcb476ffdec,0,,4.0,-12.9,100,0.0,1,0,0
competitive,fault30,A_single_cross_fallback,ba2089ef-6999-4381-b677-a4f2f6af8e8e,0,,4.0,5.0,100,0.0,1,0,0
competitive,fault30,A_single_cross_fallback,94bc4d77-55a8-4cb0-a095-f9d799b3c37b,0,,4.0,10.0,200,0.0,2,1,1
competitive,fault30,A_single_cross_fallback,30f78337-c974-4434-a990-8c33c92a5306,0,,4.0,3.57,100,0.0,1,0,0
competitive,fault30,A_single_cross_fallback,fcaa00dc-f9ec-4f57-a7e1-a7ccaca9202b,0,,4.0,20.45,100,0.0,1,0,0
competitive,fault30,A_single_cross_fallback,854d95f4-d165-4132-8573-34843115ed45,0,,4.0,0.4,100,0.0,1,0,0
competitive,fault30,A_single_cross_fallback,6792fc0a-f8cf-43d8-bc1a-9a11646e7e31,0,,4.0,114.81,100,0.0,1,0,0
competitive,fault30,A_single_cross_fallback,bc009826-d4f1-4c53-9e3c-0e6349e8b527,0,,4.0,-15.38,100,0.0,1,0,0
competitive,fault30,A_single_cross_fallback,2c980685-7c11-412a-afa6-c23725fcedf6,0,,4.0,1.6,100,0.0,1,0,0
competitive,fault30,A_single_cross_fallback,99f1cb28-c0d5-4cda-b50a-a1d7c17b777a,0,,4.0,66.9,100,0.0,1,0,0
competitive,fault30,A_single_cross_fallback,72a4833d-a74d-410c-9311-dad856c7fe26,0,,4.0,11.39,100,0.0,1,0,0
competitive,fault30,A_single_cross_fallback,3828301a-73bd-4540-80d3-43061664f135,0,,4.0,11.0,200,0.0,2,1,1
competitive,fault30,A_single_cross_fallback,46ed6025-c0ae-49d3-8539-a45a1d37ee80,0,,4.0,81.68,100,0.0,1,0,0
competitive,fault30,A_single_cross_fallback,297ae9f3-5ef8-435e-a4e7-e0b97a049904,0,,4.0,0.99,100,0.0,1,0,0
competitive,fault30,A_single_cross_fallback,a38407e1-d341-4825-933e-81c2a559035f,0,,4.0,46.0,100,0.0,1,0,0
competitive,fault30,A_single_cross_fallback,14814a4d-55f8-4fe0-9e13-59ab7a4d485b,0,,4.0,-0.7,100,0.0,1,0,0
competitive,fault10,B_same_model_dag,0f2052a9-2761-4594-8be1-0ecf85fa47fc,0,0,4.0,0.6,400,0.0,4,0,0
competitive,fault10,B_same_model_dag,6db94fb6-4116-44dc-8426-229509a07473,0,0,4.0,30.9,400,0.0,4,0,0
competitive,fault10,B_same_model_dag,e73e316e-41a7-4f92-a40e-3ae277443d12,0,0,4.0,-8.2,400,0.0,4,0,0
competitive,fault10,B_same_model_dag,02abaa03-2a3e-4db4-8f6b-fc31acfab880,0,0,4.0,44.9,400,0.0,4,0,0
competitive,fault10,B_same_model_dag,a0720c04-0ddf-460b-81d7-60d9e6b6e3a1,0,0,4.0,183.0,400,0.0,4,0,0
competitive,fault10,B_same_model_dag,2ba67b9a-9cf8-466f-81cc-b3cf0e3bec49,0,0,4.0,63.0,400,0.0,4,0,0
competitive,fault10,B_same_model_dag,9f212b77-e8cb-414c-b2c4-526f48a1f71b,0,0,4.0,-45.0,400,0.0,4,0,0
competitive,fault10,B_same_model_dag,d97be352-26c2-4c4b-a8ce-459f5a24f124,0,0,4.0,-176.1,400,0.0,4,0,0
competitive,fault10,B_same_model_dag,6f2a9b75-8907-4c4a-87c8-c2be01797dd5,0,0,4.0,123.2,400,0.0,4,0,0
competitive,fault10,B_same_model_dag,fedb5ce9-f135-411b-a7e5-931803df369f,0,0,4.0,150.0,400,0.0,4,0,0
competitive,fault10,B_same_model_dag,c9cc52de-f9a5-4bd5-a45a-86a68e61876f,0,0,4.0,-13.8,400,0.0,4,0,0
competitive,fault10,B_same_model_dag,dc89a4b7-340e-4d48-96d9-ec9a38e65a0b,0,0,4.0,94.67,400,0.0,4,0,0
competitive,fault10,B_same_model_dag,7384e0e0-2cbe-432f-9f0f-82ba1d88355b,0,0,4.0,34.2,400,0.0,4,1,0
competitive,fault10,B_same_model_dag,ee2ad496-6ff0-4ddb-9359-7f90f8155885,0,0,4.0,0.97,400,0.0,4,0,0
competitive,fault10,B_same_model_dag,e4027313-f6f6-4bb1-afb6-6520943df9a7,0,0,4.0,20.46,400,0.0,4,0,0
competitive,fault10,B_same_model_dag,79a28339-32a7-42de-80db-fa4b1f2b2cbd,0,0,4.0,37.27,400,0.0,4,0,0
competitive,fault10,B_same_model_dag,a0284ac1-abb3-4e82-bb8c-409ec89c5a54,0,0,4.0,267.0,400,0.0,4,1,0
competitive,fault10,B_same_model_dag,b221ecbc-af23-4ad1-8202-0cc9e53b8ad3,0,0,4.0,-4.74,400,0.0,4,0,0
competitive,fault10,B_same_model_dag,5c96ba61-4efe-4792-83c5-bcd41a037bc9,0,0,4.0,2.31,400,0.0,4,0,0
competitive,fault10,B_same_model_dag,d03efb78-1b78-4f2f-9e7c-d2889a29acc2,0,0,4.0,-66.7,400,0.0,4,0,0
competitive,fault10,B_same_model_dag,d61315b1-7c1f-4c6e-8bb4-8042c71671cb,0,0,4.0,5.68,400,0.0,4,0,0
competitive,fault10,B_same_model_dag,e777ea8c-c353-460e-a724-9c92a8eb6d75,0,0,4.0,247.0,400,0.0,4,0,0
competitive,fault10,B_same_model_dag,718c9b4f-3907-4a12-b0c0-8bfec4d106ab,0,0,4.0,58.0,400,0.0,4,1,0
competitive,fault10,B_same_model_dag,ff99e26a-38be-43d5-aff7-10ee224b3612,0,0,4.0,426.0,400,0.0,4,0,0
competitive,fault10,B_same_model_dag,b9856aea-375e-4bc3-8ecb-8083c22bcba2,0,0,4.0,-20.53,400,0.0,4,0,0
competitive,fault10,B_same_model_dag,6c76cd11-30f2-4a66-9f13-e99ba2b54946,0,0,4.0,-0.4,400,0.0,4,0,0
competitive,fault10,B_same_model_dag,0da57c95-2709-4b67-a1be-db6f325fb4e5,0,0,4.0,0.4,400,0.0,4,0,0
competitive,fault10,B_same_model_dag,629daa0a-eeb0-4c55-854c-b2b93f4b9ae9,0,0,4.0,-0.7,400,0.0,4,0,0
competitive,fault10,B_same_model_dag,bb2e18cd-6548-47dd-8d73-e6ae2eb71e8e,0,0,4.0,0.36,400,0.0,4,0,0
competitive,fault10,B_same_model_dag,45061182-d00d-4b3c-ae05-2c6fd5ba5cf2,0,0,4.0,-16.0,400,0.0,4,0,0
competitive,fault10,B_same_model_dag,2edb8fba-16aa-4c56-8044-03a3f1220737,0,0,4.0,2.0,400,0.0,4,0,0
competitive,fault10,B_same_model_dag,e8d54320-2dfb-4210-8393-6c56aff55ecc,0,0,4.0,0.47,400,0.0,4,0,0
competitive,fault10,B_same_model_dag,c4eb5f20-8d18-4d1a-be03-b014e541eab3,0,0,4.0,8.8,400,0.0,4,0,0
competitive,fault10,B_same_model_dag,0045158d-99c6-4ccb-99d8-8eea8cace339,0,0,4.0,-6.1,400,0.0,4,0,0
competitive,fault10,B_same_model_dag,0202dbb4-5221-42b7-96b7-5bcb476ffdec,0,0,4.0,-12.9,400,0.0,4,1,0
competitive,fault10,B_same_model_dag,ba2089ef-6999-4381-b677-a4f2f6af8e8e,0,0,4.0,5.0,400,0.0,4,0,0
competitive,fault10,B_same_model_dag,94bc4d77-55a8-4cb0-a095-f9d799b3c37b,0,0,4.0,10.0,400,0.0,4,0,0
competitive,fault10,B_same_model_dag,30f78337-c974-4434-a990-8c33c92a5306,0,0,4.0,3.57,400,0.0,4,0,0
competitive,fault10,B_same_model_dag,fcaa00dc-f9ec-4f57-a7e1-a7ccaca9202b,0,0,4.0,20.45,400,0.0,4,0,0
competitive,fault10,B_same_model_dag,854d95f4-d165-4132-8573-34843115ed45,0,0,4.0,0.4,400,0.0,4,0,0
competitive,fault10,B_same_model_dag,6792fc0a-f8cf-43d8-bc1a-9a11646e7e31,0,0,4.0,114.81,400,0.0,4,0,0
competitive,fault10,B_same_model_dag,bc009826-d4f1-4c53-9e3c-0e6349e8b527,0,0,4.0,-15.38,400,0.0,4,0,0
competitive,fault10,B_same_model_dag,2c980685-7c11-412a-afa6-c23725fcedf6,0,0,4.0,1.6,400,0.0,4,0,0
competitive,fault10,B_same_model_dag,99f1cb28-c0d5-4cda-b50a-a1d7c17b777a,0,0,4.0,66.9,400,0.0,4,0,0
competitive,fault10,B_same_model_dag,72a4833d-a74d-410c-9311-dad856c7fe26,0,0,4.0,11.39,400,0.0,4,0,0
competitive,fault10,B_same_model_dag,3828301a-73bd-4540-80d3-43061664f135,0,0,4.0,11.0,400,0.0,4,0,0
competitive,fault10,B_same_model_dag,46ed6025-c0ae-49d3-8539-a45a1d37ee80,0,0,4.0,81.68,400,0.0,4,0,0
competitive,fault10,B_same_model_dag,297ae9f3-5ef8-435e-a4e7-e0b97a049904,0,0,4.0,0.99,400,0.0,4,0,0
competitive,fault10,B_same_model_dag,a38407e1-d341-4825-933e-81c2a559035f,0,0,4.0,46.0,400,0.0,4,0,0
competitive,fault10,B_same_model_dag,14814a4d-55f8-4fe0-9e13-59ab7a4d485b,0,0,4.0,-0.7,400,0.0,4,1,0
competitive,fault20,B_same_model_dag,0f2052a9-2761-4594-8be1-0ecf85fa47fc,0,0,4.0,0.6,400,0.0,4,0,0
competitive,fault20,B_same_model_dag,6db94fb6-4116-44dc-8426-229509a07473,0,0,4.0,30.9,400,0.0,4,1,0
competitive,fault20,B_same_model_dag,e73e316e-41a7-4f92-a40e-3ae277443d12,0,0,4.0,-8.2,400,0.0,4,0,0
competitive,fault20,B_same_model_dag,02abaa03-2a3e-4db4-8f6b-fc31acfab880,0,0,4.0,44.9,400,0.0,4,1,0
competitive,fault20,B_same_model_dag,a0720c04-0ddf-460b-81d7-60d9e6b6e3a1,0,0,4.0,183.0,400,0.0,4,1,1
competitive,fault20,B_same_model_dag,2ba67b9a-9cf8-466f-81cc-b3cf0e3bec49,0,0,4.0,63.0,400,0.0,4,0,0
competitive,fault20,B_same_model_dag,9f212b77-e8cb-414c-b2c4-526f48a1f71b,0,0,4.0,-45.0,400,0.0,4,0,0
competitive,fault20,B_same_model_dag,d97be352-26c2-4c4b-a8ce-459f5a24f124,0,0,4.0,-176.1,400,0.0,4,0,0
competitive,fault20,B_same_model_dag,6f2a9b75-8907-4c4a-87c8-c2be01797dd5,0,0,4.0,123.2,400,0.0,4,0,0
competitive,fault20,B_same_model_dag,fedb5ce9-f135-411b-a7e5-931803df369f,0,0,4.0,150.0,400,0.0,4,0,0
competitive,fault20,B_same_model_dag,c9cc52de-f9a5-4bd5-a45a-86a68e61876f,0,0,4.0,-13.8,400,0.0,4,0,0
competitive,fault20,B_same_model_dag,dc89a4b7-340e-4d48-96d9-ec9a38e65a0b,0,0,4.0,94.67,400,0.0,4,1,1
competitive,fault20,B_same_model_dag,7384e0e0-2cbe-432f-9f0f-82ba1d88355b,0,0,4.0,34.2,400,0.0,4,1,1
competitive,fault20,B_same_model_dag,ee2ad496-6ff0-4ddb-9359-7f90f8155885,0,0,4.0,0.97,400,0.0,4,0,0
competitive,fault20,B_same_model_dag,e4027313-f6f6-4bb1-afb6-6520943df9a7,0,0,4.0,20.46,400,0.0,4,0,0
competitive,fault20,B_same_model_dag,79a28339-32a7-42de-80db-fa4b1f2b2cbd,0,0,4.0,37.27,400,0.0,4,0,0
competitive,fault20,B_same_model_dag,a0284ac1-abb3-4e82-bb8c-409ec89c5a54,0,0,4.0,267.0,400,0.0,4,0,0
competitive,fault20,B_same_model_dag,b221ecbc-af23-4ad1-8202-0cc9e53b8ad3,0,0,4.0,-4.74,400,0.0,4,0,0
competitive,fault20,B_same_model_dag,5c96ba61-4efe-4792-83c5-bcd41a037bc9,0,0,4.0,2.31,400,0.0,4,0,0
competitive,fault20,B_same_model_dag,d03efb78-1b78-4f2f-9e7c-d2889a29acc2,0,0,4.0,-66.7,400,0.0,4,1,0
competitive,fault20,B_same_model_dag,d61315b1-7c1f-4c6e-8bb4-8042c71671cb,0,0,4.0,5.68,400,0.0,4,0,0
competitive,fault20,B_same_model_dag,e777ea8c-c353-460e-a724-9c92a8eb6d75,0,0,4.0,247.0,400,0.0,4,0,0
competitive,fault20,B_same_model_dag,718c9b4f-3907-4a12-b0c0-8bfec4d106ab,0,0,4.0,58.0,400,0.0,4,0,0
competitive,fault20,B_same_model_dag,ff99e26a-38be-43d5-aff7-10ee224b3612,0,0,4.0,426.0,400,0.0,4,0,0
competitive,fault20,B_same_model_dag,b9856aea-375e-4bc3-8ecb-8083c22bcba2,0,0,4.0,-20.53,400,0.0,4,0,0
competitive,fault20,B_same_model_dag,6c76cd11-30f2-4a66-9f13-e99ba2b54946,0,0,4.0,-0.4,400,0.0,4,0,0
competitive,fault20,B_same_model_dag,0da57c95-2709-4b67-a1be-db6f325fb4e5,0,0,4.0,0.4,400,0.0,4,0,0
competitive,fault20,B_same_model_dag,629daa0a-eeb0-4c55-854c-b2b93f4b9ae9,0,0,4.0,-0.7,400,0.0,4,0,0
competitive,fault20,B_same_model_dag,bb2e18cd-6548-47dd-8d73-e6ae2eb71e8e,0,0,4.0,0.36,400,0.0,4,0,0
competitive,fault20,B_same_model_dag,45061182-d00d-4b3c-ae05-2c6fd5ba5cf2,0,0,4.0,-16.0,400,0.0,4,0,0
competitive,fault20,B_same_model_dag,2edb8fba-16aa-4c56-8044-03a3f1220737,0,0,4.0,2.0,400,0.0,4,0,0
competitive,fault20,B_same_model_dag,e8d54320-2dfb-4210-8393-6c56aff55ecc,0,0,4.0,0.47,400,0.0,4,0,0
competitive,fault20,B_same_model_dag,c4eb5f20-8d18-4d1a-be03-b014e541eab3,0,0,4.0,8.8,400,0.0,4,0,0
competitive,fault20,B_same_model_dag,0045158d-99c6-4ccb-99d8-8eea8cace339,0,0,4.0,-6.1,400,0.0,4,1,0
competitive,fault20,B_same_model_dag,0202dbb4-5221-42b7-96b7-5bcb476ffdec,0,0,4.0,-12.9,400,0.0,4,0,0
competitive,fault20,B_same_model_dag,ba2089ef-6999-4381-b677-a4f2f6af8e8e,0,0,4.0,5.0,400,0.0,4,0,0
competitive,fault20,B_same_model_dag,94bc4d77-55a8-4cb0-a095-f9d799b3c37b,0,0,4.0,10.0,400,0.0,4,0,0
competitive,fault20,B_same_model_dag,30f78337-c974-4434-a990-8c33c92a5306,0,0,4.0,3.57,400,0.0,4,1,0
competitive,fault20,B_same_model_dag,fcaa00dc-f9ec-4f57-a7e1-a7ccaca9202b,0,0,4.0,20.45,400,0.0,4,0,0
competitive,fault20,B_same_model_dag,854d95f4-d165-4132-8573-34843115ed45,0,0,4.0,0.4,400,0.0,4,0,0
competitive,fault20,B_same_model_dag,6792fc0a-f8cf-43d8-bc1a-9a11646e7e31,0,0,4.0,114.81,400,0.0,4,0,0
competitive,fault20,B_same_model_dag,bc009826-d4f1-4c53-9e3c-0e6349e8b527,0,0,4.0,-15.38,400,0.0,4,1,1
competitive,fault20,B_same_model_dag,2c980685-7c11-412a-afa6-c23725fcedf6,0,0,4.0,1.6,400,0.0,4,0,0
competitive,fault20,B_same_model_dag,99f1cb28-c0d5-4cda-b50a-a1d7c17b777a,0,0,4.0,66.9,400,0.0,4,0,0
competitive,fault20,B_same_model_dag,72a4833d-a74d-410c-9311-dad856c7fe26,0,0,4.0,11.39,400,0.0,4,0,0
competitive,fault20,B_same_model_dag,3828301a-73bd-4540-80d3-43061664f135,0,0,4.0,11.0,400,0.0,4,0,0
competitive,fault20,B_same_model_dag,46ed6025-c0ae-49d3-8539-a45a1d37ee80,0,0,4.0,81.68,400,0.0,4,1,1
competitive,fault20,B_same_model_dag,297ae9f3-5ef8-435e-a4e7-e0b97a049904,0,0,4.0,0.99,400,0.0,4,0,0
competitive,fault20,B_same_model_dag,a38407e1-d341-4825-933e-81c2a559035f,0,0,4.0,46.0,400,0.0,4,0,0
competitive,fault20,B_same_model_dag,14814a4d-55f8-4fe0-9e13-59ab7a4d485b,0,0,4.0,-0.7,400,0.0,4,0,0
competitive,fault30,B_same_model_dag,0f2052a9-2761-4594-8be1-0ecf85fa47fc,0,0,4.0,0.6,400,0.0,4,0,0
competitive,fault30,B_same_model_dag,6db94fb6-4116-44dc-8426-229509a07473,0,0,4.0,30.9,400,0.0,4,0,0
competitive,fault30,B_same_model_dag,e73e316e-41a7-4f92-a40e-3ae277443d12,0,0,4.0,-8.2,400,0.0,4,0,0
competitive,fault30,B_same_model_dag,02abaa03-2a3e-4db4-8f6b-fc31acfab880,0,0,4.0,44.9,400,0.0,4,1,1
competitive,fault30,B_same_model_dag,a0720c04-0ddf-460b-81d7-60d9e6b6e3a1,0,0,4.0,183.0,400,0.0,4,1,1
competitive,fault30,B_same_model_dag,2ba67b9a-9cf8-466f-81cc-b3cf0e3bec49,0,0,4.0,63.0,400,0.0,4,0,0
competitive,fault30,B_same_model_dag,9f212b77-e8cb-414c-b2c4-526f48a1f71b,0,0,4.0,-45.0,400,0.0,4,0,0
competitive,fault30,B_same_model_dag,d97be352-26c2-4c4b-a8ce-459f5a24f124,0,0,4.0,-176.1,400,0.0,4,0,0
competitive,fault30,B_same_model_dag,6f2a9b75-8907-4c4a-87c8-c2be01797dd5,0,0,4.0,123.2,400,0.0,4,1,0
competitive,fault30,B_same_model_dag,fedb5ce9-f135-411b-a7e5-931803df369f,0,0,4.0,150.0,400,0.0,4,1,0
competitive,fault30,B_same_model_dag,c9cc52de-f9a5-4bd5-a45a-86a68e61876f,0,0,4.0,-13.8,400,0.0,4,0,0
competitive,fault30,B_same_model_dag,dc89a4b7-340e-4d48-96d9-ec9a38e65a0b,0,0,4.0,94.67,400,0.0,4,0,0
competitive,fault30,B_same_model_dag,7384e0e0-2cbe-432f-9f0f-82ba1d88355b,0,0,4.0,34.2,400,0.0,4,1,0
competitive,fault30,B_same_model_dag,ee2ad496-6ff0-4ddb-9359-7f90f8155885,0,0,4.0,0.97,400,0.0,4,0,0
competitive,fault30,B_same_model_dag,e4027313-f6f6-4bb1-afb6-6520943df9a7,0,0,4.0,20.46,400,0.0,4,1,0
competitive,fault30,B_same_model_dag,79a28339-32a7-42de-80db-fa4b1f2b2cbd,0,0,4.0,37.27,400,0.0,4,0,0
competitive,fault30,B_same_model_dag,a0284ac1-abb3-4e82-bb8c-409ec89c5a54,0,0,4.0,267.0,400,0.0,4,0,0
competitive,fault30,B_same_model_dag,b221ecbc-af23-4ad1-8202-0cc9e53b8ad3,0,0,4.0,-4.74,400,0.0,4,0,0
competitive,fault30,B_same_model_dag,5c96ba61-4efe-4792-83c5-bcd41a037bc9,0,0,4.0,2.31,400,0.0,4,0,0
competitive,fault30,B_same_model_dag,d03efb78-1b78-4f2f-9e7c-d2889a29acc2,0,0,4.0,-66.7,400,0.0,4,0,0
competitive,fault30,B_same_model_dag,d61315b1-7c1f-4c6e-8bb4-8042c71671cb,0,0,4.0,5.68,400,0.0,4,0,0
competitive,fault30,B_same_model_dag,e777ea8c-c353-460e-a724-9c92a8eb6d75,0,0,4.0,247.0,400,0.0,4,1,0
competitive,fault30,B_same_model_dag,718c9b4f-3907-4a12-b0c0-8bfec4d106ab,0,0,4.0,58.0,400,0.0,4,0,0
competitive,fault30,B_same_model_dag,ff99e26a-38be-43d5-aff7-10ee224b3612,0,0,4.0,426.0,400,0.0,4,1,0
competitive,fault30,B_same_model_dag,b9856aea-375e-4bc3-8ecb-8083c22bcba2,0,0,4.0,-20.53,400,0.0,4,1,1
competitive,fault30,B_same_model_dag,6c76cd11-30f2-4a66-9f13-e99ba2b54946,0,0,4.0,-0.4,400,0.0,4,0,0
competitive,fault30,B_same_model_dag,0da57c95-2709-4b67-a1be-db6f325fb4e5,0,0,4.0,0.4,400,0.0,4,1,0
competitive,fault30,B_same_model_dag,629daa0a-eeb0-4c55-854c-b2b93f4b9ae9,0,0,4.0,-0.7,400,0.0,4,1,0
competitive,fault30,B_same_model_dag,bb2e18cd-6548-47dd-8d73-e6ae2eb71e8e,0,0,4.0,0.36,400,0.0,4,1,1
competitive,fault30,B_same_model_dag,45061182-d00d-4b3c-ae05-2c6fd5ba5cf2,0,0,4.0,-16.0,400,0.0,4,0,0
competitive,fault30,B_same_model_dag,2edb8fba-16aa-4c56-8044-03a3f1220737,0,0,4.0,2.0,400,0.0,4,0,0
competitive,fault30,B_same_model_dag,e8d54320-2dfb-4210-8393-6c56aff55ecc,0,0,4.0,0.47,400,0.0,4,0,0
competitive,fault30,B_same_model_dag,c4eb5f20-8d18-4d1a-be03-b014e541eab3,0,0,4.0,8.8,400,0.0,4,0,0
competitive,fault30,B_same_model_dag,0045158d-99c6-4ccb-99d8-8eea8cace339,0,0,4.0,-6.1,400,0.0,4,0,0
competitive,fault30,B_same_model_dag,0202dbb4-5221-42b7-96b7-5bcb476ffdec,0,0,4.0,-12.9,400,0.0,4,0,0
competitive,fault30,B_same_model_dag,ba2089ef-6999-4381-b677-a4f2f6af8e8e,0,0,4.0,5.0,400,0.0,4,0,0
competitive,fault30,B_same_model_dag,94bc4d77-55a8-4cb0-a095-f9d799b3c37b,0,0,4.0,10.0,400,0.0,4,1,0
competitive,fault30,B_same_model_dag,30f78337-c974-4434-a990-8c33c92a5306,0,0,4.0,3.57,400,0.0,4,0,0
competitive,fault30,B_same_model_dag,fcaa00dc-f9ec-4f57-a7e1-a7ccaca9202b,0,0,4.0,20.45,400,0.0,4,0,0
competitive,fault30,B_same_model_dag,854d95f4-d165-4132-8573-34843115ed45,0,0,4.0,0.4,400,0.0,4,0,0
competitive,fault30,B_same_model_dag,6792fc0a-f8cf-43d8-bc1a-9a11646e7e31,0,0,4.0,114.81,400,0.0,4,0,0
competitive,fault30,B_same_model_dag,bc009826-d4f1-4c53-9e3c-0e6349e8b527,0,0,4.0,-15.38,400,0.0,4,0,0
competitive,fault30,B_same_model_dag,2c980685-7c11-412a-afa6-c23725fcedf6,0,0,4.0,1.6,400,0.0,4,0,0
competitive,fault30,B_same_model_dag,99f1cb28-c0d5-4cda-b50a-a1d7c17b777a,0,0,4.0,66.9,400,0.0,4,1,0
competitive,fault30,B_same_model_dag,72a4833d-a74d-410c-9311-dad856c7fe26,0,0,4.0,11.39,400,0.0,4,0,0
competitive,fault30,B_same_model_dag,3828301a-73bd-4540-80d3-43061664f135,0,0,4.0,11.0,400,0.0,4,1,0
competitive,fault30,B_same_model_dag,46ed6025-c0ae-49d3-8539-a45a1d37ee80,0,0,4.0,81.68,400,0.0,4,0,0
competitive,fault30,B_same_model_dag,297ae9f3-5ef8-435e-a4e7-e0b97a049904,0,0,4.0,0.99,400,0.0,4,0,0
competitive,fault30,B_same_model_dag,a38407e1-d341-4825-933e-81c2a559035f,0,0,4.0,46.0,400,0.0,4,0,0
competitive,fault30,B_same_model_dag,14814a4d-55f8-4fe0-9e13-59ab7a4d485b,0,0,4.0,-0.7,400,0.0,4,0,0
competitive,fault10,C_static_hetero,0f2052a9-2761-4594-8be1-0ecf85fa47fc,0,0,4.0,0.6,400,0.0,4,0,0
competitive,fault10,C_static_hetero,6db94fb6-4116-44dc-8426-229509a07473,0,0,4.0,30.9,400,0.0,4,0,0
competitive,fault10,C_static_hetero,e73e316e-41a7-4f92-a40e-3ae277443d12,0,0,4.0,-8.2,400,0.0,4,0,0
competitive,fault10,C_static_hetero,02abaa03-2a3e-4db4-8f6b-fc31acfab880,0,0,4.0,44.9,400,0.0,4,0,0
competitive,fault10,C_static_hetero,a0720c04-0ddf-460b-81d7-60d9e6b6e3a1,0,0,4.0,183.0,400,0.0,4,0,0
competitive,fault10,C_static_hetero,2ba67b9a-9cf8-466f-81cc-b3cf0e3bec49,0,0,4.0,63.0,400,0.0,4,0,0
competitive,fault10,C_static_hetero,9f212b77-e8cb-414c-b2c4-526f48a1f71b,0,0,4.0,-45.0,400,0.0,4,0,0
competitive,fault10,C_static_hetero,d97be352-26c2-4c4b-a8ce-459f5a24f124,0,0,4.0,-176.1,400,0.0,4,0,0
competitive,fault10,C_static_hetero,6f2a9b75-8907-4c4a-87c8-c2be01797dd5,0,0,4.0,123.2,400,0.0,4,0,0
competitive,fault10,C_static_hetero,fedb5ce9-f135-411b-a7e5-931803df369f,0,0,4.0,150.0,400,0.0,4,0,0
competitive,fault10,C_static_hetero,c9cc52de-f9a5-4bd5-a45a-86a68e61876f,0,0,4.0,-13.8,400,0.0,4,0,0
competitive,fault10,C_static_hetero,dc89a4b7-340e-4d48-96d9-ec9a38e65a0b,0,0,4.0,94.67,400,0.0,4,0,0
competitive,fault10,C_static_hetero,7384e0e0-2cbe-432f-9f0f-82ba1d88355b,0,0,4.0,34.2,400,0.0,4,1,1
competitive,fault10,C_static_hetero,ee2ad496-6ff0-4ddb-9359-7f90f8155885,0,0,4.0,0.97,400,0.0,4,0,0
competitive,fault10,C_static_hetero,e4027313-f6f6-4bb1-afb6-6520943df9a7,0,0,4.0,20.46,400,0.0,4,0,0
competitive,fault10,C_static_hetero,79a28339-32a7-42de-80db-fa4b1f2b2cbd,0,0,4.0,37.27,400,0.0,4,0,0
competitive,fault10,C_static_hetero,a0284ac1-abb3-4e82-bb8c-409ec89c5a54,0,0,4.0,267.0,400,0.0,4,1,0
competitive,fault10,C_static_hetero,b221ecbc-af23-4ad1-8202-0cc9e53b8ad3,0,0,4.0,-4.74,400,0.0,4,0,0
competitive,fault10,C_static_hetero,5c96ba61-4efe-4792-83c5-bcd41a037bc9,0,0,4.0,2.31,400,0.0,4,0,0
competitive,fault10,C_static_hetero,d03efb78-1b78-4f2f-9e7c-d2889a29acc2,0,0,4.0,-66.7,400,0.0,4,0,0
competitive,fault10,C_static_hetero,d61315b1-7c1f-4c6e-8bb4-8042c71671cb,0,0,4.0,5.68,400,0.0,4,0,0
competitive,fault10,C_static_hetero,e777ea8c-c353-460e-a724-9c92a8eb6d75,0,0,4.0,247.0,400,0.0,4,0,0
competitive,fault10,C_static_hetero,718c9b4f-3907-4a12-b0c0-8bfec4d106ab,0,0,4.0,58.0,400,0.0,4,1,0
competitive,fault10,C_static_hetero,ff99e26a-38be-43d5-aff7-10ee224b3612,0,0,4.0,426.0,400,0.0,4,0,0
competitive,fault10,C_static_hetero,b9856aea-375e-4bc3-8ecb-8083c22bcba2,0,0,4.0,-20.53,400,0.0,4,0,0
competitive,fault10,C_static_hetero,6c76cd11-30f2-4a66-9f13-e99ba2b54946,0,0,4.0,-0.4,400,0.0,4,0,0
competitive,fault10,C_static_hetero,0da57c95-2709-4b67-a1be-db6f325fb4e5,0,0,4.0,0.4,400,0.0,4,0,0
competitive,fault10,C_static_hetero,629daa0a-eeb0-4c55-854c-b2b93f4b9ae9,0,0,4.0,-0.7,400,0.0,4,0,0
competitive,fault10,C_static_hetero,bb2e18cd-6548-47dd-8d73-e6ae2eb71e8e,0,0,4.0,0.36,400,0.0,4,0,0
competitive,fault10,C_static_hetero,45061182-d00d-4b3c-ae05-2c6fd5ba5cf2,0,0,4.0,-16.0,400,0.0,4,0,0
competitive,fault10,C_static_hetero,2edb8fba-16aa-4c56-8044-03a3f1220737,0,0,4.0,2.0,400,0.0,4,0,0
competitive,fault10,C_static_hetero,e8d54320-2dfb-4210-8393-6c56aff55ecc,0,0,4.0,0.47,400,0.0,4,0,0
competitive,fault10,C_static_hetero,c4eb5f20-8d18-4d1a-be03-b014e541eab3,0,0,4.0,8.8,400,0.0,4,0,0
competitive,fault10,C_static_hetero,0045158d-99c6-4ccb-99d8-8eea8cace339,0,0,4.0,-6.1,400,0.0,4,0,0
competitive,fault10,C_static_hetero,0202dbb4-5221-42b7-96b7-5bcb476ffdec,0,0,4.0,-12.9,400,0.0,4,1,0
competitive,fault10,C_static_hetero,ba2089ef-6999-4381-b677-a4f2f6af8e8e,0,0,4.0,5.0,400,0.0,4,0,0
competitive,fault10,C_static_hetero,94bc4d77-55a8-4cb0-a095-f9d799b3c37b,0,0,4.0,10.0,400,0.0,4,0,0
competitive,fault10,C_static_hetero,30f78337-c974-4434-a990-8c33c92a5306,0,0,4.0,3.57,400,0.0,4,0,0
competitive,fault10,C_static_hetero,fcaa00dc-f9ec-4f57-a7e1-a7ccaca9202b,0,0,4.0,20.45,400,0.0,4,0,0
competitive,fault10,C_static_hetero,854d95f4-d165-4132-8573-34843115ed45,0,0,4.0,0.4,400,0.0,4,0,0
competitive,fault10,C_static_hetero,6792fc0a-f8cf-43d8-bc1a-9a11646e7e31,0,0,4.0,114.81,400,0.0,4,0,0
competitive,fault10,C_static_hetero,bc009826-d4f1-4c53-9e3c-0e6349e8b527,0,0,4.0,-15.38,400,0.0,4,0,0
competitive,fault10,C_static_hetero,2c980685-7c11-412a-afa6-c23725fcedf6,0,0,4.0,1.6,400,0.0,4,0,0
competitive,fault10,C_static_hetero,99f1cb28-c0d5-4cda-b50a-a1d7c17b777a,0,0,4.0,66.9,400,0.0,4,0,0
competitive,fault10,C_static_hetero,72a4833d-a74d-410c-9311-dad856c7fe26,0,0,4.0,11.39,400,0.0,4,0,0
competitive,fault10,C_static_hetero,3828301a-73bd-4540-80d3-43061664f135,0,0,4.0,11.0,400,0.0,4,0,0
competitive,fault10,C_static_hetero,46ed6025-c0ae-49d3-8539-a45a1d37ee80,0,0,4.0,81.68,400,0.0,4,0,0
competitive,fault10,C_static_hetero,297ae9f3-5ef8-435e-a4e7-e0b97a049904,0,0,4.0,0.99,400,0.0,4,0,0
competitive,fault10,C_static_hetero,a38407e1-d341-4825-933e-81c2a559035f,0,0,4.0,46.0,400,0.0,4,0,0
competitive,fault10,C_static_hetero,14814a4d-55f8-4fe0-9e13-59ab7a4d485b,0,0,,-0.7,400,0.0,4,1,1
competitive,fault20,C_static_hetero,0f2052a9-2761-4594-8be1-0ecf85fa47fc,0,0,4.0,0.6,400,0.0,4,0,0
competitive,fault20,C_static_hetero,6db94fb6-4116-44dc-8426-229509a07473,0,0,4.0,30.9,400,0.0,4,1,1
competitive,fault20,C_static_hetero,e73e316e-41a7-4f92-a40e-3ae277443d12,0,0,4.0,-8.2,400,0.0,4,0,0
competitive,fault20,C_static_hetero,02abaa03-2a3e-4db4-8f6b-fc31acfab880,0,0,,44.9,400,0.0,4,1,1
competitive,fault20,C_static_hetero,a0720c04-0ddf-460b-81d7-60d9e6b6e3a1,0,0,4.0,183.0,400,0.0,4,1,1
competitive,fault20,C_static_hetero,2ba67b9a-9cf8-466f-81cc-b3cf0e3bec49,0,0,4.0,63.0,400,0.0,4,0,0
competitive,fault20,C_static_hetero,9f212b77-e8cb-414c-b2c4-526f48a1f71b,0,0,4.0,-45.0,400,0.0,4,0,0
competitive,fault20,C_static_hetero,d97be352-26c2-4c4b-a8ce-459f5a24f124,0,0,4.0,-176.1,400,0.0,4,0,0
competitive,fault20,C_static_hetero,6f2a9b75-8907-4c4a-87c8-c2be01797dd5,0,0,4.0,123.2,400,0.0,4,0,0
competitive,fault20,C_static_hetero,fedb5ce9-f135-411b-a7e5-931803df369f,0,0,4.0,150.0,400,0.0,4,0,0
competitive,fault20,C_static_hetero,c9cc52de-f9a5-4bd5-a45a-86a68e61876f,0,0,4.0,-13.8,400,0.0,4,0,0
competitive,fault20,C_static_hetero,dc89a4b7-340e-4d48-96d9-ec9a38e65a0b,0,0,4.0,94.67,400,0.0,4,1,1
competitive,fault20,C_static_hetero,7384e0e0-2cbe-432f-9f0f-82ba1d88355b,0,0,4.0,34.2,400,0.0,4,1,1
competitive,fault20,C_static_hetero,ee2ad496-6ff0-4ddb-9359-7f90f8155885,0,0,4.0,0.97,400,0.0,4,0,0
competitive,fault20,C_static_hetero,e4027313-f6f6-4bb1-afb6-6520943df9a7,0,0,4.0,20.46,400,0.0,4,0,0
competitive,fault20,C_static_hetero,79a28339-32a7-42de-80db-fa4b1f2b2cbd,0,0,4.0,37.27,400,0.0,4,0,0
competitive,fault20,C_static_hetero,a0284ac1-abb3-4e82-bb8c-409ec89c5a54,0,0,4.0,267.0,400,0.0,4,0,0
competitive,fault20,C_static_hetero,b221ecbc-af23-4ad1-8202-0cc9e53b8ad3,0,0,4.0,-4.74,400,0.0,4,0,0
competitive,fault20,C_static_hetero,5c96ba61-4efe-4792-83c5-bcd41a037bc9,0,0,4.0,2.31,400,0.0,4,0,0
competitive,fault20,C_static_hetero,d03efb78-1b78-4f2f-9e7c-d2889a29acc2,0,0,4.0,-66.7,400,0.0,4,1,0
competitive,fault20,C_static_hetero,d61315b1-7c1f-4c6e-8bb4-8042c71671cb,0,0,4.0,5.68,400,0.0,4,0,0
competitive,fault20,C_static_hetero,e777ea8c-c353-460e-a724-9c92a8eb6d75,0,0,4.0,247.0,400,0.0,4,0,0
competitive,fault20,C_static_hetero,718c9b4f-3907-4a12-b0c0-8bfec4d106ab,0,0,4.0,58.0,400,0.0,4,0,0
competitive,fault20,C_static_hetero,ff99e26a-38be-43d5-aff7-10ee224b3612,0,0,4.0,426.0,400,0.0,4,0,0
competitive,fault20,C_static_hetero,b9856aea-375e-4bc3-8ecb-8083c22bcba2,0,0,4.0,-20.53,400,0.0,4,0,0
competitive,fault20,C_static_hetero,6c76cd11-30f2-4a66-9f13-e99ba2b54946,0,0,4.0,-0.4,400,0.0,4,0,0
competitive,fault20,C_static_hetero,0da57c95-2709-4b67-a1be-db6f325fb4e5,0,0,4.0,0.4,400,0.0,4,0,0
competitive,fault20,C_static_hetero,629daa0a-eeb0-4c55-854c-b2b93f4b9ae9,0,0,4.0,-0.7,400,0.0,4,0,0
competitive,fault20,C_static_hetero,bb2e18cd-6548-47dd-8d73-e6ae2eb71e8e,0,0,4.0,0.36,400,0.0,4,0,0
competitive,fault20,C_static_hetero,45061182-d00d-4b3c-ae05-2c6fd5ba5cf2,0,0,4.0,-16.0,400,0.0,4,0,0
competitive,fault20,C_static_hetero,2edb8fba-16aa-4c56-8044-03a3f1220737,0,0,4.0,2.0,400,0.0,4,0,0
competitive,fault20,C_static_hetero,e8d54320-2dfb-4210-8393-6c56aff55ecc,0,0,4.0,0.47,400,0.0,4,0,0
competitive,fault20,C_static_hetero,c4eb5f20-8d18-4d1a-be03-b014e541eab3,0,0,4.0,8.8,400,0.0,4,0,0
competitive,fault20,C_static_hetero,0045158d-99c6-4ccb-99d8-8eea8cace339,0,0,4.0,-6.1,400,0.0,4,1,0
competitive,fault20,C_static_hetero,0202dbb4-5221-42b7-96b7-5bcb476ffdec,0,0,4.0,-12.9,400,0.0,4,0,0
competitive,fault20,C_static_hetero,ba2089ef-6999-4381-b677-a4f2f6af8e8e,0,0,4.0,5.0,400,0.0,4,0,0
competitive,fault20,C_static_hetero,94bc4d77-55a8-4cb0-a095-f9d799b3c37b,0,0,4.0,10.0,400,0.0,4,0,0
competitive,fault20,C_static_hetero,30f78337-c974-4434-a990-8c33c92a5306,0,0,4.0,3.57,400,0.0,4,1,0
competitive,fault20,C_static_hetero,fcaa00dc-f9ec-4f57-a7e1-a7ccaca9202b,0,0,4.0,20.45,400,0.0,4,0,0
competitive,fault20,C_static_hetero,854d95f4-d165-4132-8573-34843115ed45,0,0,4.0,0.4,400,0.0,4,0,0
competitive,fault20,C_static_hetero,6792fc0a-f8cf-43d8-bc1a-9a11646e7e31,0,0,4.0,114.81,400,0.0,4,0,0
competitive,fault20,C_static_hetero,bc009826-d4f1-4c53-9e3c-0e6349e8b527,0,0,4.0,-15.38,400,0.0,4,1,1
competitive,fault20,C_static_hetero,2c980685-7c11-412a-afa6-c23725fcedf6,0,0,4.0,1.6,400,0.0,4,0,0
competitive,fault20,C_static_hetero,99f1cb28-c0d5-4cda-b50a-a1d7c17b777a,0,0,4.0,66.9,400,0.0,4,0,0
competitive,fault20,C_static_hetero,72a4833d-a74d-410c-9311-dad856c7fe26,0,0,4.0,11.39,400,0.0,4,0,0
competitive,fault20,C_static_hetero,3828301a-73bd-4540-80d3-43061664f135,0,0,4.0,11.0,400,0.0,4,0,0
competitive,fault20,C_static_hetero,46ed6025-c0ae-49d3-8539-a45a1d37ee80,0,0,4.0,81.68,400,0.0,4,1,1
competitive,fault20,C_static_hetero,297ae9f3-5ef8-435e-a4e7-e0b97a049904,0,0,4.0,0.99,400,0.0,4,0,0
competitive,fault20,C_static_hetero,a38407e1-d341-4825-933e-81c2a559035f,0,0,4.0,46.0,400,0.0,4,0,0
competitive,fault20,C_static_hetero,14814a4d-55f8-4fe0-9e13-59ab7a4d485b,0,0,4.0,-0.7,400,0.0,4,0,0
competitive,fault30,C_static_hetero,0f2052a9-2761-4594-8be1-0ecf85fa47fc,0,0,4.0,0.6,400,0.0,4,0,0
competitive,fault30,C_static_hetero,6db94fb6-4116-44dc-8426-229509a07473,0,0,4.0,30.9,400,0.0,4,0,0
competitive,fault30,C_static_hetero,e73e316e-41a7-4f92-a40e-3ae277443d12,0,0,4.0,-8.2,400,0.0,4,0,0
competitive,fault30,C_static_hetero,02abaa03-2a3e-4db4-8f6b-fc31acfab880,0,0,4.0,44.9,400,0.0,4,1,1
competitive,fault30,C_static_hetero,a0720c04-0ddf-460b-81d7-60d9e6b6e3a1,0,0,4.0,183.0,400,0.0,4,1,1
competitive,fault30,C_static_hetero,2ba67b9a-9cf8-466f-81cc-b3cf0e3bec49,0,0,4.0,63.0,400,0.0,4,0,0
competitive,fault30,C_static_hetero,9f212b77-e8cb-414c-b2c4-526f48a1f71b,0,0,4.0,-45.0,400,0.0,4,0,0
competitive,fault30,C_static_hetero,d97be352-26c2-4c4b-a8ce-459f5a24f124,0,0,4.0,-176.1,400,0.0,4,0,0
competitive,fault30,C_static_hetero,6f2a9b75-8907-4c4a-87c8-c2be01797dd5,0,0,4.0,123.2,400,0.0,4,1,1
competitive,fault30,C_static_hetero,fedb5ce9-f135-411b-a7e5-931803df369f,0,0,4.0,150.0,400,0.0,4,1,0
competitive,fault30,C_static_hetero,c9cc52de-f9a5-4bd5-a45a-86a68e61876f,0,0,4.0,-13.8,400,0.0,4,0,0
competitive,fault30,C_static_hetero,dc89a4b7-340e-4d48-96d9-ec9a38e65a0b,0,0,4.0,94.67,400,0.0,4,0,0
competitive,fault30,C_static_hetero,7384e0e0-2cbe-432f-9f0f-82ba1d88355b,0,0,,34.2,400,0.0,4,1,1
competitive,fault30,C_static_hetero,ee2ad496-6ff0-4ddb-9359-7f90f8155885,0,0,4.0,0.97,400,0.0,4,0,0
competitive,fault30,C_static_hetero,e4027313-f6f6-4bb1-afb6-6520943df9a7,0,0,4.0,20.46,400,0.0,4,1,1
competitive,fault30,C_static_hetero,79a28339-32a7-42de-80db-fa4b1f2b2cbd,0,0,4.0,37.27,400,0.0,4,0,0
competitive,fault30,C_static_hetero,a0284ac1-abb3-4e82-bb8c-409ec89c5a54,0,0,4.0,267.0,400,0.0,4,0,0
competitive,fault30,C_static_hetero,b221ecbc-af23-4ad1-8202-0cc9e53b8ad3,0,0,4.0,-4.74,400,0.0,4,0,0
competitive,fault30,C_static_hetero,5c96ba61-4efe-4792-83c5-bcd41a037bc9,0,0,4.0,2.31,400,0.0,4,0,0
competitive,fault30,C_static_hetero,d03efb78-1b78-4f2f-9e7c-d2889a29acc2,0,0,4.0,-66.7,400,0.0,4,0,0
competitive,fault30,C_static_hetero,d61315b1-7c1f-4c6e-8bb4-8042c71671cb,0,0,4.0,5.68,400,0.0,4,0,0
competitive,fault30,C_static_hetero,e777ea8c-c353-460e-a724-9c92a8eb6d75,0,0,4.0,247.0,400,0.0,4,1,0
competitive,fault30,C_static_hetero,718c9b4f-3907-4a12-b0c0-8bfec4d106ab,0,0,4.0,58.0,400,0.0,4,0,0
competitive,fault30,C_static_hetero,ff99e26a-38be-43d5-aff7-10ee224b3612,0,0,4.0,426.0,400,0.0,4,1,0
competitive,fault30,C_static_hetero,b9856aea-375e-4bc3-8ecb-8083c22bcba2,0,0,4.0,-20.53,400,0.0,4,1,1
competitive,fault30,C_static_hetero,6c76cd11-30f2-4a66-9f13-e99ba2b54946,0,0,4.0,-0.4,400,0.0,4,0,0
competitive,fault30,C_static_hetero,0da57c95-2709-4b67-a1be-db6f325fb4e5,0,0,,0.4,400,0.0,4,1,1
competitive,fault30,C_static_hetero,629daa0a-eeb0-4c55-854c-b2b93f4b9ae9,0,0,4.0,-0.7,400,0.0,4,1,0
competitive,fault30,C_static_hetero,bb2e18cd-6548-47dd-8d73-e6ae2eb71e8e,0,0,4.0,0.36,400,0.0,4,1,1
competitive,fault30,C_static_hetero,45061182-d00d-4b3c-ae05-2c6fd5ba5cf2,0,0,4.0,-16.0,400,0.0,4,0,0
competitive,fault30,C_static_hetero,2edb8fba-16aa-4c56-8044-03a3f1220737,0,0,4.0,2.0,400,0.0,4,0,0
competitive,fault30,C_static_hetero,e8d54320-2dfb-4210-8393-6c56aff55ecc,0,0,4.0,0.47,400,0.0,4,0,0
competitive,fault30,C_static_hetero,c4eb5f20-8d18-4d1a-be03-b014e541eab3,0,0,4.0,8.8,400,0.0,4,0,0
competitive,fault30,C_static_hetero,0045158d-99c6-4ccb-99d8-8eea8cace339,0,0,4.0,-6.1,400,0.0,4,0,0
competitive,fault30,C_static_hetero,0202dbb4-5221-42b7-96b7-5bcb476ffdec,0,0,4.0,-12.9,400,0.0,4,0,0
competitive,fault30,C_static_hetero,ba2089ef-6999-4381-b677-a4f2f6af8e8e,0,0,4.0,5.0,400,0.0,4,0,0
competitive,fault30,C_static_hetero,94bc4d77-55a8-4cb0-a095-f9d799b3c37b,0,0,4.0,10.0,400,0.0,4,1,0
competitive,fault30,C_static_hetero,30f78337-c974-4434-a990-8c33c92a5306,0,0,4.0,3.57,400,0.0,4,0,0
competitive,fault30,C_static_hetero,fcaa00dc-f9ec-4f57-a7e1-a7ccaca9202b,0,0,4.0,20.45,400,0.0,4,0,0
competitive,fault30,C_static_hetero,854d95f4-d165-4132-8573-34843115ed45,0,0,4.0,0.4,400,0.0,4,0,0
competitive,fault30,C_static_hetero,6792fc0a-f8cf-43d8-bc1a-9a11646e7e31,0,0,4.0,114.81,400,0.0,4,0,0
competitive,fault30,C_static_hetero,bc009826-d4f1-4c53-9e3c-0e6349e8b527,0,0,4.0,-15.38,400,0.0,4,0,0
competitive,fault30,C_static_hetero,2c980685-7c11-412a-afa6-c23725fcedf6,0,0,4.0,1.6,400,0.0,4,0,0
competitive,fault30,C_static_hetero,99f1cb28-c0d5-4cda-b50a-a1d7c17b777a,0,0,4.0,66.9,400,0.0,4,1,1
competitive,fault30,C_static_hetero,72a4833d-a74d-410c-9311-dad856c7fe26,0,0,4.0,11.39,400,0.0,4,0,0
competitive,fault30,C_static_hetero,3828301a-73bd-4540-80d3-43061664f135,0,0,4.0,11.0,400,0.0,4,1,0
competitive,fault30,C_static_hetero,46ed6025-c0ae-49d3-8539-a45a1d37ee80,0,0,4.0,81.68,400,0.0,4,0,0
competitive,fault30,C_static_hetero,297ae9f3-5ef8-435e-a4e7-e0b97a049904,0,0,4.0,0.99,400,0.0,4,0,0
competitive,fault30,C_static_hetero,a38407e1-d341-4825-933e-81c2a559035f,0,0,4.0,46.0,400,0.0,4,0,0
competitive,fault30,C_static_hetero,14814a4d-55f8-4fe0-9e13-59ab7a4d485b,0,0,4.0,-0.7,400,0.0,4,0,0
competitive,fault10,D_dynamic_local,0f2052a9-2761-4594-8be1-0ecf85fa47fc,0,0,4.0,0.6,400,0.0,4,0,0
competitive,fault10,D_dynamic_local,6db94fb6-4116-44dc-8426-229509a07473,0,0,4.0,30.9,400,0.0,4,0,0
competitive,fault10,D_dynamic_local,e73e316e-41a7-4f92-a40e-3ae277443d12,0,0,4.0,-8.2,400,0.0,4,0,0
competitive,fault10,D_dynamic_local,02abaa03-2a3e-4db4-8f6b-fc31acfab880,0,0,4.0,44.9,400,0.0,4,0,0
competitive,fault10,D_dynamic_local,a0720c04-0ddf-460b-81d7-60d9e6b6e3a1,0,0,4.0,183.0,400,0.0,4,0,0
competitive,fault10,D_dynamic_local,2ba67b9a-9cf8-466f-81cc-b3cf0e3bec49,0,0,4.0,63.0,400,0.0,4,0,0
competitive,fault10,D_dynamic_local,9f212b77-e8cb-414c-b2c4-526f48a1f71b,0,0,4.0,-45.0,400,0.0,4,0,0
competitive,fault10,D_dynamic_local,d97be352-26c2-4c4b-a8ce-459f5a24f124,0,0,4.0,-176.1,400,0.0,4,0,0
competitive,fault10,D_dynamic_local,6f2a9b75-8907-4c4a-87c8-c2be01797dd5,0,0,4.0,123.2,400,0.0,4,0,0
competitive,fault10,D_dynamic_local,fedb5ce9-f135-411b-a7e5-931803df369f,0,0,4.0,150.0,400,0.0,4,0,0
competitive,fault10,D_dynamic_local,c9cc52de-f9a5-4bd5-a45a-86a68e61876f,0,0,4.0,-13.8,400,0.0,4,0,0
competitive,fault10,D_dynamic_local,dc89a4b7-340e-4d48-96d9-ec9a38e65a0b,0,0,4.0,94.67,400,0.0,4,0,0
competitive,fault10,D_dynamic_local,7384e0e0-2cbe-432f-9f0f-82ba1d88355b,0,0,4.0,34.2,500,0.0,5,1,1
competitive,fault10,D_dynamic_local,ee2ad496-6ff0-4ddb-9359-7f90f8155885,0,0,4.0,0.97,400,0.0,4,0,0
competitive,fault10,D_dynamic_local,e4027313-f6f6-4bb1-afb6-6520943df9a7,0,0,4.0,20.46,400,0.0,4,0,0
competitive,fault10,D_dynamic_local,79a28339-32a7-42de-80db-fa4b1f2b2cbd,0,0,4.0,37.27,400,0.0,4,0,0
competitive,fault10,D_dynamic_local,a0284ac1-abb3-4e82-bb8c-409ec89c5a54,0,0,4.0,267.0,400,0.0,4,1,0
competitive,fault10,D_dynamic_local,b221ecbc-af23-4ad1-8202-0cc9e53b8ad3,0,0,4.0,-4.74,400,0.0,4,0,0
competitive,fault10,D_dynamic_local,5c96ba61-4efe-4792-83c5-bcd41a037bc9,0,0,4.0,2.31,400,0.0,4,0,0
competitive,fault10,D_dynamic_local,d03efb78-1b78-4f2f-9e7c-d2889a29acc2,0,0,4.0,-66.7,400,0.0,4,0,0
competitive,fault10,D_dynamic_local,d61315b1-7c1f-4c6e-8bb4-8042c71671cb,0,0,4.0,5.68,400,0.0,4,0,0
competitive,fault10,D_dynamic_local,e777ea8c-c353-460e-a724-9c92a8eb6d75,0,0,4.0,247.0,400,0.0,4,0,0
competitive,fault10,D_dynamic_local,718c9b4f-3907-4a12-b0c0-8bfec4d106ab,0,0,4.0,58.0,400,0.0,4,1,0
competitive,fault10,D_dynamic_local,ff99e26a-38be-43d5-aff7-10ee224b3612,0,0,4.0,426.0,400,0.0,4,0,0
competitive,fault10,D_dynamic_local,b9856aea-375e-4bc3-8ecb-8083c22bcba2,0,0,4.0,-20.53,400,0.0,4,0,0
competitive,fault10,D_dynamic_local,6c76cd11-30f2-4a66-9f13-e99ba2b54946,0,0,4.0,-0.4,400,0.0,4,0,0
competitive,fault10,D_dynamic_local,0da57c95-2709-4b67-a1be-db6f325fb4e5,0,0,4.0,0.4,400,0.0,4,0,0
competitive,fault10,D_dynamic_local,629daa0a-eeb0-4c55-854c-b2b93f4b9ae9,0,0,4.0,-0.7,400,0.0,4,0,0
competitive,fault10,D_dynamic_local,bb2e18cd-6548-47dd-8d73-e6ae2eb71e8e,0,0,4.0,0.36,400,0.0,4,0,0
competitive,fault10,D_dynamic_local,45061182-d00d-4b3c-ae05-2c6fd5ba5cf2,0,0,4.0,-16.0,400,0.0,4,0,0
competitive,fault10,D_dynamic_local,2edb8fba-16aa-4c56-8044-03a3f1220737,0,0,4.0,2.0,400,0.0,4,0,0
competitive,fault10,D_dynamic_local,e8d54320-2dfb-4210-8393-6c56aff55ecc,0,0,4.0,0.47,400,0.0,4,0,0
competitive,fault10,D_dynamic_local,c4eb5f20-8d18-4d1a-be03-b014e541eab3,0,0,4.0,8.8,400,0.0,4,0,0
competitive,fault10,D_dynamic_local,0045158d-99c6-4ccb-99d8-8eea8cace339,0,0,4.0,-6.1,400,0.0,4,0,0
competitive,fault10,D_dynamic_local,0202dbb4-5221-42b7-96b7-5bcb476ffdec,0,0,4.0,-12.9,400,0.0,4,1,0
competitive,fault10,D_dynamic_local,ba2089ef-6999-4381-b677-a4f2f6af8e8e,0,0,4.0,5.0,400,0.0,4,0,0
competitive,fault10,D_dynamic_local,94bc4d77-55a8-4cb0-a095-f9d799b3c37b,0,0,4.0,10.0,400,0.0,4,0,0
competitive,fault10,D_dynamic_local,30f78337-c974-4434-a990-8c33c92a5306,0,0,4.0,3.57,400,0.0,4,0,0
competitive,fault10,D_dynamic_local,fcaa00dc-f9ec-4f57-a7e1-a7ccaca9202b,0,0,4.0,20.45,400,0.0,4,0,0
competitive,fault10,D_dynamic_local,854d95f4-d165-4132-8573-34843115ed45,0,0,4.0,0.4,400,0.0,4,0,0
competitive,fault10,D_dynamic_local,6792fc0a-f8cf-43d8-bc1a-9a11646e7e31,0,0,4.0,114.81,400,0.0,4,0,0
competitive,fault10,D_dynamic_local,bc009826-d4f1-4c53-9e3c-0e6349e8b527,0,0,4.0,-15.38,400,0.0,4,0,0
competitive,fault10,D_dynamic_local,2c980685-7c11-412a-afa6-c23725fcedf6,0,0,4.0,1.6,400,0.0,4,0,0
competitive,fault10,D_dynamic_local,99f1cb28-c0d5-4cda-b50a-a1d7c17b777a,0,0,4.0,66.9,400,0.0,4,0,0
competitive,fault10,D_dynamic_local,72a4833d-a74d-410c-9311-dad856c7fe26,0,0,4.0,11.39,400,0.0,4,0,0
competitive,fault10,D_dynamic_local,3828301a-73bd-4540-80d3-43061664f135,0,0,4.0,11.0,400,0.0,4,0,0
competitive,fault10,D_dynamic_local,46ed6025-c0ae-49d3-8539-a45a1d37ee80,0,0,4.0,81.68,400,0.0,4,0,0
competitive,fault10,D_dynamic_local,297ae9f3-5ef8-435e-a4e7-e0b97a049904,0,0,4.0,0.99,400,0.0,4,0,0
competitive,fault10,D_dynamic_local,a38407e1-d341-4825-933e-81c2a559035f,0,0,4.0,46.0,400,0.0,4,0,0
competitive,fault10,D_dynamic_local,14814a4d-55f8-4fe0-9e13-59ab7a4d485b,0,0,4.0,-0.7,500,0.0,5,1,1
competitive,fault20,D_dynamic_local,0f2052a9-2761-4594-8be1-0ecf85fa47fc,0,0,4.0,0.6,400,0.0,4,0,0
competitive,fault20,D_dynamic_local,6db94fb6-4116-44dc-8426-229509a07473,0,0,4.0,30.9,600,0.0,6,1,1
competitive,fault20,D_dynamic_local,e73e316e-41a7-4f92-a40e-3ae277443d12,0,0,4.0,-8.2,400,0.0,4,0,0
competitive,fault20,D_dynamic_local,02abaa03-2a3e-4db4-8f6b-fc31acfab880,0,0,4.0,44.9,500,0.0,5,1,1
competitive,fault20,D_dynamic_local,a0720c04-0ddf-460b-81d7-60d9e6b6e3a1,0,0,4.0,183.0,600,0.0,6,1,1
competitive,fault20,D_dynamic_local,2ba67b9a-9cf8-466f-81cc-b3cf0e3bec49,0,0,4.0,63.0,400,0.0,4,0,0
competitive,fault20,D_dynamic_local,9f212b77-e8cb-414c-b2c4-526f48a1f71b,0,0,4.0,-45.0,400,0.0,4,0,0
competitive,fault20,D_dynamic_local,d97be352-26c2-4c4b-a8ce-459f5a24f124,0,0,4.0,-176.1,400,0.0,4,0,0
competitive,fault20,D_dynamic_local,6f2a9b75-8907-4c4a-87c8-c2be01797dd5,0,0,4.0,123.2,400,0.0,4,0,0
competitive,fault20,D_dynamic_local,fedb5ce9-f135-411b-a7e5-931803df369f,0,0,4.0,150.0,400,0.0,4,0,0
competitive,fault20,D_dynamic_local,c9cc52de-f9a5-4bd5-a45a-86a68e61876f,0,0,4.0,-13.8,400,0.0,4,0,0
competitive,fault20,D_dynamic_local,dc89a4b7-340e-4d48-96d9-ec9a38e65a0b,0,0,4.0,94.67,600,0.0,6,1,1
competitive,fault20,D_dynamic_local,7384e0e0-2cbe-432f-9f0f-82ba1d88355b,0,0,4.0,34.2,600,0.0,6,1,1
competitive,fault20,D_dynamic_local,ee2ad496-6ff0-4ddb-9359-7f90f8155885,0,0,4.0,0.97,400,0.0,4,0,0
competitive,fault20,D_dynamic_local,e4027313-f6f6-4bb1-afb6-6520943df9a7,0,0,4.0,20.46,400,0.0,4,0,0
competitive,fault20,D_dynamic_local,79a28339-32a7-42de-80db-fa4b1f2b2cbd,0,0,4.0,37.27,400,0.0,4,0,0
competitive,fault20,D_dynamic_local,a0284ac1-abb3-4e82-bb8c-409ec89c5a54,0,0,4.0,267.0,400,0.0,4,0,0
competitive,fault20,D_dynamic_local,b221ecbc-af23-4ad1-8202-0cc9e53b8ad3,0,0,4.0,-4.74,400,0.0,4,0,0
competitive,fault20,D_dynamic_local,5c96ba61-4efe-4792-83c5-bcd41a037bc9,0,0,4.0,2.31,400,0.0,4,0,0
competitive,fault20,D_dynamic_local,d03efb78-1b78-4f2f-9e7c-d2889a29acc2,0,0,4.0,-66.7,400,0.0,4,1,0
competitive,fault20,D_dynamic_local,d61315b1-7c1f-4c6e-8bb4-8042c71671cb,0,0,4.0,5.68,400,0.0,4,0,0
competitive,fault20,D_dynamic_local,e777ea8c-c353-460e-a724-9c92a8eb6d75,0,0,4.0,247.0,400,0.0,4,0,0
competitive,fault20,D_dynamic_local,718c9b4f-3907-4a12-b0c0-8bfec4d106ab,0,0,4.0,58.0,400,0.0,4,0,0
competitive,fault20,D_dynamic_local,ff99e26a-38be-43d5-aff7-10ee224b3612,0,0,4.0,426.0,400,0.0,4,0,0
competitive,fault20,D_dynamic_local,b9856aea-375e-4bc3-8ecb-8083c22bcba2,0,0,4.0,-20.53,400,0.0,4,0,0
competitive,fault20,D_dynamic_local,6c76cd11-30f2-4a66-9f13-e99ba2b54946,0,0,4.0,-0.4,400,0.0,4,0,0
competitive,fault20,D_dynamic_local,0da57c95-2709-4b67-a1be-db6f325fb4e5,0,0,4.0,0.4,400,0.0,4,0,0
competitive,fault20,D_dynamic_local,629daa0a-eeb0-4c55-854c-b2b93f4b9ae9,0,0,4.0,-0.7,400,0.0,4,0,0
competitive,fault20,D_dynamic_local,bb2e18cd-6548-47dd-8d73-e6ae2eb71e8e,0,0,4.0,0.36,400,0.0,4,0,0
competitive,fault20,D_dynamic_local,45061182-d00d-4b3c-ae05-2c6fd5ba5cf2,0,0,4.0,-16.0,400,0.0,4,0,0
competitive,fault20,D_dynamic_local,2edb8fba-16aa-4c56-8044-03a3f1220737,0,0,4.0,2.0,400,0.0,4,0,0
competitive,fault20,D_dynamic_local,e8d54320-2dfb-4210-8393-6c56aff55ecc,0,0,4.0,0.47,400,0.0,4,0,0
competitive,fault20,D_dynamic_local,c4eb5f20-8d18-4d1a-be03-b014e541eab3,0,0,4.0,8.8,400,0.0,4,0,0
competitive,fault20,D_dynamic_local,0045158d-99c6-4ccb-99d8-8eea8cace339,0,0,4.0,-6.1,400,0.0,4,1,0
competitive,fault20,D_dynamic_local,0202dbb4-5221-42b7-96b7-5bcb476ffdec,0,0,4.0,-12.9,400,0.0,4,0,0
competitive,fault20,D_dynamic_local,ba2089ef-6999-4381-b677-a4f2f6af8e8e,0,0,4.0,5.0,400,0.0,4,0,0
competitive,fault20,D_dynamic_local,94bc4d77-55a8-4cb0-a095-f9d799b3c37b,0,0,4.0,10.0,400,0.0,4,0,0
competitive,fault20,D_dynamic_local,30f78337-c974-4434-a990-8c33c92a5306,0,0,4.0,3.57,400,0.0,4,1,0
competitive,fault20,D_dynamic_local,fcaa00dc-f9ec-4f57-a7e1-a7ccaca9202b,0,0,4.0,20.45,400,0.0,4,0,0
competitive,fault20,D_dynamic_local,854d95f4-d165-4132-8573-34843115ed45,0,0,4.0,0.4,400,0.0,4,0,0
competitive,fault20,D_dynamic_local,6792fc0a-f8cf-43d8-bc1a-9a11646e7e31,0,0,4.0,114.81,400,0.0,4,0,0
competitive,fault20,D_dynamic_local,bc009826-d4f1-4c53-9e3c-0e6349e8b527,0,0,4.0,-15.38,600,0.0,6,1,1
competitive,fault20,D_dynamic_local,2c980685-7c11-412a-afa6-c23725fcedf6,0,0,4.0,1.6,400,0.0,4,0,0
competitive,fault20,D_dynamic_local,99f1cb28-c0d5-4cda-b50a-a1d7c17b777a,0,0,4.0,66.9,400,0.0,4,0,0
competitive,fault20,D_dynamic_local,72a4833d-a74d-410c-9311-dad856c7fe26,0,0,4.0,11.39,400,0.0,4,0,0
competitive,fault20,D_dynamic_local,3828301a-73bd-4540-80d3-43061664f135,0,0,4.0,11.0,400,0.0,4,0,0
competitive,fault20,D_dynamic_local,46ed6025-c0ae-49d3-8539-a45a1d37ee80,0,0,4.0,81.68,600,0.0,6,1,1
competitive,fault20,D_dynamic_local,297ae9f3-5ef8-435e-a4e7-e0b97a049904,0,0,4.0,0.99,400,0.0,4,0,0
competitive,fault20,D_dynamic_local,a38407e1-d341-4825-933e-81c2a559035f,0,0,4.0,46.0,400,0.0,4,0,0
competitive,fault20,D_dynamic_local,14814a4d-55f8-4fe0-9e13-59ab7a4d485b,0,0,4.0,-0.7,400,0.0,4,0,0
competitive,fault30,D_dynamic_local,0f2052a9-2761-4594-8be1-0ecf85fa47fc,0,0,4.0,0.6,400,0.0,4,0,0
competitive,fault30,D_dynamic_local,6db94fb6-4116-44dc-8426-229509a07473,0,0,4.0,30.9,400,0.0,4,0,0
competitive,fault30,D_dynamic_local,e73e316e-41a7-4f92-a40e-3ae277443d12,0,0,4.0,-8.2,400,0.0,4,0,0
competitive,fault30,D_dynamic_local,02abaa03-2a3e-4db4-8f6b-fc31acfab880,0,0,4.0,44.9,600,0.0,6,1,1
competitive,fault30,D_dynamic_local,a0720c04-0ddf-460b-81d7-60d9e6b6e3a1,0,0,4.0,183.0,600,0.0,6,1,1
competitive,fault30,D_dynamic_local,2ba67b9a-9cf8-466f-81cc-b3cf0e3bec49,0,0,4.0,63.0,400,0.0,4,0,0
competitive,fault30,D_dynamic_local,9f212b77-e8cb-414c-b2c4-526f48a1f71b,0,0,4.0,-45.0,400,0.0,4,0,0
competitive,fault30,D_dynamic_local,d97be352-26c2-4c4b-a8ce-459f5a24f124,0,0,4.0,-176.1,400,0.0,4,0,0
competitive,fault30,D_dynamic_local,6f2a9b75-8907-4c4a-87c8-c2be01797dd5,0,0,4.0,123.2,600,0.0,6,1,1
competitive,fault30,D_dynamic_local,fedb5ce9-f135-411b-a7e5-931803df369f,0,0,4.0,150.0,400,0.0,4,1,0
competitive,fault30,D_dynamic_local,c9cc52de-f9a5-4bd5-a45a-86a68e61876f,0,0,4.0,-13.8,400,0.0,4,0,0
competitive,fault30,D_dynamic_local,dc89a4b7-340e-4d48-96d9-ec9a38e65a0b,0,0,4.0,94.67,400,0.0,4,0,0
competitive,fault30,D_dynamic_local,7384e0e0-2cbe-432f-9f0f-82ba1d88355b,0,0,4.0,34.2,500,0.0,5,1,1
competitive,fault30,D_dynamic_local,ee2ad496-6ff0-4ddb-9359-7f90f8155885,0,0,4.0,0.97,400,0.0,4,0,0
competitive,fault30,D_dynamic_local,e4027313-f6f6-4bb1-afb6-6520943df9a7,0,0,4.0,20.46,500,0.0,5,1,1
competitive,fault30,D_dynamic_local,79a28339-32a7-42de-80db-fa4b1f2b2cbd,0,0,4.0,37.27,400,0.0,4,0,0
competitive,fault30,D_dynamic_local,a0284ac1-abb3-4e82-bb8c-409ec89c5a54,0,0,4.0,267.0,400,0.0,4,0,0
competitive,fault30,D_dynamic_local,b221ecbc-af23-4ad1-8202-0cc9e53b8ad3,0,0,4.0,-4.74,400,0.0,4,0,0
competitive,fault30,D_dynamic_local,5c96ba61-4efe-4792-83c5-bcd41a037bc9,0,0,4.0,2.31,400,0.0,4,0,0
competitive,fault30,D_dynamic_local,d03efb78-1b78-4f2f-9e7c-d2889a29acc2,0,0,4.0,-66.7,400,0.0,4,0,0
competitive,fault30,D_dynamic_local,d61315b1-7c1f-4c6e-8bb4-8042c71671cb,0,0,4.0,5.68,400,0.0,4,0,0
competitive,fault30,D_dynamic_local,e777ea8c-c353-460e-a724-9c92a8eb6d75,0,0,4.0,247.0,400,0.0,4,1,0
competitive,fault30,D_dynamic_local,718c9b4f-3907-4a12-b0c0-8bfec4d106ab,0,0,4.0,58.0,400,0.0,4,0,0
competitive,fault30,D_dynamic_local,ff99e26a-38be-43d5-aff7-10ee224b3612,0,0,4.0,426.0,400,0.0,4,1,0
competitive,fault30,D_dynamic_local,b9856aea-375e-4bc3-8ecb-8083c22bcba2,0,0,4.0,-20.53,600,0.0,6,1,1
competitive,fault30,D_dynamic_local,6c76cd11-30f2-4a66-9f13-e99ba2b54946,0,0,4.0,-0.4,400,0.0,4,0,0
competitive,fault30,D_dynamic_local,0da57c95-2709-4b67-a1be-db6f325fb4e5,0,0,4.0,0.4,500,0.0,5,1,1
competitive,fault30,D_dynamic_local,629daa0a-eeb0-4c55-854c-b2b93f4b9ae9,0,0,4.0,-0.7,400,0.0,4,1,0
competitive,fault30,D_dynamic_local,bb2e18cd-6548-47dd-8d73-e6ae2eb71e8e,0,0,4.0,0.36,600,0.0,6,1,1
competitive,fault30,D_dynamic_local,45061182-d00d-4b3c-ae05-2c6fd5ba5cf2,0,0,4.0,-16.0,400,0.0,4,0,0
competitive,fault30,D_dynamic_local,2edb8fba-16aa-4c56-8044-03a3f1220737,0,0,4.0,2.0,400,0.0,4,0,0
competitive,fault30,D_dynamic_local,e8d54320-2dfb-4210-8393-6c56aff55ecc,0,0,4.0,0.47,400,0.0,4,0,0
competitive,fault30,D_dynamic_local,c4eb5f20-8d18-4d1a-be03-b014e541eab3,0,0,4.0,8.8,400,0.0,4,0,0
competitive,fault30,D_dynamic_local,0045158d-99c6-4ccb-99d8-8eea8cace339,0,0,4.0,-6.1,400,0.0,4,0,0
competitive,fault30,D_dynamic_local,0202dbb4-5221-42b7-96b7-5bcb476ffdec,0,0,4.0,-12.9,400,0.0,4,0,0
competitive,fault30,D_dynamic_local,ba2089ef-6999-4381-b677-a4f2f6af8e8e,0,0,4.0,5.0,400,0.0,4,0,0
competitive,fault30,D_dynamic_local,94bc4d77-55a8-4cb0-a095-f9d799b3c37b,0,0,4.0,10.0,400,0.0,4,1,0
competitive,fault30,D_dynamic_local,30f78337-c974-4434-a990-8c33c92a5306,0,0,4.0,3.57,400,0.0,4,0,0
competitive,fault30,D_dynamic_local,fcaa00dc-f9ec-4f57-a7e1-a7ccaca9202b,0,0,4.0,20.45,400,0.0,4,0,0
competitive,fault30,D_dynamic_local,854d95f4-d165-4132-8573-34843115ed45,0,0,4.0,0.4,400,0.0,4,0,0
competitive,fault30,D_dynamic_local,6792fc0a-f8cf-43d8-bc1a-9a11646e7e31,0,0,4.0,114.81,400,0.0,4,0,0
competitive,fault30,D_dynamic_local,bc009826-d4f1-4c53-9e3c-0e6349e8b527,0,0,4.0,-15.38,400,0.0,4,0,0
competitive,fault30,D_dynamic_local,2c980685-7c11-412a-afa6-c23725fcedf6,0,0,4.0,1.6,400,0.0,4,0,0
competitive,fault30,D_dynamic_local,99f1cb28-c0d5-4cda-b50a-a1d7c17b777a,0,0,4.0,66.9,500,0.0,5,1,1
competitive,fault30,D_dynamic_local,72a4833d-a74d-410c-9311-dad856c7fe26,0,0,4.0,11.39,400,0.0,4,0,0
competitive,fault30,D_dynamic_local,3828301a-73bd-4540-80d3-43061664f135,0,0,4.0,11.0,400,0.0,4,1,0
competitive,fault30,D_dynamic_local,46ed6025-c0ae-49d3-8539-a45a1d37ee80,0,0,4.0,81.68,400,0.0,4,0,0
competitive,fault30,D_dynamic_local,297ae9f3-5ef8-435e-a4e7-e0b97a049904,0,0,4.0,0.99,400,0.0,4,0,0
competitive,fault30,D_dynamic_local,a38407e1-d341-4825-933e-81c2a559035f,0,0,4.0,46.0,400,0.0,4,0,0
competitive,fault30,D_dynamic_local,14814a4d-55f8-4fe0-9e13-59ab7a4d485b,0,0,4.0,-0.7,400,0.0,4,0,0
competitive,fault10,E_dynamic_full,0f2052a9-2761-4594-8be1-0ecf85fa47fc,0,0,4.0,0.6,400,0.0,4,0,0
competitive,fault10,E_dynamic_full,6db94fb6-4116-44dc-8426-229509a07473,0,0,4.0,30.9,400,0.0,4,0,0
competitive,fault10,E_dynamic_full,e73e316e-41a7-4f92-a40e-3ae277443d12,0,0,4.0,-8.2,400,0.0,4,0,0
competitive,fault10,E_dynamic_full,02abaa03-2a3e-4db4-8f6b-fc31acfab880,0,0,4.0,44.9,400,0.0,4,0,0
competitive,fault10,E_dynamic_full,a0720c04-0ddf-460b-81d7-60d9e6b6e3a1,0,0,4.0,183.0,400,0.0,4,0,0
competitive,fault10,E_dynamic_full,2ba67b9a-9cf8-466f-81cc-b3cf0e3bec49,0,0,4.0,63.0,400,0.0,4,0,0
competitive,fault10,E_dynamic_full,9f212b77-e8cb-414c-b2c4-526f48a1f71b,0,0,4.0,-45.0,400,0.0,4,0,0
competitive,fault10,E_dynamic_full,d97be352-26c2-4c4b-a8ce-459f5a24f124,0,0,4.0,-176.1,400,0.0,4,0,0
competitive,fault10,E_dynamic_full,6f2a9b75-8907-4c4a-87c8-c2be01797dd5,0,0,4.0,123.2,400,0.0,4,0,0
competitive,fault10,E_dynamic_full,fedb5ce9-f135-411b-a7e5-931803df369f,0,0,4.0,150.0,400,0.0,4,0,0
competitive,fault10,E_dynamic_full,c9cc52de-f9a5-4bd5-a45a-86a68e61876f,0,0,4.0,-13.8,400,0.0,4,0,0
competitive,fault10,E_dynamic_full,dc89a4b7-340e-4d48-96d9-ec9a38e65a0b,0,0,4.0,94.67,400,0.0,4,0,0
competitive,fault10,E_dynamic_full,7384e0e0-2cbe-432f-9f0f-82ba1d88355b,0,0,4.0,34.2,800,0.0,8,1,1
competitive,fault10,E_dynamic_full,ee2ad496-6ff0-4ddb-9359-7f90f8155885,0,0,4.0,0.97,400,0.0,4,0,0
competitive,fault10,E_dynamic_full,e4027313-f6f6-4bb1-afb6-6520943df9a7,0,0,4.0,20.46,400,0.0,4,0,0
competitive,fault10,E_dynamic_full,79a28339-32a7-42de-80db-fa4b1f2b2cbd,0,0,4.0,37.27,400,0.0,4,0,0
competitive,fault10,E_dynamic_full,a0284ac1-abb3-4e82-bb8c-409ec89c5a54,0,0,4.0,267.0,400,0.0,4,1,0
competitive,fault10,E_dynamic_full,b221ecbc-af23-4ad1-8202-0cc9e53b8ad3,0,0,4.0,-4.74,400,0.0,4,0,0
competitive,fault10,E_dynamic_full,5c96ba61-4efe-4792-83c5-bcd41a037bc9,0,0,4.0,2.31,400,0.0,4,0,0
competitive,fault10,E_dynamic_full,d03efb78-1b78-4f2f-9e7c-d2889a29acc2,0,0,4.0,-66.7,400,0.0,4,0,0
competitive,fault10,E_dynamic_full,d61315b1-7c1f-4c6e-8bb4-8042c71671cb,0,0,4.0,5.68,400,0.0,4,0,0
competitive,fault10,E_dynamic_full,e777ea8c-c353-460e-a724-9c92a8eb6d75,0,0,4.0,247.0,400,0.0,4,0,0
competitive,fault10,E_dynamic_full,718c9b4f-3907-4a12-b0c0-8bfec4d106ab,0,0,4.0,58.0,400,0.0,4,1,0
competitive,fault10,E_dynamic_full,ff99e26a-38be-43d5-aff7-10ee224b3612,0,0,4.0,426.0,400,0.0,4,0,0
competitive,fault10,E_dynamic_full,b9856aea-375e-4bc3-8ecb-8083c22bcba2,0,0,4.0,-20.53,400,0.0,4,0,0
competitive,fault10,E_dynamic_full,6c76cd11-30f2-4a66-9f13-e99ba2b54946,0,0,4.0,-0.4,400,0.0,4,0,0
competitive,fault10,E_dynamic_full,0da57c95-2709-4b67-a1be-db6f325fb4e5,0,0,4.0,0.4,400,0.0,4,0,0
competitive,fault10,E_dynamic_full,629daa0a-eeb0-4c55-854c-b2b93f4b9ae9,0,0,4.0,-0.7,400,0.0,4,0,0
competitive,fault10,E_dynamic_full,bb2e18cd-6548-47dd-8d73-e6ae2eb71e8e,0,0,4.0,0.36,400,0.0,4,0,0
competitive,fault10,E_dynamic_full,45061182-d00d-4b3c-ae05-2c6fd5ba5cf2,0,0,4.0,-16.0,400,0.0,4,0,0
competitive,fault10,E_dynamic_full,2edb8fba-16aa-4c56-8044-03a3f1220737,0,0,4.0,2.0,400,0.0,4,0,0
competitive,fault10,E_dynamic_full,e8d54320-2dfb-4210-8393-6c56aff55ecc,0,0,4.0,0.47,400,0.0,4,0,0
competitive,fault10,E_dynamic_full,c4eb5f20-8d18-4d1a-be03-b014e541eab3,0,0,4.0,8.8,400,0.0,4,0,0
competitive,fault10,E_dynamic_full,0045158d-99c6-4ccb-99d8-8eea8cace339,0,0,4.0,-6.1,400,0.0,4,0,0
competitive,fault10,E_dynamic_full,0202dbb4-5221-42b7-96b7-5bcb476ffdec,0,0,4.0,-12.9,400,0.0,4,1,0
competitive,fault10,E_dynamic_full,ba2089ef-6999-4381-b677-a4f2f6af8e8e,0,0,4.0,5.0,400,0.0,4,0,0
competitive,fault10,E_dynamic_full,94bc4d77-55a8-4cb0-a095-f9d799b3c37b,0,0,4.0,10.0,400,0.0,4,0,0
competitive,fault10,E_dynamic_full,30f78337-c974-4434-a990-8c33c92a5306,0,0,4.0,3.57,400,0.0,4,0,0
competitive,fault10,E_dynamic_full,fcaa00dc-f9ec-4f57-a7e1-a7ccaca9202b,0,0,4.0,20.45,400,0.0,4,0,0
competitive,fault10,E_dynamic_full,854d95f4-d165-4132-8573-34843115ed45,0,0,4.0,0.4,400,0.0,4,0,0
competitive,fault10,E_dynamic_full,6792fc0a-f8cf-43d8-bc1a-9a11646e7e31,0,0,4.0,114.81,400,0.0,4,0,0
competitive,fault10,E_dynamic_full,bc009826-d4f1-4c53-9e3c-0e6349e8b527,0,0,4.0,-15.38,400,0.0,4,0,0
competitive,fault10,E_dynamic_full,2c980685-7c11-412a-afa6-c23725fcedf6,0,0,4.0,1.6,400,0.0,4,0,0
competitive,fault10,E_dynamic_full,99f1cb28-c0d5-4cda-b50a-a1d7c17b777a,0,0,4.0,66.9,400,0.0,4,0,0
competitive,fault10,E_dynamic_full,72a4833d-a74d-410c-9311-dad856c7fe26,0,0,4.0,11.39,400,0.0,4,0,0
competitive,fault10,E_dynamic_full,3828301a-73bd-4540-80d3-43061664f135,0,0,4.0,11.0,400,0.0,4,0,0
competitive,fault10,E_dynamic_full,46ed6025-c0ae-49d3-8539-a45a1d37ee80,0,0,4.0,81.68,400,0.0,4,0,0
competitive,fault10,E_dynamic_full,297ae9f3-5ef8-435e-a4e7-e0b97a049904,0,0,4.0,0.99,400,0.0,4,0,0
competitive,fault10,E_dynamic_full,a38407e1-d341-4825-933e-81c2a559035f,0,0,4.0,46.0,400,0.0,4,0,0
competitive,fault10,E_dynamic_full,14814a4d-55f8-4fe0-9e13-59ab7a4d485b,0,0,4.0,-0.7,800,0.0,8,1,1
competitive,fault20,E_dynamic_full,0f2052a9-2761-4594-8be1-0ecf85fa47fc,0,0,4.0,0.6,400,0.0,4,0,0
competitive,fault20,E_dynamic_full,6db94fb6-4116-44dc-8426-229509a07473,0,0,4.0,30.9,800,0.0001,8,1,1
competitive,fault20,E_dynamic_full,e73e316e-41a7-4f92-a40e-3ae277443d12,0,0,4.0,-8.2,400,0.0,4,0,0
competitive,fault20,E_dynamic_full,02abaa03-2a3e-4db4-8f6b-fc31acfab880,0,0,4.0,44.9,800,0.0,8,1,1
competitive,fault20,E_dynamic_full,a0720c04-0ddf-460b-81d7-60d9e6b6e3a1,0,0,4.0,183.0,800,0.0,8,1,1
competitive,fault20,E_dynamic_full,2ba67b9a-9cf8-466f-81cc-b3cf0e3bec49,0,0,4.0,63.0,400,0.0,4,0,0
competitive,fault20,E_dynamic_full,9f212b77-e8cb-414c-b2c4-526f48a1f71b,0,0,4.0,-45.0,400,0.0,4,0,0
competitive,fault20,E_dynamic_full,d97be352-26c2-4c4b-a8ce-459f5a24f124,0,0,4.0,-176.1,400,0.0,4,0,0
competitive,fault20,E_dynamic_full,6f2a9b75-8907-4c4a-87c8-c2be01797dd5,0,0,4.0,123.2,400,0.0,4,0,0
competitive,fault20,E_dynamic_full,fedb5ce9-f135-411b-a7e5-931803df369f,0,0,4.0,150.0,400,0.0,4,0,0
competitive,fault20,E_dynamic_full,c9cc52de-f9a5-4bd5-a45a-86a68e61876f,0,0,4.0,-13.8,400,0.0,4,0,0
competitive,fault20,E_dynamic_full,dc89a4b7-340e-4d48-96d9-ec9a38e65a0b,0,0,4.0,94.67,800,0.0,8,1,1
competitive,fault20,E_dynamic_full,7384e0e0-2cbe-432f-9f0f-82ba1d88355b,0,0,4.0,34.2,800,0.0,8,1,1
competitive,fault20,E_dynamic_full,ee2ad496-6ff0-4ddb-9359-7f90f8155885,0,0,4.0,0.97,400,0.0,4,0,0
competitive,fault20,E_dynamic_full,e4027313-f6f6-4bb1-afb6-6520943df9a7,0,0,4.0,20.46,400,0.0,4,0,0
competitive,fault20,E_dynamic_full,79a28339-32a7-42de-80db-fa4b1f2b2cbd,0,0,4.0,37.27,400,0.0,4,0,0
competitive,fault20,E_dynamic_full,a0284ac1-abb3-4e82-bb8c-409ec89c5a54,0,0,4.0,267.0,400,0.0,4,0,0
competitive,fault20,E_dynamic_full,b221ecbc-af23-4ad1-8202-0cc9e53b8ad3,0,0,4.0,-4.74,400,0.0,4,0,0
competitive,fault20,E_dynamic_full,5c96ba61-4efe-4792-83c5-bcd41a037bc9,0,0,4.0,2.31,400,0.0,4,0,0
competitive,fault20,E_dynamic_full,d03efb78-1b78-4f2f-9e7c-d2889a29acc2,0,0,4.0,-66.7,400,0.0,4,1,0
competitive,fault20,E_dynamic_full,d61315b1-7c1f-4c6e-8bb4-8042c71671cb,0,0,4.0,5.68,400,0.0,4,0,0
competitive,fault20,E_dynamic_full,e777ea8c-c353-460e-a724-9c92a8eb6d75,0,0,4.0,247.0,400,0.0,4,0,0
competitive,fault20,E_dynamic_full,718c9b4f-3907-4a12-b0c0-8bfec4d106ab,0,0,4.0,58.0,400,0.0,4,0,0
competitive,fault20,E_dynamic_full,ff99e26a-38be-43d5-aff7-10ee224b3612,0,0,4.0,426.0,400,0.0,4,0,0
competitive,fault20,E_dynamic_full,b9856aea-375e-4bc3-8ecb-8083c22bcba2,0,0,4.0,-20.53,400,0.0,4,0,0
competitive,fault20,E_dynamic_full,6c76cd11-30f2-4a66-9f13-e99ba2b54946,0,0,4.0,-0.4,400,0.0,4,0,0
competitive,fault20,E_dynamic_full,0da57c95-2709-4b67-a1be-db6f325fb4e5,0,0,4.0,0.4,400,0.0,4,0,0
competitive,fault20,E_dynamic_full,629daa0a-eeb0-4c55-854c-b2b93f4b9ae9,0,0,4.0,-0.7,400,0.0,4,0,0
competitive,fault20,E_dynamic_full,bb2e18cd-6548-47dd-8d73-e6ae2eb71e8e,0,0,4.0,0.36,400,0.0,4,0,0
competitive,fault20,E_dynamic_full,45061182-d00d-4b3c-ae05-2c6fd5ba5cf2,0,0,4.0,-16.0,400,0.0,4,0,0
competitive,fault20,E_dynamic_full,2edb8fba-16aa-4c56-8044-03a3f1220737,0,0,4.0,2.0,400,0.0,4,0,0
competitive,fault20,E_dynamic_full,e8d54320-2dfb-4210-8393-6c56aff55ecc,0,0,4.0,0.47,400,0.0,4,0,0
competitive,fault20,E_dynamic_full,c4eb5f20-8d18-4d1a-be03-b014e541eab3,0,0,4.0,8.8,400,0.0,4,0,0
competitive,fault20,E_dynamic_full,0045158d-99c6-4ccb-99d8-8eea8cace339,0,0,4.0,-6.1,400,0.0,4,1,0
competitive,fault20,E_dynamic_full,0202dbb4-5221-42b7-96b7-5bcb476ffdec,0,0,4.0,-12.9,400,0.0,4,0,0
competitive,fault20,E_dynamic_full,ba2089ef-6999-4381-b677-a4f2f6af8e8e,0,0,4.0,5.0,400,0.0,4,0,0
competitive,fault20,E_dynamic_full,94bc4d77-55a8-4cb0-a095-f9d799b3c37b,0,0,4.0,10.0,400,0.0,4,0,0
competitive,fault20,E_dynamic_full,30f78337-c974-4434-a990-8c33c92a5306,0,0,4.0,3.57,400,0.0,4,1,0
competitive,fault20,E_dynamic_full,fcaa00dc-f9ec-4f57-a7e1-a7ccaca9202b,0,0,4.0,20.45,400,0.0,4,0,0
competitive,fault20,E_dynamic_full,854d95f4-d165-4132-8573-34843115ed45,0,0,4.0,0.4,400,0.0,4,0,0
competitive,fault20,E_dynamic_full,6792fc0a-f8cf-43d8-bc1a-9a11646e7e31,0,0,4.0,114.81,400,0.0,4,0,0
competitive,fault20,E_dynamic_full,bc009826-d4f1-4c53-9e3c-0e6349e8b527,0,0,4.0,-15.38,800,0.0,8,1,1
competitive,fault20,E_dynamic_full,2c980685-7c11-412a-afa6-c23725fcedf6,0,0,4.0,1.6,400,0.0,4,0,0
competitive,fault20,E_dynamic_full,99f1cb28-c0d5-4cda-b50a-a1d7c17b777a,0,0,4.0,66.9,400,0.0,4,0,0
competitive,fault20,E_dynamic_full,72a4833d-a74d-410c-9311-dad856c7fe26,0,0,4.0,11.39,400,0.0,4,0,0
competitive,fault20,E_dynamic_full,3828301a-73bd-4540-80d3-43061664f135,0,0,4.0,11.0,400,0.0,4,0,0
competitive,fault20,E_dynamic_full,46ed6025-c0ae-49d3-8539-a45a1d37ee80,0,0,4.0,81.68,800,0.0,8,1,1
competitive,fault20,E_dynamic_full,297ae9f3-5ef8-435e-a4e7-e0b97a049904,0,0,4.0,0.99,400,0.0,4,0,0
competitive,fault20,E_dynamic_full,a38407e1-d341-4825-933e-81c2a559035f,0,0,4.0,46.0,400,0.0,4,0,0
competitive,fault20,E_dynamic_full,14814a4d-55f8-4fe0-9e13-59ab7a4d485b,0,0,4.0,-0.7,400,0.0,4,0,0
competitive,fault30,E_dynamic_full,0f2052a9-2761-4594-8be1-0ecf85fa47fc,0,0,4.0,0.6,400,0.0,4,0,0
competitive,fault30,E_dynamic_full,6db94fb6-4116-44dc-8426-229509a07473,0,0,4.0,30.9,400,0.0,4,0,0
competitive,fault30,E_dynamic_full,e73e316e-41a7-4f92-a40e-3ae277443d12,0,0,4.0,-8.2,400,0.0,4,0,0
competitive,fault30,E_dynamic_full,02abaa03-2a3e-4db4-8f6b-fc31acfab880,0,0,4.0,44.9,800,0.0,8,1,1
competitive,fault30,E_dynamic_full,a0720c04-0ddf-460b-81d7-60d9e6b6e3a1,0,0,4.0,183.0,800,0.0,8,1,1
competitive,fault30,E_dynamic_full,2ba67b9a-9cf8-466f-81cc-b3cf0e3bec49,0,0,4.0,63.0,400,0.0,4,0,0
competitive,fault30,E_dynamic_full,9f212b77-e8cb-414c-b2c4-526f48a1f71b,0,0,4.0,-45.0,400,0.0,4,0,0
competitive,fault30,E_dynamic_full,d97be352-26c2-4c4b-a8ce-459f5a24f124,0,0,4.0,-176.1,400,0.0,4,0,0
competitive,fault30,E_dynamic_full,6f2a9b75-8907-4c4a-87c8-c2be01797dd5,0,0,4.0,123.2,800,0.0,8,1,1
competitive,fault30,E_dynamic_full,fedb5ce9-f135-411b-a7e5-931803df369f,0,0,4.0,150.0,400,0.0,4,1,0
competitive,fault30,E_dynamic_full,c9cc52de-f9a5-4bd5-a45a-86a68e61876f,0,0,4.0,-13.8,400,0.0,4,0,0
competitive,fault30,E_dynamic_full,dc89a4b7-340e-4d48-96d9-ec9a38e65a0b,0,0,4.0,94.67,400,0.0,4,0,0
competitive,fault30,E_dynamic_full,7384e0e0-2cbe-432f-9f0f-82ba1d88355b,0,0,4.0,34.2,800,0.0,8,1,1
competitive,fault30,E_dynamic_full,ee2ad496-6ff0-4ddb-9359-7f90f8155885,0,0,4.0,0.97,400,0.0,4,0,0
competitive,fault30,E_dynamic_full,e4027313-f6f6-4bb1-afb6-6520943df9a7,0,0,4.0,20.46,800,0.0,8,1,1
competitive,fault30,E_dynamic_full,79a28339-32a7-42de-80db-fa4b1f2b2cbd,0,0,4.0,37.27,400,0.0,4,0,0
competitive,fault30,E_dynamic_full,a0284ac1-abb3-4e82-bb8c-409ec89c5a54,0,0,4.0,267.0,400,0.0,4,0,0
competitive,fault30,E_dynamic_full,b221ecbc-af23-4ad1-8202-0cc9e53b8ad3,0,0,4.0,-4.74,400,0.0,4,0,0
competitive,fault30,E_dynamic_full,5c96ba61-4efe-4792-83c5-bcd41a037bc9,0,0,4.0,2.31,400,0.0,4,0,0
competitive,fault30,E_dynamic_full,d03efb78-1b78-4f2f-9e7c-d2889a29acc2,0,0,4.0,-66.7,400,0.0,4,0,0
competitive,fault30,E_dynamic_full,d61315b1-7c1f-4c6e-8bb4-8042c71671cb,0,0,4.0,5.68,400,0.0,4,0,0
competitive,fault30,E_dynamic_full,e777ea8c-c353-460e-a724-9c92a8eb6d75,0,0,4.0,247.0,400,0.0,4,1,0
competitive,fault30,E_dynamic_full,718c9b4f-3907-4a12-b0c0-8bfec4d106ab,0,0,4.0,58.0,400,0.0,4,0,0
competitive,fault30,E_dynamic_full,ff99e26a-38be-43d5-aff7-10ee224b3612,0,0,4.0,426.0,400,0.0,4,1,0
competitive,fault30,E_dynamic_full,b9856aea-375e-4bc3-8ecb-8083c22bcba2,0,0,4.0,-20.53,800,0.0,8,1,1
competitive,fault30,E_dynamic_full,6c76cd11-30f2-4a66-9f13-e99ba2b54946,0,0,4.0,-0.4,400,0.0,4,0,0
competitive,fault30,E_dynamic_full,0da57c95-2709-4b67-a1be-db6f325fb4e5,0,0,4.0,0.4,800,0.0,8,1,1
competitive,fault30,E_dynamic_full,629daa0a-eeb0-4c55-854c-b2b93f4b9ae9,0,0,4.0,-0.7,400,0.0,4,1,0
competitive,fault30,E_dynamic_full,bb2e18cd-6548-47dd-8d73-e6ae2eb71e8e,0,0,4.0,0.36,800,0.0,8,1,1
competitive,fault30,E_dynamic_full,45061182-d00d-4b3c-ae05-2c6fd5ba5cf2,0,0,4.0,-16.0,400,0.0,4,0,0
competitive,fault30,E_dynamic_full,2edb8fba-16aa-4c56-8044-03a3f1220737,0,0,4.0,2.0,400,0.0,4,0,0
competitive,fault30,E_dynamic_full,e8d54320-2dfb-4210-8393-6c56aff55ecc,0,0,4.0,0.47,400,0.0,4,0,0
competitive,fault30,E_dynamic_full,c4eb5f20-8d18-4d1a-be03-b014e541eab3,0,0,4.0,8.8,400,0.0,4,0,0
competitive,fault30,E_dynamic_full,0045158d-99c6-4ccb-99d8-8eea8cace339,0,0,4.0,-6.1,400,0.0,4,0,0
competitive,fault30,E_dynamic_full,0202dbb4-5221-42b7-96b7-5bcb476ffdec,0,0,4.0,-12.9,400,0.0,4,0,0
competitive,fault30,E_dynamic_full,ba2089ef-6999-4381-b677-a4f2f6af8e8e,0,0,4.0,5.0,400,0.0,4,0,0
competitive,fault30,E_dynamic_full,94bc4d77-55a8-4cb0-a095-f9d799b3c37b,0,0,4.0,10.0,400,0.0,4,1,0
competitive,fault30,E_dynamic_full,30f78337-c974-4434-a990-8c33c92a5306,0,0,4.0,3.57,400,0.0,4,0,0
competitive,fault30,E_dynamic_full,fcaa00dc-f9ec-4f57-a7e1-a7ccaca9202b,0,0,4.0,20.45,400,0.0,4,0,0
competitive,fault30,E_dynamic_full,854d95f4-d165-4132-8573-34843115ed45,0,0,4.0,0.4,400,0.0,4,0,0
competitive,fault30,E_dynamic_full,6792fc0a-f8cf-43d8-bc1a-9a11646e7e31,0,0,4.0,114.81,400,0.0,4,0,0
competitive,fault30,E_dynamic_full,bc009826-d4f1-4c53-9e3c-0e6349e8b527,0,0,4.0,-15.38,400,0.0,4,0,0
competitive,fault30,E_dynamic_full,2c980685-7c11-412a-afa6-c23725fcedf6,0,0,4.0,1.6,400,0.0,4,0,0
competitive,fault30,E_dynamic_full,99f1cb28-c0d5-4cda-b50a-a1d7c17b777a,0,0,4.0,66.9,800,0.0,8,1,1
competitive,fault30,E_dynamic_full,72a4833d-a74d-410c-9311-dad856c7fe26,0,0,4.0,11.39,400,0.0,4,0,0
competitive,fault30,E_dynamic_full,3828301a-73bd-4540-80d3-43061664f135,0,0,4.0,11.0,400,0.0,4,1,0
competitive,fault30,E_dynamic_full,46ed6025-c0ae-49d3-8539-a45a1d37ee80,0,0,4.0,81.68,400,0.0,4,0,0
competitive,fault30,E_dynamic_full,297ae9f3-5ef8-435e-a4e7-e0b97a049904,0,0,4.0,0.99,400,0.0,4,0,0
competitive,fault30,E_dynamic_full,a38407e1-d341-4825-933e-81c2a559035f,0,0,4.0,46.0,400,0.0,4,0,0
competitive,fault30,E_dynamic_full,14814a4d-55f8-4fe0-9e13-59ab7a4d485b,0,0,4.0,-0.7,400,0.0,4,0,0
competitive,fault10,V2_dynamic,0f2052a9-2761-4594-8be1-0ecf85fa47fc,0,0,4.0,0.6,400,0.0,4,0,0
competitive,fault10,V2_dynamic,6db94fb6-4116-44dc-8426-229509a07473,0,0,4.0,30.9,400,0.0,4,0,0
competitive,fault10,V2_dynamic,e73e316e-41a7-4f92-a40e-3ae277443d12,0,0,4.0,-8.2,400,0.0,4,0,0
competitive,fault10,V2_dynamic,02abaa03-2a3e-4db4-8f6b-fc31acfab880,0,0,4.0,44.9,400,0.0,4,0,0
competitive,fault10,V2_dynamic,a0720c04-0ddf-460b-81d7-60d9e6b6e3a1,0,0,4.0,183.0,400,0.0,4,0,0
competitive,fault10,V2_dynamic,2ba67b9a-9cf8-466f-81cc-b3cf0e3bec49,0,0,4.0,63.0,400,0.0,4,0,0
competitive,fault10,V2_dynamic,9f212b77-e8cb-414c-b2c4-526f48a1f71b,0,0,4.0,-45.0,400,0.0,4,0,0
competitive,fault10,V2_dynamic,d97be352-26c2-4c4b-a8ce-459f5a24f124,0,0,4.0,-176.1,400,0.0,4,0,0
competitive,fault10,V2_dynamic,6f2a9b75-8907-4c4a-87c8-c2be01797dd5,0,0,4.0,123.2,400,0.0,4,0,0
competitive,fault10,V2_dynamic,fedb5ce9-f135-411b-a7e5-931803df369f,0,0,4.0,150.0,400,0.0,4,0,0
competitive,fault10,V2_dynamic,c9cc52de-f9a5-4bd5-a45a-86a68e61876f,0,0,4.0,-13.8,400,0.0,4,0,0
competitive,fault10,V2_dynamic,dc89a4b7-340e-4d48-96d9-ec9a38e65a0b,0,0,4.0,94.67,400,0.0,4,0,0
competitive,fault10,V2_dynamic,7384e0e0-2cbe-432f-9f0f-82ba1d88355b,0,0,4.0,34.2,500,0.0,5,1,1
competitive,fault10,V2_dynamic,ee2ad496-6ff0-4ddb-9359-7f90f8155885,0,0,4.0,0.97,400,0.0,4,0,0
competitive,fault10,V2_dynamic,e4027313-f6f6-4bb1-afb6-6520943df9a7,0,0,4.0,20.46,400,0.0,4,0,0
competitive,fault10,V2_dynamic,79a28339-32a7-42de-80db-fa4b1f2b2cbd,0,0,4.0,37.27,400,0.0,4,0,0
competitive,fault10,V2_dynamic,a0284ac1-abb3-4e82-bb8c-409ec89c5a54,0,0,4.0,267.0,400,0.0,4,1,0
competitive,fault10,V2_dynamic,b221ecbc-af23-4ad1-8202-0cc9e53b8ad3,0,0,4.0,-4.74,400,0.0,4,0,0
competitive,fault10,V2_dynamic,5c96ba61-4efe-4792-83c5-bcd41a037bc9,0,0,4.0,2.31,400,0.0,4,0,0
competitive,fault10,V2_dynamic,d03efb78-1b78-4f2f-9e7c-d2889a29acc2,0,0,4.0,-66.7,400,0.0,4,0,0
competitive,fault10,V2_dynamic,d61315b1-7c1f-4c6e-8bb4-8042c71671cb,0,0,4.0,5.68,400,0.0,4,0,0
competitive,fault10,V2_dynamic,e777ea8c-c353-460e-a724-9c92a8eb6d75,0,0,4.0,247.0,400,0.0,4,0,0
competitive,fault10,V2_dynamic,718c9b4f-3907-4a12-b0c0-8bfec4d106ab,0,0,4.0,58.0,400,0.0,4,1,0
competitive,fault10,V2_dynamic,ff99e26a-38be-43d5-aff7-10ee224b3612,0,0,4.0,426.0,400,0.0,4,0,0
competitive,fault10,V2_dynamic,b9856aea-375e-4bc3-8ecb-8083c22bcba2,0,0,4.0,-20.53,400,0.0,4,0,0
competitive,fault10,V2_dynamic,6c76cd11-30f2-4a66-9f13-e99ba2b54946,0,0,4.0,-0.4,400,0.0,4,0,0
competitive,fault10,V2_dynamic,0da57c95-2709-4b67-a1be-db6f325fb4e5,0,0,4.0,0.4,400,0.0,4,0,0
competitive,fault10,V2_dynamic,629daa0a-eeb0-4c55-854c-b2b93f4b9ae9,0,0,4.0,-0.7,400,0.0,4,0,0
competitive,fault10,V2_dynamic,bb2e18cd-6548-47dd-8d73-e6ae2eb71e8e,0,0,4.0,0.36,400,0.0,4,0,0
competitive,fault10,V2_dynamic,45061182-d00d-4b3c-ae05-2c6fd5ba5cf2,0,0,4.0,-16.0,400,0.0,4,0,0
competitive,fault10,V2_dynamic,2edb8fba-16aa-4c56-8044-03a3f1220737,0,0,4.0,2.0,400,0.0,4,0,0
competitive,fault10,V2_dynamic,e8d54320-2dfb-4210-8393-6c56aff55ecc,0,0,4.0,0.47,400,0.0,4,0,0
competitive,fault10,V2_dynamic,c4eb5f20-8d18-4d1a-be03-b014e541eab3,0,0,4.0,8.8,400,0.0,4,0,0
competitive,fault10,V2_dynamic,0045158d-99c6-4ccb-99d8-8eea8cace339,0,0,4.0,-6.1,400,0.0,4,0,0
competitive,fault10,V2_dynamic,0202dbb4-5221-42b7-96b7-5bcb476ffdec,0,0,4.0,-12.9,400,0.0,4,1,0
competitive,fault10,V2_dynamic,ba2089ef-6999-4381-b677-a4f2f6af8e8e,0,0,4.0,5.0,400,0.0,4,0,0
competitive,fault10,V2_dynamic,94bc4d77-55a8-4cb0-a095-f9d799b3c37b,0,0,4.0,10.0,400,0.0,4,0,0
competitive,fault10,V2_dynamic,30f78337-c974-4434-a990-8c33c92a5306,0,0,4.0,3.57,400,0.0,4,0,0
competitive,fault10,V2_dynamic,fcaa00dc-f9ec-4f57-a7e1-a7ccaca9202b,0,0,4.0,20.45,400,0.0,4,0,0
competitive,fault10,V2_dynamic,854d95f4-d165-4132-8573-34843115ed45,0,0,4.0,0.4,400,0.0,4,0,0
competitive,fault10,V2_dynamic,6792fc0a-f8cf-43d8-bc1a-9a11646e7e31,0,0,4.0,114.81,400,0.0,4,0,0
competitive,fault10,V2_dynamic,bc009826-d4f1-4c53-9e3c-0e6349e8b527,0,0,4.0,-15.38,400,0.0,4,0,0
competitive,fault10,V2_dynamic,2c980685-7c11-412a-afa6-c23725fcedf6,0,0,4.0,1.6,400,0.0,4,0,0
competitive,fault10,V2_dynamic,99f1cb28-c0d5-4cda-b50a-a1d7c17b777a,0,0,4.0,66.9,400,0.0,4,0,0
competitive,fault10,V2_dynamic,72a4833d-a74d-410c-9311-dad856c7fe26,0,0,4.0,11.39,400,0.0,4,0,0
competitive,fault10,V2_dynamic,3828301a-73bd-4540-80d3-43061664f135,0,0,4.0,11.0,400,0.0,4,0,0
competitive,fault10,V2_dynamic,46ed6025-c0ae-49d3-8539-a45a1d37ee80,0,0,4.0,81.68,400,0.0,4,0,0
competitive,fault10,V2_dynamic,297ae9f3-5ef8-435e-a4e7-e0b97a049904,0,0,4.0,0.99,400,0.0,4,0,0
competitive,fault10,V2_dynamic,a38407e1-d341-4825-933e-81c2a559035f,0,0,4.0,46.0,400,0.0,4,0,0
competitive,fault10,V2_dynamic,14814a4d-55f8-4fe0-9e13-59ab7a4d485b,0,0,4.0,-0.7,500,0.0,5,1,1
competitive,fault20,V2_dynamic,0f2052a9-2761-4594-8be1-0ecf85fa47fc,0,0,4.0,0.6,400,0.0,4,0,0
competitive,fault20,V2_dynamic,6db94fb6-4116-44dc-8426-229509a07473,0,0,4.0,30.9,600,0.0,6,1,1
competitive,fault20,V2_dynamic,e73e316e-41a7-4f92-a40e-3ae277443d12,0,0,4.0,-8.2,400,0.0,4,0,0
competitive,fault20,V2_dynamic,02abaa03-2a3e-4db4-8f6b-fc31acfab880,0,0,4.0,44.9,500,0.0,5,1,1
competitive,fault20,V2_dynamic,a0720c04-0ddf-460b-81d7-60d9e6b6e3a1,0,0,4.0,183.0,400,0.0,4,1,0
competitive,fault20,V2_dynamic,2ba67b9a-9cf8-466f-81cc-b3cf0e3bec49,0,0,4.0,63.0,400,0.0,4,0,0
competitive,fault20,V2_dynamic,9f212b77-e8cb-414c-b2c4-526f48a1f71b,0,0,4.0,-45.0,400,0.0,4,0,0
competitive,fault20,V2_dynamic,d97be352-26c2-4c4b-a8ce-459f5a24f124,0,0,4.0,-176.1,400,0.0,4,0,0
competitive,fault20,V2_dynamic,6f2a9b75-8907-4c4a-87c8-c2be01797dd5,0,0,4.0,123.2,400,0.0,4,0,0
competitive,fault20,V2_dynamic,fedb5ce9-f135-411b-a7e5-931803df369f,0,0,4.0,150.0,400,0.0,4,0,0
competitive,fault20,V2_dynamic,c9cc52de-f9a5-4bd5-a45a-86a68e61876f,0,0,4.0,-13.8,400,0.0,4,0,0
competitive,fault20,V2_dynamic,dc89a4b7-340e-4d48-96d9-ec9a38e65a0b,0,0,4.0,94.67,400,0.0,4,1,0
competitive,fault20,V2_dynamic,7384e0e0-2cbe-432f-9f0f-82ba1d88355b,0,0,4.0,34.2,400,0.0,4,1,0
competitive,fault20,V2_dynamic,ee2ad496-6ff0-4ddb-9359-7f90f8155885,0,0,4.0,0.97,400,0.0,4,0,0
competitive,fault20,V2_dynamic,e4027313-f6f6-4bb1-afb6-6520943df9a7,0,0,4.0,20.46,400,0.0,4,0,0
competitive,fault20,V2_dynamic,79a28339-32a7-42de-80db-fa4b1f2b2cbd,0,0,4.0,37.27,400,0.0,4,0,0
competitive,fault20,V2_dynamic,a0284ac1-abb3-4e82-bb8c-409ec89c5a54,0,0,4.0,267.0,400,0.0,4,0,0
competitive,fault20,V2_dynamic,b221ecbc-af23-4ad1-8202-0cc9e53b8ad3,0,0,4.0,-4.74,400,0.0,4,0,0
competitive,fault20,V2_dynamic,5c96ba61-4efe-4792-83c5-bcd41a037bc9,0,0,4.0,2.31,400,0.0,4,0,0
competitive,fault20,V2_dynamic,d03efb78-1b78-4f2f-9e7c-d2889a29acc2,0,0,4.0,-66.7,400,0.0,4,1,0
competitive,fault20,V2_dynamic,d61315b1-7c1f-4c6e-8bb4-8042c71671cb,0,0,4.0,5.68,400,0.0,4,0,0
competitive,fault20,V2_dynamic,e777ea8c-c353-460e-a724-9c92a8eb6d75,0,0,4.0,247.0,400,0.0,4,0,0
competitive,fault20,V2_dynamic,718c9b4f-3907-4a12-b0c0-8bfec4d106ab,0,0,4.0,58.0,400,0.0,4,0,0
competitive,fault20,V2_dynamic,ff99e26a-38be-43d5-aff7-10ee224b3612,0,0,4.0,426.0,400,0.0,4,0,0
competitive,fault20,V2_dynamic,b9856aea-375e-4bc3-8ecb-8083c22bcba2,0,0,4.0,-20.53,400,0.0,4,0,0
competitive,fault20,V2_dynamic,6c76cd11-30f2-4a66-9f13-e99ba2b54946,0,0,4.0,-0.4,400,0.0,4,0,0
competitive,fault20,V2_dynamic,0da57c95-2709-4b67-a1be-db6f325fb4e5,0,0,4.0,0.4,400,0.0,4,0,0
competitive,fault20,V2_dynamic,629daa0a-eeb0-4c55-854c-b2b93f4b9ae9,0,0,4.0,-0.7,400,0.0,4,0,0
competitive,fault20,V2_dynamic,bb2e18cd-6548-47dd-8d73-e6ae2eb71e8e,0,0,4.0,0.36,400,0.0,4,0,0
competitive,fault20,V2_dynamic,45061182-d00d-4b3c-ae05-2c6fd5ba5cf2,0,0,4.0,-16.0,400,0.0,4,0,0
competitive,fault20,V2_dynamic,2edb8fba-16aa-4c56-8044-03a3f1220737,0,0,4.0,2.0,400,0.0,4,0,0
competitive,fault20,V2_dynamic,e8d54320-2dfb-4210-8393-6c56aff55ecc,0,0,4.0,0.47,400,0.0,4,0,0
competitive,fault20,V2_dynamic,c4eb5f20-8d18-4d1a-be03-b014e541eab3,0,0,4.0,8.8,400,0.0,4,0,0
competitive,fault20,V2_dynamic,0045158d-99c6-4ccb-99d8-8eea8cace339,0,0,4.0,-6.1,400,0.0,4,1,0
competitive,fault20,V2_dynamic,0202dbb4-5221-42b7-96b7-5bcb476ffdec,0,0,4.0,-12.9,400,0.0,4,0,0
competitive,fault20,V2_dynamic,ba2089ef-6999-4381-b677-a4f2f6af8e8e,0,0,4.0,5.0,400,0.0,4,0,0
competitive,fault20,V2_dynamic,94bc4d77-55a8-4cb0-a095-f9d799b3c37b,0,0,4.0,10.0,400,0.0,4,0,0
competitive,fault20,V2_dynamic,30f78337-c974-4434-a990-8c33c92a5306,0,0,4.0,3.57,400,0.0,4,1,0
competitive,fault20,V2_dynamic,fcaa00dc-f9ec-4f57-a7e1-a7ccaca9202b,0,0,4.0,20.45,400,0.0,4,0,0
competitive,fault20,V2_dynamic,854d95f4-d165-4132-8573-34843115ed45,0,0,4.0,0.4,400,0.0,4,0,0
competitive,fault20,V2_dynamic,6792fc0a-f8cf-43d8-bc1a-9a11646e7e31,0,0,4.0,114.81,400,0.0,4,0,0
competitive,fault20,V2_dynamic,bc009826-d4f1-4c53-9e3c-0e6349e8b527,0,0,4.0,-15.38,400,0.0,4,1,0
competitive,fault20,V2_dynamic,2c980685-7c11-412a-afa6-c23725fcedf6,0,0,4.0,1.6,400,0.0,4,0,0
competitive,fault20,V2_dynamic,99f1cb28-c0d5-4cda-b50a-a1d7c17b777a,0,0,4.0,66.9,400,0.0,4,0,0
competitive,fault20,V2_dynamic,72a4833d-a74d-410c-9311-dad856c7fe26,0,0,4.0,11.39,400,0.0,4,0,0
competitive,fault20,V2_dynamic,3828301a-73bd-4540-80d3-43061664f135,0,0,4.0,11.0,400,0.0,4,0,0
competitive,fault20,V2_dynamic,46ed6025-c0ae-49d3-8539-a45a1d37ee80,0,0,4.0,81.68,400,0.0,4,1,0
competitive,fault20,V2_dynamic,297ae9f3-5ef8-435e-a4e7-e0b97a049904,0,0,4.0,0.99,400,0.0,4,0,0
competitive,fault20,V2_dynamic,a38407e1-d341-4825-933e-81c2a559035f,0,0,4.0,46.0,400,0.0,4,0,0
competitive,fault20,V2_dynamic,14814a4d-55f8-4fe0-9e13-59ab7a4d485b,0,0,4.0,-0.7,400,0.0,4,0,0
competitive,fault30,V2_dynamic,0f2052a9-2761-4594-8be1-0ecf85fa47fc,0,0,4.0,0.6,400,0.0,4,0,0
competitive,fault30,V2_dynamic,6db94fb6-4116-44dc-8426-229509a07473,0,0,4.0,30.9,400,0.0,4,0,0
competitive,fault30,V2_dynamic,e73e316e-41a7-4f92-a40e-3ae277443d12,0,0,4.0,-8.2,400,0.0,4,0,0
competitive,fault30,V2_dynamic,02abaa03-2a3e-4db4-8f6b-fc31acfab880,0,0,4.0,44.9,400,0.0,4,1,0
competitive,fault30,V2_dynamic,a0720c04-0ddf-460b-81d7-60d9e6b6e3a1,0,0,4.0,183.0,400,0.0,4,1,0
competitive,fault30,V2_dynamic,2ba67b9a-9cf8-466f-81cc-b3cf0e3bec49,0,0,4.0,63.0,400,0.0,4,0,0
competitive,fault30,V2_dynamic,9f212b77-e8cb-414c-b2c4-526f48a1f71b,0,0,4.0,-45.0,400,0.0,4,0,0
competitive,fault30,V2_dynamic,d97be352-26c2-4c4b-a8ce-459f5a24f124,0,0,4.0,-176.1,400,0.0,4,0,0
competitive,fault30,V2_dynamic,6f2a9b75-8907-4c4a-87c8-c2be01797dd5,0,0,4.0,123.2,600,0.0,6,1,1
competitive,fault30,V2_dynamic,fedb5ce9-f135-411b-a7e5-931803df369f,0,0,4.0,150.0,400,0.0,4,1,0
competitive,fault30,V2_dynamic,c9cc52de-f9a5-4bd5-a45a-86a68e61876f,0,0,4.0,-13.8,400,0.0,4,0,0
competitive,fault30,V2_dynamic,dc89a4b7-340e-4d48-96d9-ec9a38e65a0b,0,0,4.0,94.67,400,0.0,4,0,0
competitive,fault30,V2_dynamic,7384e0e0-2cbe-432f-9f0f-82ba1d88355b,0,0,4.0,34.2,500,0.0,5,1,1
competitive,fault30,V2_dynamic,ee2ad496-6ff0-4ddb-9359-7f90f8155885,0,0,4.0,0.97,400,0.0,4,0,0
competitive,fault30,V2_dynamic,e4027313-f6f6-4bb1-afb6-6520943df9a7,0,0,4.0,20.46,500,0.0,5,1,1
competitive,fault30,V2_dynamic,79a28339-32a7-42de-80db-fa4b1f2b2cbd,0,0,4.0,37.27,400,0.0,4,0,0
competitive,fault30,V2_dynamic,a0284ac1-abb3-4e82-bb8c-409ec89c5a54,0,0,4.0,267.0,400,0.0,4,0,0
competitive,fault30,V2_dynamic,b221ecbc-af23-4ad1-8202-0cc9e53b8ad3,0,0,4.0,-4.74,400,0.0,4,0,0
competitive,fault30,V2_dynamic,5c96ba61-4efe-4792-83c5-bcd41a037bc9,0,0,4.0,2.31,400,0.0,4,0,0
competitive,fault30,V2_dynamic,d03efb78-1b78-4f2f-9e7c-d2889a29acc2,0,0,4.0,-66.7,400,0.0,4,0,0
competitive,fault30,V2_dynamic,d61315b1-7c1f-4c6e-8bb4-8042c71671cb,0,0,4.0,5.68,400,0.0,4,0,0
competitive,fault30,V2_dynamic,e777ea8c-c353-460e-a724-9c92a8eb6d75,0,0,4.0,247.0,400,0.0,4,1,0
competitive,fault30,V2_dynamic,718c9b4f-3907-4a12-b0c0-8bfec4d106ab,0,0,4.0,58.0,400,0.0,4,0,0
competitive,fault30,V2_dynamic,ff99e26a-38be-43d5-aff7-10ee224b3612,0,0,4.0,426.0,400,0.0,4,1,0
competitive,fault30,V2_dynamic,b9856aea-375e-4bc3-8ecb-8083c22bcba2,0,0,4.0,-20.53,400,0.0,4,1,0
competitive,fault30,V2_dynamic,6c76cd11-30f2-4a66-9f13-e99ba2b54946,0,0,4.0,-0.4,400,0.0,4,0,0
competitive,fault30,V2_dynamic,0da57c95-2709-4b67-a1be-db6f325fb4e5,0,0,4.0,0.4,500,0.0,5,1,1
competitive,fault30,V2_dynamic,629daa0a-eeb0-4c55-854c-b2b93f4b9ae9,0,0,4.0,-0.7,400,0.0,4,1,0
competitive,fault30,V2_dynamic,bb2e18cd-6548-47dd-8d73-e6ae2eb71e8e,0,0,4.0,0.36,400,0.0,4,1,0
competitive,fault30,V2_dynamic,45061182-d00d-4b3c-ae05-2c6fd5ba5cf2,0,0,4.0,-16.0,400,0.0,4,0,0
competitive,fault30,V2_dynamic,2edb8fba-16aa-4c56-8044-03a3f1220737,0,0,4.0,2.0,400,0.0,4,0,0
competitive,fault30,V2_dynamic,e8d54320-2dfb-4210-8393-6c56aff55ecc,0,0,4.0,0.47,400,0.0,4,0,0
competitive,fault30,V2_dynamic,c4eb5f20-8d18-4d1a-be03-b014e541eab3,0,0,4.0,8.8,400,0.0,4,0,0
competitive,fault30,V2_dynamic,0045158d-99c6-4ccb-99d8-8eea8cace339,0,0,4.0,-6.1,400,0.0,4,0,0
competitive,fault30,V2_dynamic,0202dbb4-5221-42b7-96b7-5bcb476ffdec,0,0,4.0,-12.9,400,0.0,4,0,0
competitive,fault30,V2_dynamic,ba2089ef-6999-4381-b677-a4f2f6af8e8e,0,0,4.0,5.0,400,0.0,4,0,0
competitive,fault30,V2_dynamic,94bc4d77-55a8-4cb0-a095-f9d799b3c37b,0,0,4.0,10.0,400,0.0,4,1,0
competitive,fault30,V2_dynamic,30f78337-c974-4434-a990-8c33c92a5306,0,0,4.0,3.57,400,0.0,4,0,0
competitive,fault30,V2_dynamic,fcaa00dc-f9ec-4f57-a7e1-a7ccaca9202b,0,0,4.0,20.45,400,0.0,4,0,0
competitive,fault30,V2_dynamic,854d95f4-d165-4132-8573-34843115ed45,0,0,4.0,0.4,400,0.0,4,0,0
competitive,fault30,V2_dynamic,6792fc0a-f8cf-43d8-bc1a-9a11646e7e31,0,0,4.0,114.81,400,0.0,4,0,0
competitive,fault30,V2_dynamic,bc009826-d4f1-4c53-9e3c-0e6349e8b527,0,0,4.0,-15.38,400,0.0,4,0,0
competitive,fault30,V2_dynamic,2c980685-7c11-412a-afa6-c23725fcedf6,0,0,4.0,1.6,400,0.0,4,0,0
competitive,fault30,V2_dynamic,99f1cb28-c0d5-4cda-b50a-a1d7c17b777a,0,0,4.0,66.9,500,0.0,5,1,1
competitive,fault30,V2_dynamic,72a4833d-a74d-410c-9311-dad856c7fe26,0,0,4.0,11.39,400,0.0,4,0,0
competitive,fault30,V2_dynamic,3828301a-73bd-4540-80d3-43061664f135,0,0,4.0,11.0,400,0.0,4,1,0
competitive,fault30,V2_dynamic,46ed6025-c0ae-49d3-8539-a45a1d37ee80,0,0,4.0,81.68,400,0.0,4,0,0
competitive,fault30,V2_dynamic,297ae9f3-5ef8-435e-a4e7-e0b97a049904,0,0,4.0,0.99,400,0.0,4,0,0
competitive,fault30,V2_dynamic,a38407e1-d341-4825-933e-81c2a559035f,0,0,4.0,46.0,400,0.0,4,0,0
competitive,fault30,V2_dynamic,14814a4d-55f8-4fe0-9e13-59ab7a4d485b,0,0,4.0,-0.7,400,0.0,4,0,0
competitive,fault10,V2_static,0f2052a9-2761-4594-8be1-0ecf85fa47fc,0,0,4.0,0.6,400,0.0,4,0,0
competitive,fault10,V2_static,6db94fb6-4116-44dc-8426-229509a07473,0,0,4.0,30.9,400,0.0,4,0,0
competitive,fault10,V2_static,e73e316e-41a7-4f92-a40e-3ae277443d12,0,0,4.0,-8.2,400,0.0,4,0,0
competitive,fault10,V2_static,02abaa03-2a3e-4db4-8f6b-fc31acfab880,0,0,4.0,44.9,400,0.0,4,0,0
competitive,fault10,V2_static,a0720c04-0ddf-460b-81d7-60d9e6b6e3a1,0,0,4.0,183.0,400,0.0,4,0,0
competitive,fault10,V2_static,2ba67b9a-9cf8-466f-81cc-b3cf0e3bec49,0,0,4.0,63.0,400,0.0,4,0,0
competitive,fault10,V2_static,9f212b77-e8cb-414c-b2c4-526f48a1f71b,0,0,4.0,-45.0,400,0.0,4,0,0
competitive,fault10,V2_static,d97be352-26c2-4c4b-a8ce-459f5a24f124,0,0,4.0,-176.1,400,0.0,4,0,0
competitive,fault10,V2_static,6f2a9b75-8907-4c4a-87c8-c2be01797dd5,0,0,4.0,123.2,400,0.0,4,0,0
competitive,fault10,V2_static,fedb5ce9-f135-411b-a7e5-931803df369f,0,0,4.0,150.0,400,0.0,4,0,0
competitive,fault10,V2_static,c9cc52de-f9a5-4bd5-a45a-86a68e61876f,0,0,4.0,-13.8,400,0.0,4,0,0
competitive,fault10,V2_static,dc89a4b7-340e-4d48-96d9-ec9a38e65a0b,0,0,4.0,94.67,400,0.0,4,0,0
competitive,fault10,V2_static,7384e0e0-2cbe-432f-9f0f-82ba1d88355b,0,0,4.0,34.2,400,0.0,4,1,1
competitive,fault10,V2_static,ee2ad496-6ff0-4ddb-9359-7f90f8155885,0,0,4.0,0.97,400,0.0,4,0,0
competitive,fault10,V2_static,e4027313-f6f6-4bb1-afb6-6520943df9a7,0,0,4.0,20.46,400,0.0,4,0,0
competitive,fault10,V2_static,79a28339-32a7-42de-80db-fa4b1f2b2cbd,0,0,4.0,37.27,400,0.0,4,0,0
competitive,fault10,V2_static,a0284ac1-abb3-4e82-bb8c-409ec89c5a54,0,0,4.0,267.0,400,0.0,4,1,0
competitive,fault10,V2_static,b221ecbc-af23-4ad1-8202-0cc9e53b8ad3,0,0,4.0,-4.74,400,0.0,4,0,0
competitive,fault10,V2_static,5c96ba61-4efe-4792-83c5-bcd41a037bc9,0,0,4.0,2.31,400,0.0,4,0,0
competitive,fault10,V2_static,d03efb78-1b78-4f2f-9e7c-d2889a29acc2,0,0,4.0,-66.7,400,0.0,4,0,0
competitive,fault10,V2_static,d61315b1-7c1f-4c6e-8bb4-8042c71671cb,0,0,4.0,5.68,400,0.0,4,0,0
competitive,fault10,V2_static,e777ea8c-c353-460e-a724-9c92a8eb6d75,0,0,4.0,247.0,400,0.0,4,0,0
competitive,fault10,V2_static,718c9b4f-3907-4a12-b0c0-8bfec4d106ab,0,0,4.0,58.0,400,0.0,4,1,0
competitive,fault10,V2_static,ff99e26a-38be-43d5-aff7-10ee224b3612,0,0,4.0,426.0,400,0.0,4,0,0
competitive,fault10,V2_static,b9856aea-375e-4bc3-8ecb-8083c22bcba2,0,0,4.0,-20.53,400,0.0,4,0,0
competitive,fault10,V2_static,6c76cd11-30f2-4a66-9f13-e99ba2b54946,0,0,4.0,-0.4,400,0.0,4,0,0
competitive,fault10,V2_static,0da57c95-2709-4b67-a1be-db6f325fb4e5,0,0,4.0,0.4,400,0.0,4,0,0
competitive,fault10,V2_static,629daa0a-eeb0-4c55-854c-b2b93f4b9ae9,0,0,4.0,-0.7,400,0.0,4,0,0
competitive,fault10,V2_static,bb2e18cd-6548-47dd-8d73-e6ae2eb71e8e,0,0,4.0,0.36,400,0.0,4,0,0
competitive,fault10,V2_static,45061182-d00d-4b3c-ae05-2c6fd5ba5cf2,0,0,4.0,-16.0,400,0.0,4,0,0
competitive,fault10,V2_static,2edb8fba-16aa-4c56-8044-03a3f1220737,0,0,4.0,2.0,400,0.0,4,0,0
competitive,fault10,V2_static,e8d54320-2dfb-4210-8393-6c56aff55ecc,0,0,4.0,0.47,400,0.0,4,0,0
competitive,fault10,V2_static,c4eb5f20-8d18-4d1a-be03-b014e541eab3,0,0,4.0,8.8,400,0.0,4,0,0
competitive,fault10,V2_static,0045158d-99c6-4ccb-99d8-8eea8cace339,0,0,4.0,-6.1,400,0.0,4,0,0
competitive,fault10,V2_static,0202dbb4-5221-42b7-96b7-5bcb476ffdec,0,0,4.0,-12.9,400,0.0,4,1,0
competitive,fault10,V2_static,ba2089ef-6999-4381-b677-a4f2f6af8e8e,0,0,4.0,5.0,400,0.0,4,0,0
competitive,fault10,V2_static,94bc4d77-55a8-4cb0-a095-f9d799b3c37b,0,0,4.0,10.0,400,0.0,4,0,0
competitive,fault10,V2_static,30f78337-c974-4434-a990-8c33c92a5306,0,0,4.0,3.57,400,0.0,4,0,0
competitive,fault10,V2_static,fcaa00dc-f9ec-4f57-a7e1-a7ccaca9202b,0,0,4.0,20.45,400,0.0,4,0,0
competitive,fault10,V2_static,854d95f4-d165-4132-8573-34843115ed45,0,0,4.0,0.4,400,0.0,4,0,0
competitive,fault10,V2_static,6792fc0a-f8cf-43d8-bc1a-9a11646e7e31,0,0,4.0,114.81,400,0.0,4,0,0
competitive,fault10,V2_static,bc009826-d4f1-4c53-9e3c-0e6349e8b527,0,0,4.0,-15.38,400,0.0,4,0,0
competitive,fault10,V2_static,2c980685-7c11-412a-afa6-c23725fcedf6,0,0,4.0,1.6,400,0.0,4,0,0
competitive,fault10,V2_static,99f1cb28-c0d5-4cda-b50a-a1d7c17b777a,0,0,4.0,66.9,400,0.0,4,0,0
competitive,fault10,V2_static,72a4833d-a74d-410c-9311-dad856c7fe26,0,0,4.0,11.39,400,0.0,4,0,0
competitive,fault10,V2_static,3828301a-73bd-4540-80d3-43061664f135,0,0,4.0,11.0,400,0.0,4,0,0
competitive,fault10,V2_static,46ed6025-c0ae-49d3-8539-a45a1d37ee80,0,0,4.0,81.68,400,0.0,4,0,0
competitive,fault10,V2_static,297ae9f3-5ef8-435e-a4e7-e0b97a049904,0,0,4.0,0.99,400,0.0,4,0,0
competitive,fault10,V2_static,a38407e1-d341-4825-933e-81c2a559035f,0,0,4.0,46.0,400,0.0,4,0,0
competitive,fault10,V2_static,14814a4d-55f8-4fe0-9e13-59ab7a4d485b,0,0,,-0.7,400,0.0,4,1,1
competitive,fault20,V2_static,0f2052a9-2761-4594-8be1-0ecf85fa47fc,0,0,4.0,0.6,400,0.0,4,0,0
competitive,fault20,V2_static,6db94fb6-4116-44dc-8426-229509a07473,0,0,4.0,30.9,400,0.0,4,1,1
competitive,fault20,V2_static,e73e316e-41a7-4f92-a40e-3ae277443d12,0,0,4.0,-8.2,400,0.0,4,0,0
competitive,fault20,V2_static,02abaa03-2a3e-4db4-8f6b-fc31acfab880,0,0,,44.9,400,0.0,4,1,1
competitive,fault20,V2_static,a0720c04-0ddf-460b-81d7-60d9e6b6e3a1,0,0,4.0,183.0,400,0.0,4,1,0
competitive,fault20,V2_static,2ba67b9a-9cf8-466f-81cc-b3cf0e3bec49,0,0,4.0,63.0,400,0.0,4,0,0
competitive,fault20,V2_static,9f212b77-e8cb-414c-b2c4-526f48a1f71b,0,0,4.0,-45.0,400,0.0,4,0,0
competitive,fault20,V2_static,d97be352-26c2-4c4b-a8ce-459f5a24f124,0,0,4.0,-176.1,400,0.0,4,0,0
competitive,fault20,V2_static,6f2a9b75-8907-4c4a-87c8-c2be01797dd5,0,0,4.0,123.2,400,0.0,4,0,0
competitive,fault20,V2_static,fedb5ce9-f135-411b-a7e5-931803df369f,0,0,4.0,150.0,400,0.0,4,0,0
competitive,fault20,V2_static,c9cc52de-f9a5-4bd5-a45a-86a68e61876f,0,0,4.0,-13.8,400,0.0,4,0,0
competitive,fault20,V2_static,dc89a4b7-340e-4d48-96d9-ec9a38e65a0b,0,0,4.0,94.67,400,0.0,4,1,1
competitive,fault20,V2_static,7384e0e0-2cbe-432f-9f0f-82ba1d88355b,0,0,4.0,34.2,400,0.0,4,1,1
competitive,fault20,V2_static,ee2ad496-6ff0-4ddb-9359-7f90f8155885,0,0,4.0,0.97,400,0.0,4,0,0
competitive,fault20,V2_static,e4027313-f6f6-4bb1-afb6-6520943df9a7,0,0,4.0,20.46,400,0.0,4,0,0
competitive,fault20,V2_static,79a28339-32a7-42de-80db-fa4b1f2b2cbd,0,0,4.0,37.27,400,0.0,4,0,0
competitive,fault20,V2_static,a0284ac1-abb3-4e82-bb8c-409ec89c5a54,0,0,4.0,267.0,400,0.0,4,0,0
competitive,fault20,V2_static,b221ecbc-af23-4ad1-8202-0cc9e53b8ad3,0,0,4.0,-4.74,400,0.0,4,0,0
competitive,fault20,V2_static,5c96ba61-4efe-4792-83c5-bcd41a037bc9,0,0,4.0,2.31,400,0.0,4,0,0
competitive,fault20,V2_static,d03efb78-1b78-4f2f-9e7c-d2889a29acc2,0,0,4.0,-66.7,400,0.0,4,1,0
competitive,fault20,V2_static,d61315b1-7c1f-4c6e-8bb4-8042c71671cb,0,0,4.0,5.68,400,0.0,4,0,0
competitive,fault20,V2_static,e777ea8c-c353-460e-a724-9c92a8eb6d75,0,0,4.0,247.0,400,0.0,4,0,0
competitive,fault20,V2_static,718c9b4f-3907-4a12-b0c0-8bfec4d106ab,0,0,4.0,58.0,400,0.0,4,0,0
competitive,fault20,V2_static,ff99e26a-38be-43d5-aff7-10ee224b3612,0,0,4.0,426.0,400,0.0,4,0,0
competitive,fault20,V2_static,b9856aea-375e-4bc3-8ecb-8083c22bcba2,0,0,4.0,-20.53,400,0.0,4,0,0
competitive,fault20,V2_static,6c76cd11-30f2-4a66-9f13-e99ba2b54946,0,0,4.0,-0.4,400,0.0,4,0,0
competitive,fault20,V2_static,0da57c95-2709-4b67-a1be-db6f325fb4e5,0,0,4.0,0.4,400,0.0,4,0,0
competitive,fault20,V2_static,629daa0a-eeb0-4c55-854c-b2b93f4b9ae9,0,0,4.0,-0.7,400,0.0,4,0,0
competitive,fault20,V2_static,bb2e18cd-6548-47dd-8d73-e6ae2eb71e8e,0,0,4.0,0.36,400,0.0,4,0,0
competitive,fault20,V2_static,45061182-d00d-4b3c-ae05-2c6fd5ba5cf2,0,0,4.0,-16.0,400,0.0,4,0,0
competitive,fault20,V2_static,2edb8fba-16aa-4c56-8044-03a3f1220737,0,0,4.0,2.0,400,0.0,4,0,0
competitive,fault20,V2_static,e8d54320-2dfb-4210-8393-6c56aff55ecc,0,0,4.0,0.47,400,0.0,4,0,0
competitive,fault20,V2_static,c4eb5f20-8d18-4d1a-be03-b014e541eab3,0,0,4.0,8.8,400,0.0,4,0,0
competitive,fault20,V2_static,0045158d-99c6-4ccb-99d8-8eea8cace339,0,0,4.0,-6.1,400,0.0,4,1,0
competitive,fault20,V2_static,0202dbb4-5221-42b7-96b7-5bcb476ffdec,0,0,4.0,-12.9,400,0.0,4,0,0
competitive,fault20,V2_static,ba2089ef-6999-4381-b677-a4f2f6af8e8e,0,0,4.0,5.0,400,0.0,4,0,0
competitive,fault20,V2_static,94bc4d77-55a8-4cb0-a095-f9d799b3c37b,0,0,4.0,10.0,400,0.0,4,0,0
competitive,fault20,V2_static,30f78337-c974-4434-a990-8c33c92a5306,0,0,4.0,3.57,400,0.0,4,1,0
competitive,fault20,V2_static,fcaa00dc-f9ec-4f57-a7e1-a7ccaca9202b,0,0,4.0,20.45,400,0.0,4,0,0
competitive,fault20,V2_static,854d95f4-d165-4132-8573-34843115ed45,0,0,4.0,0.4,400,0.0,4,0,0
competitive,fault20,V2_static,6792fc0a-f8cf-43d8-bc1a-9a11646e7e31,0,0,4.0,114.81,400,0.0,4,0,0
competitive,fault20,V2_static,bc009826-d4f1-4c53-9e3c-0e6349e8b527,0,0,4.0,-15.38,400,0.0,4,1,1
competitive,fault20,V2_static,2c980685-7c11-412a-afa6-c23725fcedf6,0,0,4.0,1.6,400,0.0,4,0,0
competitive,fault20,V2_static,99f1cb28-c0d5-4cda-b50a-a1d7c17b777a,0,0,4.0,66.9,400,0.0,4,0,0
competitive,fault20,V2_static,72a4833d-a74d-410c-9311-dad856c7fe26,0,0,4.0,11.39,400,0.0,4,0,0
competitive,fault20,V2_static,3828301a-73bd-4540-80d3-43061664f135,0,0,4.0,11.0,400,0.0,4,0,0
competitive,fault20,V2_static,46ed6025-c0ae-49d3-8539-a45a1d37ee80,0,0,4.0,81.68,400,0.0,4,1,1
competitive,fault20,V2_static,297ae9f3-5ef8-435e-a4e7-e0b97a049904,0,0,4.0,0.99,400,0.0,4,0,0
competitive,fault20,V2_static,a38407e1-d341-4825-933e-81c2a559035f,0,0,4.0,46.0,400,0.0,4,0,0
competitive,fault20,V2_static,14814a4d-55f8-4fe0-9e13-59ab7a4d485b,0,0,4.0,-0.7,400,0.0,4,0,0
competitive,fault30,V2_static,0f2052a9-2761-4594-8be1-0ecf85fa47fc,0,0,4.0,0.6,400,0.0,4,0,0
competitive,fault30,V2_static,6db94fb6-4116-44dc-8426-229509a07473,0,0,4.0,30.9,400,0.0,4,0,0
competitive,fault30,V2_static,e73e316e-41a7-4f92-a40e-3ae277443d12,0,0,4.0,-8.2,400,0.0,4,0,0
competitive,fault30,V2_static,02abaa03-2a3e-4db4-8f6b-fc31acfab880,0,0,4.0,44.9,400,0.0,4,1,1
competitive,fault30,V2_static,a0720c04-0ddf-460b-81d7-60d9e6b6e3a1,0,0,4.0,183.0,400,0.0,4,1,0
competitive,fault30,V2_static,2ba67b9a-9cf8-466f-81cc-b3cf0e3bec49,0,0,4.0,63.0,400,0.0,4,0,0
competitive,fault30,V2_static,9f212b77-e8cb-414c-b2c4-526f48a1f71b,0,0,4.0,-45.0,400,0.0,4,0,0
competitive,fault30,V2_static,d97be352-26c2-4c4b-a8ce-459f5a24f124,0,0,4.0,-176.1,400,0.0,4,0,0
competitive,fault30,V2_static,6f2a9b75-8907-4c4a-87c8-c2be01797dd5,0,0,4.0,123.2,400,0.0,4,1,1
competitive,fault30,V2_static,fedb5ce9-f135-411b-a7e5-931803df369f,0,0,4.0,150.0,400,0.0,4,1,0
competitive,fault30,V2_static,c9cc52de-f9a5-4bd5-a45a-86a68e61876f,0,0,4.0,-13.8,400,0.0,4,0,0
competitive,fault30,V2_static,dc89a4b7-340e-4d48-96d9-ec9a38e65a0b,0,0,4.0,94.67,400,0.0,4,0,0
competitive,fault30,V2_static,7384e0e0-2cbe-432f-9f0f-82ba1d88355b,0,0,,34.2,400,0.0,4,1,1
competitive,fault30,V2_static,ee2ad496-6ff0-4ddb-9359-7f90f8155885,0,0,4.0,0.97,400,0.0,4,0,0
competitive,fault30,V2_static,e4027313-f6f6-4bb1-afb6-6520943df9a7,0,0,4.0,20.46,400,0.0,4,1,1
competitive,fault30,V2_static,79a28339-32a7-42de-80db-fa4b1f2b2cbd,0,0,4.0,37.27,400,0.0,4,0,0
competitive,fault30,V2_static,a0284ac1-abb3-4e82-bb8c-409ec89c5a54,0,0,4.0,267.0,400,0.0,4,0,0
competitive,fault30,V2_static,b221ecbc-af23-4ad1-8202-0cc9e53b8ad3,0,0,4.0,-4.74,400,0.0,4,0,0
competitive,fault30,V2_static,5c96ba61-4efe-4792-83c5-bcd41a037bc9,0,0,4.0,2.31,400,0.0,4,0,0
competitive,fault30,V2_static,d03efb78-1b78-4f2f-9e7c-d2889a29acc2,0,0,4.0,-66.7,400,0.0,4,0,0
competitive,fault30,V2_static,d61315b1-7c1f-4c6e-8bb4-8042c71671cb,0,0,4.0,5.68,400,0.0,4,0,0
competitive,fault30,V2_static,e777ea8c-c353-460e-a724-9c92a8eb6d75,0,0,4.0,247.0,400,0.0,4,1,0
competitive,fault30,V2_static,718c9b4f-3907-4a12-b0c0-8bfec4d106ab,0,0,4.0,58.0,400,0.0,4,0,0
competitive,fault30,V2_static,ff99e26a-38be-43d5-aff7-10ee224b3612,0,0,4.0,426.0,400,0.0,4,1,0
competitive,fault30,V2_static,b9856aea-375e-4bc3-8ecb-8083c22bcba2,0,0,4.0,-20.53,400,0.0,4,1,1
competitive,fault30,V2_static,6c76cd11-30f2-4a66-9f13-e99ba2b54946,0,0,4.0,-0.4,400,0.0,4,0,0
competitive,fault30,V2_static,0da57c95-2709-4b67-a1be-db6f325fb4e5,0,0,,0.4,400,0.0,4,1,1
competitive,fault30,V2_static,629daa0a-eeb0-4c55-854c-b2b93f4b9ae9,0,0,4.0,-0.7,400,0.0,4,1,0
competitive,fault30,V2_static,bb2e18cd-6548-47dd-8d73-e6ae2eb71e8e,0,0,4.0,0.36,400,0.0,4,1,1
competitive,fault30,V2_static,45061182-d00d-4b3c-ae05-2c6fd5ba5cf2,0,0,4.0,-16.0,400,0.0,4,0,0
competitive,fault30,V2_static,2edb8fba-16aa-4c56-8044-03a3f1220737,0,0,4.0,2.0,400,0.0,4,0,0
competitive,fault30,V2_static,e8d54320-2dfb-4210-8393-6c56aff55ecc,0,0,4.0,0.47,400,0.0,4,0,0
competitive,fault30,V2_static,c4eb5f20-8d18-4d1a-be03-b014e541eab3,0,0,4.0,8.8,400,0.0,4,0,0
competitive,fault30,V2_static,0045158d-99c6-4ccb-99d8-8eea8cace339,0,0,4.0,-6.1,400,0.0,4,0,0
competitive,fault30,V2_static,0202dbb4-5221-42b7-96b7-5bcb476ffdec,0,0,4.0,-12.9,400,0.0,4,0,0
competitive,fault30,V2_static,ba2089ef-6999-4381-b677-a4f2f6af8e8e,0,0,4.0,5.0,400,0.0,4,0,0
competitive,fault30,V2_static,94bc4d77-55a8-4cb0-a095-f9d799b3c37b,0,0,4.0,10.0,400,0.0,4,1,0
competitive,fault30,V2_static,30f78337-c974-4434-a990-8c33c92a5306,0,0,4.0,3.57,400,0.0,4,0,0
competitive,fault30,V2_static,fcaa00dc-f9ec-4f57-a7e1-a7ccaca9202b,0,0,4.0,20.45,400,0.0,4,0,0
competitive,fault30,V2_static,854d95f4-d165-4132-8573-34843115ed45,0,0,4.0,0.4,400,0.0,4,0,0
competitive,fault30,V2_static,6792fc0a-f8cf-43d8-bc1a-9a11646e7e31,0,0,4.0,114.81,400,0.0,4,0,0
competitive,fault30,V2_static,bc009826-d4f1-4c53-9e3c-0e6349e8b527,0,0,4.0,-15.38,400,0.0,4,0,0
competitive,fault30,V2_static,2c980685-7c11-412a-afa6-c23725fcedf6,0,0,4.0,1.6,400,0.0,4,0,0
competitive,fault30,V2_static,99f1cb28-c0d5-4cda-b50a-a1d7c17b777a,0,0,4.0,66.9,400,0.0,4,1,1
competitive,fault30,V2_static,72a4833d-a74d-410c-9311-dad856c7fe26,0,0,4.0,11.39,400,0.0,4,0,0
competitive,fault30,V2_static,3828301a-73bd-4540-80d3-43061664f135,0,0,4.0,11.0,400,0.0,4,1,0
competitive,fault30,V2_static,46ed6025-c0ae-49d3-8539-a45a1d37ee80,0,0,4.0,81.68,400,0.0,4,0,0
competitive,fault30,V2_static,297ae9f3-5ef8-435e-a4e7-e0b97a049904,0,0,4.0,0.99,400,0.0,4,0,0
competitive,fault30,V2_static,a38407e1-d341-4825-933e-81c2a559035f,0,0,4.0,46.0,400,0.0,4,0,0
competitive,fault30,V2_static,14814a4d-55f8-4fe0-9e13-59ab7a4d485b,0,0,4.0,-0.7,400,0.0,4,0,0
mechanism,clean,A_single,0f2052a9-2761-4594-8be1-0ecf85fa47fc,0,,4.0,0.6,100,0.0,1,0,0
mechanism,clean,A_single,6db94fb6-4116-44dc-8426-229509a07473,0,,4.0,30.9,100,0.0,1,0,0
mechanism,clean,A_single,e73e316e-41a7-4f92-a40e-3ae277443d12,0,,4.0,-8.2,100,0.0,1,0,0
mechanism,clean,A_single,02abaa03-2a3e-4db4-8f6b-fc31acfab880,0,,4.0,44.9,100,0.0,1,0,0
mechanism,clean,A_single,a0720c04-0ddf-460b-81d7-60d9e6b6e3a1,0,,4.0,183.0,100,0.0,1,0,0
mechanism,clean,A_single,2ba67b9a-9cf8-466f-81cc-b3cf0e3bec49,0,,4.0,63.0,100,0.0,1,0,0
mechanism,clean,A_single,9f212b77-e8cb-414c-b2c4-526f48a1f71b,0,,4.0,-45.0,100,0.0,1,0,0
mechanism,clean,A_single,d97be352-26c2-4c4b-a8ce-459f5a24f124,0,,4.0,-176.1,100,0.0,1,0,0
mechanism,clean,A_single,6f2a9b75-8907-4c4a-87c8-c2be01797dd5,0,,4.0,123.2,100,0.0,1,0,0
mechanism,clean,A_single,fedb5ce9-f135-411b-a7e5-931803df369f,0,,4.0,150.0,100,0.0,1,0,0
mechanism,clean,A_single,c9cc52de-f9a5-4bd5-a45a-86a68e61876f,0,,4.0,-13.8,100,0.0,1,0,0
mechanism,clean,A_single,dc89a4b7-340e-4d48-96d9-ec9a38e65a0b,0,,4.0,94.67,100,0.0,1,0,0
mechanism,clean,A_single,7384e0e0-2cbe-432f-9f0f-82ba1d88355b,0,,4.0,34.2,100,0.0,1,0,0
mechanism,clean,A_single,ee2ad496-6ff0-4ddb-9359-7f90f8155885,0,,4.0,0.97,100,0.0,1,0,0
mechanism,clean,A_single,e4027313-f6f6-4bb1-afb6-6520943df9a7,0,,4.0,20.46,100,0.0,1,0,0
mechanism,clean,A_single,79a28339-32a7-42de-80db-fa4b1f2b2cbd,0,,4.0,37.27,100,0.0,1,0,0
mechanism,clean,A_single,a0284ac1-abb3-4e82-bb8c-409ec89c5a54,0,,4.0,267.0,100,0.0,1,0,0
mechanism,clean,A_single,b221ecbc-af23-4ad1-8202-0cc9e53b8ad3,0,,4.0,-4.74,100,0.0,1,0,0
mechanism,clean,A_single,5c96ba61-4efe-4792-83c5-bcd41a037bc9,0,,4.0,2.31,100,0.0,1,0,0
mechanism,clean,A_single,d03efb78-1b78-4f2f-9e7c-d2889a29acc2,0,,4.0,-66.7,100,0.0,1,0,0
mechanism,clean,A_single,d61315b1-7c1f-4c6e-8bb4-8042c71671cb,0,,4.0,5.68,100,0.0,1,0,0
mechanism,clean,A_single,e777ea8c-c353-460e-a724-9c92a8eb6d75,0,,4.0,247.0,100,0.0,1,0,0
mechanism,clean,A_single,718c9b4f-3907-4a12-b0c0-8bfec4d106ab,0,,4.0,58.0,100,0.0,1,0,0
mechanism,clean,A_single,ff99e26a-38be-43d5-aff7-10ee224b3612,0,,4.0,426.0,100,0.0,1,0,0
mechanism,clean,A_single,b9856aea-375e-4bc3-8ecb-8083c22bcba2,0,,4.0,-20.53,100,0.0,1,0,0
mechanism,clean,A_single,6c76cd11-30f2-4a66-9f13-e99ba2b54946,0,,4.0,-0.4,100,0.0,1,0,0
mechanism,clean,A_single,0da57c95-2709-4b67-a1be-db6f325fb4e5,0,,4.0,0.4,100,0.0,1,0,0
mechanism,clean,A_single,629daa0a-eeb0-4c55-854c-b2b93f4b9ae9,0,,4.0,-0.7,100,0.0,1,0,0
mechanism,clean,A_single,bb2e18cd-6548-47dd-8d73-e6ae2eb71e8e,0,,4.0,0.36,100,0.0,1,0,0
mechanism,clean,A_single,45061182-d00d-4b3c-ae05-2c6fd5ba5cf2,0,,4.0,-16.0,100,0.0,1,0,0
mechanism,clean,A_single,2edb8fba-16aa-4c56-8044-03a3f1220737,0,,4.0,2.0,100,0.0,1,0,0
mechanism,clean,A_single,e8d54320-2dfb-4210-8393-6c56aff55ecc,0,,4.0,0.47,100,0.0,1,0,0
mechanism,clean,A_single,c4eb5f20-8d18-4d1a-be03-b014e541eab3,0,,4.0,8.8,100,0.0,1,0,0
mechanism,clean,A_single,0045158d-99c6-4ccb-99d8-8eea8cace339,0,,4.0,-6.1,100,0.0,1,0,0
mechanism,clean,A_single,0202dbb4-5221-42b7-96b7-5bcb476ffdec,0,,4.0,-12.9,100,0.0,1,0,0
mechanism,clean,A_single,ba2089ef-6999-4381-b677-a4f2f6af8e8e,0,,4.0,5.0,100,0.0,1,0,0
mechanism,clean,A_single,94bc4d77-55a8-4cb0-a095-f9d799b3c37b,0,,4.0,10.0,100,0.0,1,0,0
mechanism,clean,A_single,30f78337-c974-4434-a990-8c33c92a5306,0,,4.0,3.57,100,0.0,1,0,0
mechanism,clean,A_single,fcaa00dc-f9ec-4f57-a7e1-a7ccaca9202b,0,,4.0,20.45,100,0.0,1,0,0
mechanism,clean,A_single,854d95f4-d165-4132-8573-34843115ed45,0,,4.0,0.4,100,0.0,1,0,0
mechanism,clean,A_single,6792fc0a-f8cf-43d8-bc1a-9a11646e7e31,0,,4.0,114.81,100,0.0,1,0,0
mechanism,clean,A_single,bc009826-d4f1-4c53-9e3c-0e6349e8b527,0,,4.0,-15.38,100,0.0,1,0,0
mechanism,clean,A_single,2c980685-7c11-412a-afa6-c23725fcedf6,0,,4.0,1.6,100,0.0,1,0,0
mechanism,clean,A_single,99f1cb28-c0d5-4cda-b50a-a1d7c17b777a,0,,4.0,66.9,100,0.0,1,0,0
mechanism,clean,A_single,72a4833d-a74d-410c-9311-dad856c7fe26,0,,4.0,11.39,100,0.0,1,0,0
mechanism,clean,A_single,3828301a-73bd-4540-80d3-43061664f135,0,,4.0,11.0,100,0.0,1,0,0
mechanism,clean,A_single,46ed6025-c0ae-49d3-8539-a45a1d37ee80,0,,4.0,81.68,100,0.0,1,0,0
mechanism,clean,A_single,297ae9f3-5ef8-435e-a4e7-e0b97a049904,0,,4.0,0.99,100,0.0,1,0,0
mechanism,clean,A_single,a38407e1-d341-4825-933e-81c2a559035f,0,,4.0,46.0,100,0.0,1,0,0
mechanism,clean,A_single,14814a4d-55f8-4fe0-9e13-59ab7a4d485b,0,,4.0,-0.7,100,0.0,1,0,0
mechanism,fault10,A_single,0f2052a9-2761-4594-8be1-0ecf85fa47fc,0,,4.0,0.6,100,0.0,1,0,0
mechanism,fault10,A_single,6db94fb6-4116-44dc-8426-229509a07473,0,,4.0,30.9,100,0.0,1,0,0
mechanism,fault10,A_single,e73e316e-41a7-4f92-a40e-3ae277443d12,0,,4.0,-8.2,100,0.0,1,0,0
mechanism,fault10,A_single,02abaa03-2a3e-4db4-8f6b-fc31acfab880,0,,4.0,44.9,100,0.0,1,0,0
mechanism,fault10,A_single,a0720c04-0ddf-460b-81d7-60d9e6b6e3a1,0,,4.0,183.0,100,0.0,1,0,0
mechanism,fault10,A_single,2ba67b9a-9cf8-466f-81cc-b3cf0e3bec49,0,,4.0,63.0,100,0.0,1,0,0
mechanism,fault10,A_single,9f212b77-e8cb-414c-b2c4-526f48a1f71b,0,,4.0,-45.0,100,0.0,1,0,0
mechanism,fault10,A_single,d97be352-26c2-4c4b-a8ce-459f5a24f124,0,,4.0,-176.1,100,0.0,1,0,0
mechanism,fault10,A_single,6f2a9b75-8907-4c4a-87c8-c2be01797dd5,0,,4.0,123.2,100,0.0,1,0,0
mechanism,fault10,A_single,fedb5ce9-f135-411b-a7e5-931803df369f,0,,4.0,150.0,100,0.0,1,0,0
mechanism,fault10,A_single,c9cc52de-f9a5-4bd5-a45a-86a68e61876f,0,,4.0,-13.8,100,0.0,1,0,0
mechanism,fault10,A_single,dc89a4b7-340e-4d48-96d9-ec9a38e65a0b,0,,4.0,94.67,100,0.0,1,0,0
mechanism,fault10,A_single,7384e0e0-2cbe-432f-9f0f-82ba1d88355b,0,,,34.2,100,0.0,1,1,1
mechanism,fault10,A_single,ee2ad496-6ff0-4ddb-9359-7f90f8155885,0,,4.0,0.97,100,0.0,1,0,0
mechanism,fault10,A_single,e4027313-f6f6-4bb1-afb6-6520943df9a7,0,,4.0,20.46,100,0.0,1,0,0
mechanism,fault10,A_single,79a28339-32a7-42de-80db-fa4b1f2b2cbd,0,,4.0,37.27,100,0.0,1,0,0
mechanism,fault10,A_single,a0284ac1-abb3-4e82-bb8c-409ec89c5a54,0,,,267.0,100,0.0,1,1,1
mechanism,fault10,A_single,b221ecbc-af23-4ad1-8202-0cc9e53b8ad3,0,,4.0,-4.74,100,0.0,1,0,0
mechanism,fault10,A_single,5c96ba61-4efe-4792-83c5-bcd41a037bc9,0,,4.0,2.31,100,0.0,1,0,0
mechanism,fault10,A_single,d03efb78-1b78-4f2f-9e7c-d2889a29acc2,0,,4.0,-66.7,100,0.0,1,0,0
mechanism,fault10,A_single,d61315b1-7c1f-4c6e-8bb4-8042c71671cb,0,,4.0,5.68,100,0.0,1,0,0
mechanism,fault10,A_single,e777ea8c-c353-460e-a724-9c92a8eb6d75,0,,4.0,247.0,100,0.0,1,0,0
mechanism,fault10,A_single,718c9b4f-3907-4a12-b0c0-8bfec4d106ab,0,,,58.0,100,0.0,1,1,1
mechanism,fault10,A_single,ff99e26a-38be-43d5-aff7-10ee224b3612,0,,4.0,426.0,100,0.0,1,0,0
mechanism,fault10,A_single,b9856aea-375e-4bc3-8ecb-8083c22bcba2,0,,4.0,-20.53,100,0.0,1,0,0
mechanism,fault10,A_single,6c76cd11-30f2-4a66-9f13-e99ba2b54946,0,,4.0,-0.4,100,0.0,1,0,0
mechanism,fault10,A_single,0da57c95-2709-4b67-a1be-db6f325fb4e5,0,,4.0,0.4,100,0.0,1,0,0
mechanism,fault10,A_single,629daa0a-eeb0-4c55-854c-b2b93f4b9ae9,0,,4.0,-0.7,100,0.0,1,0,0
mechanism,fault10,A_single,bb2e18cd-6548-47dd-8d73-e6ae2eb71e8e,0,,4.0,0.36,100,0.0,1,0,0
mechanism,fault10,A_single,45061182-d00d-4b3c-ae05-2c6fd5ba5cf2,0,,4.0,-16.0,100,0.0,1,0,0
mechanism,fault10,A_single,2edb8fba-16aa-4c56-8044-03a3f1220737,0,,4.0,2.0,100,0.0,1,0,0
mechanism,fault10,A_single,e8d54320-2dfb-4210-8393-6c56aff55ecc,0,,4.0,0.47,100,0.0,1,0,0
mechanism,fault10,A_single,c4eb5f20-8d18-4d1a-be03-b014e541eab3,0,,4.0,8.8,100,0.0,1,0,0
mechanism,fault10,A_single,0045158d-99c6-4ccb-99d8-8eea8cace339,0,,4.0,-6.1,100,0.0,1,0,0
mechanism,fault10,A_single,0202dbb4-5221-42b7-96b7-5bcb476ffdec,0,,,-12.9,100,0.0,1,1,1
mechanism,fault10,A_single,ba2089ef-6999-4381-b677-a4f2f6af8e8e,0,,4.0,5.0,100,0.0,1,0,0
mechanism,fault10,A_single,94bc4d77-55a8-4cb0-a095-f9d799b3c37b,0,,4.0,10.0,100,0.0,1,0,0
mechanism,fault10,A_single,30f78337-c974-4434-a990-8c33c92a5306,0,,4.0,3.57,100,0.0,1,0,0
mechanism,fault10,A_single,fcaa00dc-f9ec-4f57-a7e1-a7ccaca9202b,0,,4.0,20.45,100,0.0,1,0,0
mechanism,fault10,A_single,854d95f4-d165-4132-8573-34843115ed45,0,,4.0,0.4,100,0.0,1,0,0
mechanism,fault10,A_single,6792fc0a-f8cf-43d8-bc1a-9a11646e7e31,0,,4.0,114.81,100,0.0,1,0,0
mechanism,fault10,A_single,bc009826-d4f1-4c53-9e3c-0e6349e8b527,0,,4.0,-15.38,100,0.0,1,0,0
mechanism,fault10,A_single,2c980685-7c11-412a-afa6-c23725fcedf6,0,,4.0,1.6,100,0.0,1,0,0
mechanism,fault10,A_single,99f1cb28-c0d5-4cda-b50a-a1d7c17b777a,0,,4.0,66.9,100,0.0,1,0,0
mechanism,fault10,A_single,72a4833d-a74d-410c-9311-dad856c7fe26,0,,4.0,11.39,100,0.0,1,0,0
mechanism,fault10,A_single,3828301a-73bd-4540-80d3-43061664f135,0,,4.0,11.0,100,0.0,1,0,0
mechanism,fault10,A_single,46ed6025-c0ae-49d3-8539-a45a1d37ee80,0,,4.0,81.68,100,0.0,1,0,0
mechanism,fault10,A_single,297ae9f3-5ef8-435e-a4e7-e0b97a049904,0,,4.0,0.99,100,0.0,1,0,0
mechanism,fault10,A_single,a38407e1-d341-4825-933e-81c2a559035f,0,,4.0,46.0,100,0.0,1,0,0
mechanism,fault10,A_single,14814a4d-55f8-4fe0-9e13-59ab7a4d485b,0,,,-0.7,100,0.0,1,1,1
mechanism,fault20,A_single,0f2052a9-2761-4594-8be1-0ecf85fa47fc,0,,4.0,0.6,100,0.0,1,0,0
mechanism,fault20,A_single,6db94fb6-4116-44dc-8426-229509a07473,0,,,30.9,100,0.0,1,1,1
mechanism,fault20,A_single,e73e316e-41a7-4f92-a40e-3ae277443d12,0,,4.0,-8.2,100,0.0,1,0,0
mechanism,fault20,A_single,02abaa03-2a3e-4db4-8f6b-fc31acfab880,0,,,44.9,100,0.0,1,1,1
mechanism,fault20,A_single,a0720c04-0ddf-460b-81d7-60d9e6b6e3a1,0,,,183.0,100,0.0,1,1,1
mechanism,fault20,A_single,2ba67b9a-9cf8-466f-81cc-b3cf0e3bec49,0,,4.0,63.0,100,0.0,1,0,0
mechanism,fault20,A_single,9f212b77-e8cb-414c-b2c4-526f48a1f71b,0,,4.0,-45.0,100,0.0,1,0,0
mechanism,fault20,A_single,d97be352-26c2-4c4b-a8ce-459f5a24f124,0,,4.0,-176.1,100,0.0,1,0,0
mechanism,fault20,A_single,6f2a9b75-8907-4c4a-87c8-c2be01797dd5,0,,4.0,123.2,100,0.0,1,0,0
mechanism,fault20,A_single,fedb5ce9-f135-411b-a7e5-931803df369f,0,,4.0,150.0,100,0.0,1,0,0
mechanism,fault20,A_single,c9cc52de-f9a5-4bd5-a45a-86a68e61876f,0,,4.0,-13.8,100,0.0,1,0,0
mechanism,fault20,A_single,dc89a4b7-340e-4d48-96d9-ec9a38e65a0b,0,,,94.67,100,0.0,1,1,1
mechanism,fault20,A_single,7384e0e0-2cbe-432f-9f0f-82ba1d88355b,0,,,34.2,100,0.0,1,1,1
mechanism,fault20,A_single,ee2ad496-6ff0-4ddb-9359-7f90f8155885,0,,4.0,0.97,100,0.0,1,0,0
mechanism,fault20,A_single,e4027313-f6f6-4bb1-afb6-6520943df9a7,0,,4.0,20.46,100,0.0,1,0,0
mechanism,fault20,A_single,79a28339-32a7-42de-80db-fa4b1f2b2cbd,0,,4.0,37.27,100,0.0,1,0,0
mechanism,fault20,A_single,a0284ac1-abb3-4e82-bb8c-409ec89c5a54,0,,4.0,267.0,100,0.0,1,0,0
mechanism,fault20,A_single,b221ecbc-af23-4ad1-8202-0cc9e53b8ad3,0,,4.0,-4.74,100,0.0,1,0,0
mechanism,fault20,A_single,5c96ba61-4efe-4792-83c5-bcd41a037bc9,0,,4.0,2.31,100,0.0,1,0,0
mechanism,fault20,A_single,d03efb78-1b78-4f2f-9e7c-d2889a29acc2,0,,,-66.7,100,0.0,1,1,1
mechanism,fault20,A_single,d61315b1-7c1f-4c6e-8bb4-8042c71671cb,0,,4.0,5.68,100,0.0,1,0,0
mechanism,fault20,A_single,e777ea8c-c353-460e-a724-9c92a8eb6d75,0,,4.0,247.0,100,0.0,1,0,0
mechanism,fault20,A_single,718c9b4f-3907-4a12-b0c0-8bfec4d106ab,0,,4.0,58.0,100,0.0,1,0,0
mechanism,fault20,A_single,ff99e26a-38be-43d5-aff7-10ee224b3612,0,,4.0,426.0,100,0.0,1,0,0
mechanism,fault20,A_single,b9856aea-375e-4bc3-8ecb-8083c22bcba2,0,,4.0,-20.53,100,0.0,1,0,0
mechanism,fault20,A_single,6c76cd11-30f2-4a66-9f13-e99ba2b54946,0,,4.0,-0.4,100,0.0,1,0,0
mechanism,fault20,A_single,0da57c95-2709-4b67-a1be-db6f325fb4e5,0,,4.0,0.4,100,0.0,1,0,0
mechanism,fault20,A_single,629daa0a-eeb0-4c55-854c-b2b93f4b9ae9,0,,4.0,-0.7,100,0.0,1,0,0
mechanism,fault20,A_single,bb2e18cd-6548-47dd-8d73-e6ae2eb71e8e,0,,4.0,0.36,100,0.0,1,0,0
mechanism,fault20,A_single,45061182-d00d-4b3c-ae05-2c6fd5ba5cf2,0,,4.0,-16.0,100,0.0,1,0,0
mechanism,fault20,A_single,2edb8fba-16aa-4c56-8044-03a3f1220737,0,,4.0,2.0,100,0.0,1,0,0
mechanism,fault20,A_single,e8d54320-2dfb-4210-8393-6c56aff55ecc,0,,4.0,0.47,100,0.0,1,0,0
mechanism,fault20,A_single,c4eb5f20-8d18-4d1a-be03-b014e541eab3,0,,4.0,8.8,100,0.0,1,0,0
mechanism,fault20,A_single,0045158d-99c6-4ccb-99d8-8eea8cace339,0,,,-6.1,100,0.0,1,1,1
mechanism,fault20,A_single,0202dbb4-5221-42b7-96b7-5bcb476ffdec,0,,4.0,-12.9,100,0.0,1,0,0
mechanism,fault20,A_single,ba2089ef-6999-4381-b677-a4f2f6af8e8e,0,,4.0,5.0,100,0.0,1,0,0
mechanism,fault20,A_single,94bc4d77-55a8-4cb0-a095-f9d799b3c37b,0,,4.0,10.0,100,0.0,1,0,0
mechanism,fault20,A_single,30f78337-c974-4434-a990-8c33c92a5306,0,,,3.57,100,0.0,1,1,1
mechanism,fault20,A_single,fcaa00dc-f9ec-4f57-a7e1-a7ccaca9202b,0,,4.0,20.45,100,0.0,1,0,0
mechanism,fault20,A_single,854d95f4-d165-4132-8573-34843115ed45,0,,4.0,0.4,100,0.0,1,0,0
mechanism,fault20,A_single,6792fc0a-f8cf-43d8-bc1a-9a11646e7e31,0,,4.0,114.81,100,0.0,1,0,0
mechanism,fault20,A_single,bc009826-d4f1-4c53-9e3c-0e6349e8b527,0,,,-15.38,100,0.0,1,1,1
mechanism,fault20,A_single,2c980685-7c11-412a-afa6-c23725fcedf6,0,,4.0,1.6,100,0.0,1,0,0
mechanism,fault20,A_single,99f1cb28-c0d5-4cda-b50a-a1d7c17b777a,0,,4.0,66.9,100,0.0,1,0,0
mechanism,fault20,A_single,72a4833d-a74d-410c-9311-dad856c7fe26,0,,4.0,11.39,100,0.0,1,0,0
mechanism,fault20,A_single,3828301a-73bd-4540-80d3-43061664f135,0,,4.0,11.0,100,0.0,1,0,0
mechanism,fault20,A_single,46ed6025-c0ae-49d3-8539-a45a1d37ee80,0,,,81.68,100,0.0,1,1,1
mechanism,fault20,A_single,297ae9f3-5ef8-435e-a4e7-e0b97a049904,0,,4.0,0.99,100,0.0,1,0,0
mechanism,fault20,A_single,a38407e1-d341-4825-933e-81c2a559035f,0,,4.0,46.0,100,0.0,1,0,0
mechanism,fault20,A_single,14814a4d-55f8-4fe0-9e13-59ab7a4d485b,0,,4.0,-0.7,100,0.0,1,0,0
mechanism,fault30,A_single,0f2052a9-2761-4594-8be1-0ecf85fa47fc,0,,4.0,0.6,100,0.0,1,0,0
mechanism,fault30,A_single,6db94fb6-4116-44dc-8426-229509a07473,0,,4.0,30.9,100,0.0,1,0,0
mechanism,fault30,A_single,e73e316e-41a7-4f92-a40e-3ae277443d12,0,,4.0,-8.2,100,0.0,1,0,0
mechanism,fault30,A_single,02abaa03-2a3e-4db4-8f6b-fc31acfab880,0,,,44.9,100,0.0,1,1,1
mechanism,fault30,A_single,a0720c04-0ddf-460b-81d7-60d9e6b6e3a1,0,,,183.0,100,0.0,1,1,1
mechanism,fault30,A_single,2ba67b9a-9cf8-466f-81cc-b3cf0e3bec49,0,,4.0,63.0,100,0.0,1,0,0
mechanism,fault30,A_single,9f212b77-e8cb-414c-b2c4-526f48a1f71b,0,,4.0,-45.0,100,0.0,1,0,0
mechanism,fault30,A_single,d97be352-26c2-4c4b-a8ce-459f5a24f124,0,,4.0,-176.1,100,0.0,1,0,0
mechanism,fault30,A_single,6f2a9b75-8907-4c4a-87c8-c2be01797dd5,0,,,123.2,100,0.0,1,1,1
mechanism,fault30,A_single,fedb5ce9-f135-411b-a7e5-931803df369f,0,,,150.0,100,0.0,1,1,1
mechanism,fault30,A_single,c9cc52de-f9a5-4bd5-a45a-86a68e61876f,0,,4.0,-13.8,100,0.0,1,0,0
mechanism,fault30,A_single,dc89a4b7-340e-4d48-96d9-ec9a38e65a0b,0,,4.0,94.67,100,0.0,1,0,0
mechanism,fault30,A_single,7384e0e0-2cbe-432f-9f0f-82ba1d88355b,0,,,34.2,100,0.0,1,1,1
mechanism,fault30,A_single,ee2ad496-6ff0-4ddb-9359-7f90f8155885,0,,4.0,0.97,100,0.0,1,0,0
mechanism,fault30,A_single,e4027313-f6f6-4bb1-afb6-6520943df9a7,0,,,20.46,100,0.0,1,1,1
mechanism,fault30,A_single,79a28339-32a7-42de-80db-fa4b1f2b2cbd,0,,4.0,37.27,100,0.0,1,0,0
mechanism,fault30,A_single,a0284ac1-abb3-4e82-bb8c-409ec89c5a54,0,,4.0,267.0,100,0.0,1,0,0
mechanism,fault30,A_single,b221ecbc-af23-4ad1-8202-0cc9e53b8ad3,0,,4.0,-4.74,100,0.0,1,0,0
mechanism,fault30,A_single,5c96ba61-4efe-4792-83c5-bcd41a037bc9,0,,4.0,2.31,100,0.0,1,0,0
mechanism,fault30,A_single,d03efb78-1b78-4f2f-9e7c-d2889a29acc2,0,,4.0,-66.7,100,0.0,1,0,0
mechanism,fault30,A_single,d61315b1-7c1f-4c6e-8bb4-8042c71671cb,0,,4.0,5.68,100,0.0,1,0,0
mechanism,fault30,A_single,e777ea8c-c353-460e-a724-9c92a8eb6d75,0,,,247.0,100,0.0,1,1,1
mechanism,fault30,A_single,718c9b4f-3907-4a12-b0c0-8bfec4d106ab,0,,4.0,58.0,100,0.0,1,0,0
mechanism,fault30,A_single,ff99e26a-38be-43d5-aff7-10ee224b3612,0,,,426.0,100,0.0,1,1,1
mechanism,fault30,A_single,b9856aea-375e-4bc3-8ecb-8083c22bcba2,0,,,-20.53,100,0.0,1,1,1
mechanism,fault30,A_single,6c76cd11-30f2-4a66-9f13-e99ba2b54946,0,,4.0,-0.4,100,0.0,1,0,0
mechanism,fault30,A_single,0da57c95-2709-4b67-a1be-db6f325fb4e5,0,,,0.4,100,0.0,1,1,1
mechanism,fault30,A_single,629daa0a-eeb0-4c55-854c-b2b93f4b9ae9,0,,,-0.7,100,0.0,1,1,1
mechanism,fault30,A_single,bb2e18cd-6548-47dd-8d73-e6ae2eb71e8e,0,,,0.36,100,0.0,1,1,1
mechanism,fault30,A_single,45061182-d00d-4b3c-ae05-2c6fd5ba5cf2,0,,4.0,-16.0,100,0.0,1,0,0
mechanism,fault30,A_single,2edb8fba-16aa-4c56-8044-03a3f1220737,0,,4.0,2.0,100,0.0,1,0,0
mechanism,fault30,A_single,e8d54320-2dfb-4210-8393-6c56aff55ecc,0,,4.0,0.47,100,0.0,1,0,0
mechanism,fault30,A_single,c4eb5f20-8d18-4d1a-be03-b014e541eab3,0,,4.0,8.8,100,0.0,1,0,0
mechanism,fault30,A_single,0045158d-99c6-4ccb-99d8-8eea8cace339,0,,4.0,-6.1,100,0.0,1,0,0
mechanism,fault30,A_single,0202dbb4-5221-42b7-96b7-5bcb476ffdec,0,,4.0,-12.9,100,0.0,1,0,0
mechanism,fault30,A_single,ba2089ef-6999-4381-b677-a4f2f6af8e8e,0,,4.0,5.0,100,0.0,1,0,0
mechanism,fault30,A_single,94bc4d77-55a8-4cb0-a095-f9d799b3c37b,0,,,10.0,100,0.0,1,1,1
mechanism,fault30,A_single,30f78337-c974-4434-a990-8c33c92a5306,0,,4.0,3.57,100,0.0,1,0,0
mechanism,fault30,A_single,fcaa00dc-f9ec-4f57-a7e1-a7ccaca9202b,0,,4.0,20.45,100,0.0,1,0,0
mechanism,fault30,A_single,854d95f4-d165-4132-8573-34843115ed45,0,,4.0,0.4,100,0.0,1,0,0
mechanism,fault30,A_single,6792fc0a-f8cf-43d8-bc1a-9a11646e7e31,0,,4.0,114.81,100,0.0,1,0,0
mechanism,fault30,A_single,bc009826-d4f1-4c53-9e3c-0e6349e8b527,0,,4.0,-15.38,100,0.0,1,0,0
mechanism,fault30,A_single,2c980685-7c11-412a-afa6-c23725fcedf6,0,,4.0,1.6,100,0.0,1,0,0
mechanism,fault30,A_single,99f1cb28-c0d5-4cda-b50a-a1d7c17b777a,0,,,66.9,100,0.0,1,1,1
mechanism,fault30,A_single,72a4833d-a74d-410c-9311-dad856c7fe26,0,,4.0,11.39,100,0.0,1,0,0
mechanism,fault30,A_single,3828301a-73bd-4540-80d3-43061664f135,0,,,11.0,100,0.0,1,1,1
mechanism,fault30,A_single,46ed6025-c0ae-49d3-8539-a45a1d37ee80,0,,4.0,81.68,100,0.0,1,0,0
mechanism,fault30,A_single,297ae9f3-5ef8-435e-a4e7-e0b97a049904,0,,4.0,0.99,100,0.0,1,0,0
mechanism,fault30,A_single,a38407e1-d341-4825-933e-81c2a559035f,0,,4.0,46.0,100,0.0,1,0,0
mechanism,fault30,A_single,14814a4d-55f8-4fe0-9e13-59ab7a4d485b,0,,4.0,-0.7,100,0.0,1,0,0
mechanism,clean,A_single_cross_fallback,0f2052a9-2761-4594-8be1-0ecf85fa47fc,0,,4.0,0.6,100,0.0,1,0,0
mechanism,clean,A_single_cross_fallback,6db94fb6-4116-44dc-8426-229509a07473,0,,4.0,30.9,100,0.0,1,0,0
mechanism,clean,A_single_cross_fallback,e73e316e-41a7-4f92-a40e-3ae277443d12,0,,4.0,-8.2,100,0.0,1,0,0
mechanism,clean,A_single_cross_fallback,02abaa03-2a3e-4db4-8f6b-fc31acfab880,0,,4.0,44.9,100,0.0,1,0,0
mechanism,clean,A_single_cross_fallback,a0720c04-0ddf-460b-81d7-60d9e6b6e3a1,0,,4.0,183.0,100,0.0,1,0,0
mechanism,clean,A_single_cross_fallback,2ba67b9a-9cf8-466f-81cc-b3cf0e3bec49,0,,4.0,63.0,100,0.0,1,0,0
mechanism,clean,A_single_cross_fallback,9f212b77-e8cb-414c-b2c4-526f48a1f71b,0,,4.0,-45.0,100,0.0,1,0,0
mechanism,clean,A_single_cross_fallback,d97be352-26c2-4c4b-a8ce-459f5a24f124,0,,4.0,-176.1,100,0.0,1,0,0
mechanism,clean,A_single_cross_fallback,6f2a9b75-8907-4c4a-87c8-c2be01797dd5,0,,4.0,123.2,100,0.0,1,0,0
mechanism,clean,A_single_cross_fallback,fedb5ce9-f135-411b-a7e5-931803df369f,0,,4.0,150.0,100,0.0,1,0,0
mechanism,clean,A_single_cross_fallback,c9cc52de-f9a5-4bd5-a45a-86a68e61876f,0,,4.0,-13.8,100,0.0,1,0,0
mechanism,clean,A_single_cross_fallback,dc89a4b7-340e-4d48-96d9-ec9a38e65a0b,0,,4.0,94.67,100,0.0,1,0,0
mechanism,clean,A_single_cross_fallback,7384e0e0-2cbe-432f-9f0f-82ba1d88355b,0,,4.0,34.2,100,0.0,1,0,0
mechanism,clean,A_single_cross_fallback,ee2ad496-6ff0-4ddb-9359-7f90f8155885,0,,4.0,0.97,100,0.0,1,0,0
mechanism,clean,A_single_cross_fallback,e4027313-f6f6-4bb1-afb6-6520943df9a7,0,,4.0,20.46,100,0.0,1,0,0
mechanism,clean,A_single_cross_fallback,79a28339-32a7-42de-80db-fa4b1f2b2cbd,0,,4.0,37.27,100,0.0,1,0,0
mechanism,clean,A_single_cross_fallback,a0284ac1-abb3-4e82-bb8c-409ec89c5a54,0,,4.0,267.0,100,0.0,1,0,0
mechanism,clean,A_single_cross_fallback,b221ecbc-af23-4ad1-8202-0cc9e53b8ad3,0,,4.0,-4.74,100,0.0,1,0,0
mechanism,clean,A_single_cross_fallback,5c96ba61-4efe-4792-83c5-bcd41a037bc9,0,,4.0,2.31,100,0.0,1,0,0
mechanism,clean,A_single_cross_fallback,d03efb78-1b78-4f2f-9e7c-d2889a29acc2,0,,4.0,-66.7,100,0.0,1,0,0
mechanism,clean,A_single_cross_fallback,d61315b1-7c1f-4c6e-8bb4-8042c71671cb,0,,4.0,5.68,100,0.0,1,0,0
mechanism,clean,A_single_cross_fallback,e777ea8c-c353-460e-a724-9c92a8eb6d75,0,,4.0,247.0,100,0.0,1,0,0
mechanism,clean,A_single_cross_fallback,718c9b4f-3907-4a12-b0c0-8bfec4d106ab,0,,4.0,58.0,100,0.0,1,0,0
mechanism,clean,A_single_cross_fallback,ff99e26a-38be-43d5-aff7-10ee224b3612,0,,4.0,426.0,100,0.0,1,0,0
mechanism,clean,A_single_cross_fallback,b9856aea-375e-4bc3-8ecb-8083c22bcba2,0,,4.0,-20.53,100,0.0,1,0,0
mechanism,clean,A_single_cross_fallback,6c76cd11-30f2-4a66-9f13-e99ba2b54946,0,,4.0,-0.4,100,0.0,1,0,0
mechanism,clean,A_single_cross_fallback,0da57c95-2709-4b67-a1be-db6f325fb4e5,0,,4.0,0.4,100,0.0,1,0,0
mechanism,clean,A_single_cross_fallback,629daa0a-eeb0-4c55-854c-b2b93f4b9ae9,0,,4.0,-0.7,100,0.0,1,0,0
mechanism,clean,A_single_cross_fallback,bb2e18cd-6548-47dd-8d73-e6ae2eb71e8e,0,,4.0,0.36,100,0.0,1,0,0
mechanism,clean,A_single_cross_fallback,45061182-d00d-4b3c-ae05-2c6fd5ba5cf2,0,,4.0,-16.0,100,0.0,1,0,0
mechanism,clean,A_single_cross_fallback,2edb8fba-16aa-4c56-8044-03a3f1220737,0,,4.0,2.0,100,0.0,1,0,0
mechanism,clean,A_single_cross_fallback,e8d54320-2dfb-4210-8393-6c56aff55ecc,0,,4.0,0.47,100,0.0,1,0,0
mechanism,clean,A_single_cross_fallback,c4eb5f20-8d18-4d1a-be03-b014e541eab3,0,,4.0,8.8,100,0.0,1,0,0
mechanism,clean,A_single_cross_fallback,0045158d-99c6-4ccb-99d8-8eea8cace339,0,,4.0,-6.1,100,0.0,1,0,0
mechanism,clean,A_single_cross_fallback,0202dbb4-5221-42b7-96b7-5bcb476ffdec,0,,4.0,-12.9,100,0.0,1,0,0
mechanism,clean,A_single_cross_fallback,ba2089ef-6999-4381-b677-a4f2f6af8e8e,0,,4.0,5.0,100,0.0,1,0,0
mechanism,clean,A_single_cross_fallback,94bc4d77-55a8-4cb0-a095-f9d799b3c37b,0,,4.0,10.0,100,0.0,1,0,0
mechanism,clean,A_single_cross_fallback,30f78337-c974-4434-a990-8c33c92a5306,0,,4.0,3.57,100,0.0,1,0,0
mechanism,clean,A_single_cross_fallback,fcaa00dc-f9ec-4f57-a7e1-a7ccaca9202b,0,,4.0,20.45,100,0.0,1,0,0
mechanism,clean,A_single_cross_fallback,854d95f4-d165-4132-8573-34843115ed45,0,,4.0,0.4,100,0.0,1,0,0
mechanism,clean,A_single_cross_fallback,6792fc0a-f8cf-43d8-bc1a-9a11646e7e31,0,,4.0,114.81,100,0.0,1,0,0
mechanism,clean,A_single_cross_fallback,bc009826-d4f1-4c53-9e3c-0e6349e8b527,0,,4.0,-15.38,100,0.0,1,0,0
mechanism,clean,A_single_cross_fallback,2c980685-7c11-412a-afa6-c23725fcedf6,0,,4.0,1.6,100,0.0,1,0,0
mechanism,clean,A_single_cross_fallback,99f1cb28-c0d5-4cda-b50a-a1d7c17b777a,0,,4.0,66.9,100,0.0,1,0,0
mechanism,clean,A_single_cross_fallback,72a4833d-a74d-410c-9311-dad856c7fe26,0,,4.0,11.39,100,0.0,1,0,0
mechanism,clean,A_single_cross_fallback,3828301a-73bd-4540-80d3-43061664f135,0,,4.0,11.0,100,0.0,1,0,0
mechanism,clean,A_single_cross_fallback,46ed6025-c0ae-49d3-8539-a45a1d37ee80,0,,4.0,81.68,100,0.0,1,0,0
mechanism,clean,A_single_cross_fallback,297ae9f3-5ef8-435e-a4e7-e0b97a049904,0,,4.0,0.99,100,0.0,1,0,0
mechanism,clean,A_single_cross_fallback,a38407e1-d341-4825-933e-81c2a559035f,0,,4.0,46.0,100,0.0,1,0,0
mechanism,clean,A_single_cross_fallback,14814a4d-55f8-4fe0-9e13-59ab7a4d485b,0,,4.0,-0.7,100,0.0,1,0,0
mechanism,fault10,A_single_cross_fallback,0f2052a9-2761-4594-8be1-0ecf85fa47fc,0,,4.0,0.6,100,0.0,1,0,0
mechanism,fault10,A_single_cross_fallback,6db94fb6-4116-44dc-8426-229509a07473,0,,4.0,30.9,100,0.0,1,0,0
mechanism,fault10,A_single_cross_fallback,e73e316e-41a7-4f92-a40e-3ae277443d12,0,,4.0,-8.2,100,0.0,1,0,0
mechanism,fault10,A_single_cross_fallback,02abaa03-2a3e-4db4-8f6b-fc31acfab880,0,,4.0,44.9,100,0.0,1,0,0
mechanism,fault10,A_single_cross_fallback,a0720c04-0ddf-460b-81d7-60d9e6b6e3a1,0,,4.0,183.0,100,0.0,1,0,0
mechanism,fault10,A_single_cross_fallback,2ba67b9a-9cf8-466f-81cc-b3cf0e3bec49,0,,4.0,63.0,100,0.0,1,0,0
mechanism,fault10,A_single_cross_fallback,9f212b77-e8cb-414c-b2c4-526f48a1f71b,0,,4.0,-45.0,100,0.0,1,0,0
mechanism,fault10,A_single_cross_fallback,d97be352-26c2-4c4b-a8ce-459f5a24f124,0,,4.0,-176.1,100,0.0,1,0,0
mechanism,fault10,A_single_cross_fallback,6f2a9b75-8907-4c4a-87c8-c2be01797dd5,0,,4.0,123.2,100,0.0,1,0,0
mechanism,fault10,A_single_cross_fallback,fedb5ce9-f135-411b-a7e5-931803df369f,0,,4.0,150.0,100,0.0,1,0,0
mechanism,fault10,A_single_cross_fallback,c9cc52de-f9a5-4bd5-a45a-86a68e61876f,0,,4.0,-13.8,100,0.0,1,0,0
mechanism,fault10,A_single_cross_fallback,dc89a4b7-340e-4d48-96d9-ec9a38e65a0b,0,,4.0,94.67,100,0.0,1,0,0
mechanism,fault10,A_single_cross_fallback,7384e0e0-2cbe-432f-9f0f-82ba1d88355b,0,,4.0,34.2,200,0.0,2,1,1
mechanism,fault10,A_single_cross_fallback,ee2ad496-6ff0-4ddb-9359-7f90f8155885,0,,4.0,0.97,100,0.0,1,0,0
mechanism,fault10,A_single_cross_fallback,e4027313-f6f6-4bb1-afb6-6520943df9a7,0,,4.0,20.46,100,0.0,1,0,0
mechanism,fault10,A_single_cross_fallback,79a28339-32a7-42de-80db-fa4b1f2b2cbd,0,,4.0,37.27,100,0.0,1,0,0
mechanism,fault10,A_single_cross_fallback,a0284ac1-abb3-4e82-bb8c-409ec89c5a54,0,,4.0,267.0,200,0.0,2,1,1
mechanism,fault10,A_single_cross_fallback,b221ecbc-af23-4ad1-8202-0cc9e53b8ad3,0,,4.0,-4.74,100,0.0,1,0,0
mechanism,fault10,A_single_cross_fallback,5c96ba61-4efe-4792-83c5-bcd41a037bc9,0,,4.0,2.31,100,0.0,1,0,0
mechanism,fault10,A_single_cross_fallback,d03efb78-1b78-4f2f-9e7c-d2889a29acc2,0,,4.0,-66.7,100,0.0,1,0,0
mechanism,fault10,A_single_cross_fallback,d61315b1-7c1f-4c6e-8bb4-8042c71671cb,0,,4.0,5.68,100,0.0,1,0,0
mechanism,fault10,A_single_cross_fallback,e777ea8c-c353-460e-a724-9c92a8eb6d75,0,,4.0,247.0,100,0.0,1,0,0
mechanism,fault10,A_single_cross_fallback,718c9b4f-3907-4a12-b0c0-8bfec4d106ab,0,,4.0,58.0,200,0.0,2,1,1
mechanism,fault10,A_single_cross_fallback,ff99e26a-38be-43d5-aff7-10ee224b3612,0,,4.0,426.0,100,0.0,1,0,0
mechanism,fault10,A_single_cross_fallback,b9856aea-375e-4bc3-8ecb-8083c22bcba2,0,,4.0,-20.53,100,0.0,1,0,0
mechanism,fault10,A_single_cross_fallback,6c76cd11-30f2-4a66-9f13-e99ba2b54946,0,,4.0,-0.4,100,0.0,1,0,0
mechanism,fault10,A_single_cross_fallback,0da57c95-2709-4b67-a1be-db6f325fb4e5,0,,4.0,0.4,100,0.0,1,0,0
mechanism,fault10,A_single_cross_fallback,629daa0a-eeb0-4c55-854c-b2b93f4b9ae9,0,,4.0,-0.7,100,0.0,1,0,0
mechanism,fault10,A_single_cross_fallback,bb2e18cd-6548-47dd-8d73-e6ae2eb71e8e,0,,4.0,0.36,100,0.0,1,0,0
mechanism,fault10,A_single_cross_fallback,45061182-d00d-4b3c-ae05-2c6fd5ba5cf2,0,,4.0,-16.0,100,0.0,1,0,0
mechanism,fault10,A_single_cross_fallback,2edb8fba-16aa-4c56-8044-03a3f1220737,0,,4.0,2.0,100,0.0,1,0,0
mechanism,fault10,A_single_cross_fallback,e8d54320-2dfb-4210-8393-6c56aff55ecc,0,,4.0,0.47,100,0.0,1,0,0
mechanism,fault10,A_single_cross_fallback,c4eb5f20-8d18-4d1a-be03-b014e541eab3,0,,4.0,8.8,100,0.0,1,0,0
mechanism,fault10,A_single_cross_fallback,0045158d-99c6-4ccb-99d8-8eea8cace339,0,,4.0,-6.1,100,0.0,1,0,0
mechanism,fault10,A_single_cross_fallback,0202dbb4-5221-42b7-96b7-5bcb476ffdec,0,,4.0,-12.9,200,0.0,2,1,1
mechanism,fault10,A_single_cross_fallback,ba2089ef-6999-4381-b677-a4f2f6af8e8e,0,,4.0,5.0,100,0.0,1,0,0
mechanism,fault10,A_single_cross_fallback,94bc4d77-55a8-4cb0-a095-f9d799b3c37b,0,,4.0,10.0,100,0.0,1,0,0
mechanism,fault10,A_single_cross_fallback,30f78337-c974-4434-a990-8c33c92a5306,0,,4.0,3.57,100,0.0,1,0,0
mechanism,fault10,A_single_cross_fallback,fcaa00dc-f9ec-4f57-a7e1-a7ccaca9202b,0,,4.0,20.45,100,0.0,1,0,0
mechanism,fault10,A_single_cross_fallback,854d95f4-d165-4132-8573-34843115ed45,0,,4.0,0.4,100,0.0,1,0,0
mechanism,fault10,A_single_cross_fallback,6792fc0a-f8cf-43d8-bc1a-9a11646e7e31,0,,4.0,114.81,100,0.0,1,0,0
mechanism,fault10,A_single_cross_fallback,bc009826-d4f1-4c53-9e3c-0e6349e8b527,0,,4.0,-15.38,100,0.0,1,0,0
mechanism,fault10,A_single_cross_fallback,2c980685-7c11-412a-afa6-c23725fcedf6,0,,4.0,1.6,100,0.0,1,0,0
mechanism,fault10,A_single_cross_fallback,99f1cb28-c0d5-4cda-b50a-a1d7c17b777a,0,,4.0,66.9,100,0.0,1,0,0
mechanism,fault10,A_single_cross_fallback,72a4833d-a74d-410c-9311-dad856c7fe26,0,,4.0,11.39,100,0.0,1,0,0
mechanism,fault10,A_single_cross_fallback,3828301a-73bd-4540-80d3-43061664f135,0,,4.0,11.0,100,0.0,1,0,0
mechanism,fault10,A_single_cross_fallback,46ed6025-c0ae-49d3-8539-a45a1d37ee80,0,,4.0,81.68,100,0.0,1,0,0
mechanism,fault10,A_single_cross_fallback,297ae9f3-5ef8-435e-a4e7-e0b97a049904,0,,4.0,0.99,100,0.0,1,0,0
mechanism,fault10,A_single_cross_fallback,a38407e1-d341-4825-933e-81c2a559035f,0,,4.0,46.0,100,0.0,1,0,0
mechanism,fault10,A_single_cross_fallback,14814a4d-55f8-4fe0-9e13-59ab7a4d485b,0,,4.0,-0.7,200,0.0,2,1,1
mechanism,fault20,A_single_cross_fallback,0f2052a9-2761-4594-8be1-0ecf85fa47fc,0,,4.0,0.6,100,0.0,1,0,0
mechanism,fault20,A_single_cross_fallback,6db94fb6-4116-44dc-8426-229509a07473,0,,4.0,30.9,200,0.0,2,1,1
mechanism,fault20,A_single_cross_fallback,e73e316e-41a7-4f92-a40e-3ae277443d12,0,,4.0,-8.2,100,0.0,1,0,0
mechanism,fault20,A_single_cross_fallback,02abaa03-2a3e-4db4-8f6b-fc31acfab880,0,,4.0,44.9,200,0.0,2,1,1
mechanism,fault20,A_single_cross_fallback,a0720c04-0ddf-460b-81d7-60d9e6b6e3a1,0,,4.0,183.0,200,0.0,2,1,1
mechanism,fault20,A_single_cross_fallback,2ba67b9a-9cf8-466f-81cc-b3cf0e3bec49,0,,4.0,63.0,100,0.0,1,0,0
mechanism,fault20,A_single_cross_fallback,9f212b77-e8cb-414c-b2c4-526f48a1f71b,0,,4.0,-45.0,100,0.0,1,0,0
mechanism,fault20,A_single_cross_fallback,d97be352-26c2-4c4b-a8ce-459f5a24f124,0,,4.0,-176.1,100,0.0,1,0,0
mechanism,fault20,A_single_cross_fallback,6f2a9b75-8907-4c4a-87c8-c2be01797dd5,0,,4.0,123.2,100,0.0,1,0,0
mechanism,fault20,A_single_cross_fallback,fedb5ce9-f135-411b-a7e5-931803df369f,0,,4.0,150.0,100,0.0,1,0,0
mechanism,fault20,A_single_cross_fallback,c9cc52de-f9a5-4bd5-a45a-86a68e61876f,0,,4.0,-13.8,100,0.0,1,0,0
mechanism,fault20,A_single_cross_fallback,dc89a4b7-340e-4d48-96d9-ec9a38e65a0b,0,,4.0,94.67,200,0.0,2,1,1
mechanism,fault20,A_single_cross_fallback,7384e0e0-2cbe-432f-9f0f-82ba1d88355b,0,,4.0,34.2,200,0.0,2,1,1
mechanism,fault20,A_single_cross_fallback,ee2ad496-6ff0-4ddb-9359-7f90f8155885,0,,4.0,0.97,100,0.0,1,0,0
mechanism,fault20,A_single_cross_fallback,e4027313-f6f6-4bb1-afb6-6520943df9a7,0,,4.0,20.46,100,0.0,1,0,0
mechanism,fault20,A_single_cross_fallback,79a28339-32a7-42de-80db-fa4b1f2b2cbd,0,,4.0,37.27,100,0.0,1,0,0
mechanism,fault20,A_single_cross_fallback,a0284ac1-abb3-4e82-bb8c-409ec89c5a54,0,,4.0,267.0,100,0.0,1,0,0
mechanism,fault20,A_single_cross_fallback,b221ecbc-af23-4ad1-8202-0cc9e53b8ad3,0,,4.0,-4.74,100,0.0,1,0,0
mechanism,fault20,A_single_cross_fallback,5c96ba61-4efe-4792-83c5-bcd41a037bc9,0,,4.0,2.31,100,0.0,1,0,0
mechanism,fault20,A_single_cross_fallback,d03efb78-1b78-4f2f-9e7c-d2889a29acc2,0,,4.0,-66.7,200,0.0,2,1,1
mechanism,fault20,A_single_cross_fallback,d61315b1-7c1f-4c6e-8bb4-8042c71671cb,0,,4.0,5.68,100,0.0,1,0,0
mechanism,fault20,A_single_cross_fallback,e777ea8c-c353-460e-a724-9c92a8eb6d75,0,,4.0,247.0,100,0.0,1,0,0
mechanism,fault20,A_single_cross_fallback,718c9b4f-3907-4a12-b0c0-8bfec4d106ab,0,,4.0,58.0,100,0.0,1,0,0
mechanism,fault20,A_single_cross_fallback,ff99e26a-38be-43d5-aff7-10ee224b3612,0,,4.0,426.0,100,0.0,1,0,0
mechanism,fault20,A_single_cross_fallback,b9856aea-375e-4bc3-8ecb-8083c22bcba2,0,,4.0,-20.53,100,0.0,1,0,0
mechanism,fault20,A_single_cross_fallback,6c76cd11-30f2-4a66-9f13-e99ba2b54946,0,,4.0,-0.4,100,0.0,1,0,0
mechanism,fault20,A_single_cross_fallback,0da57c95-2709-4b67-a1be-db6f325fb4e5,0,,4.0,0.4,100,0.0,1,0,0
mechanism,fault20,A_single_cross_fallback,629daa0a-eeb0-4c55-854c-b2b93f4b9ae9,0,,4.0,-0.7,100,0.0,1,0,0
mechanism,fault20,A_single_cross_fallback,bb2e18cd-6548-47dd-8d73-e6ae2eb71e8e,0,,4.0,0.36,100,0.0,1,0,0
mechanism,fault20,A_single_cross_fallback,45061182-d00d-4b3c-ae05-2c6fd5ba5cf2,0,,4.0,-16.0,100,0.0,1,0,0
mechanism,fault20,A_single_cross_fallback,2edb8fba-16aa-4c56-8044-03a3f1220737,0,,4.0,2.0,100,0.0,1,0,0
mechanism,fault20,A_single_cross_fallback,e8d54320-2dfb-4210-8393-6c56aff55ecc,0,,4.0,0.47,100,0.0,1,0,0
mechanism,fault20,A_single_cross_fallback,c4eb5f20-8d18-4d1a-be03-b014e541eab3,0,,4.0,8.8,100,0.0,1,0,0
mechanism,fault20,A_single_cross_fallback,0045158d-99c6-4ccb-99d8-8eea8cace339,0,,4.0,-6.1,200,0.0,2,1,1
mechanism,fault20,A_single_cross_fallback,0202dbb4-5221-42b7-96b7-5bcb476ffdec,0,,4.0,-12.9,100,0.0,1,0,0
mechanism,fault20,A_single_cross_fallback,ba2089ef-6999-4381-b677-a4f2f6af8e8e,0,,4.0,5.0,100,0.0,1,0,0
mechanism,fault20,A_single_cross_fallback,94bc4d77-55a8-4cb0-a095-f9d799b3c37b,0,,4.0,10.0,100,0.0,1,0,0
mechanism,fault20,A_single_cross_fallback,30f78337-c974-4434-a990-8c33c92a5306,0,,4.0,3.57,200,0.0,2,1,1
mechanism,fault20,A_single_cross_fallback,fcaa00dc-f9ec-4f57-a7e1-a7ccaca9202b,0,,4.0,20.45,100,0.0,1,0,0
mechanism,fault20,A_single_cross_fallback,854d95f4-d165-4132-8573-34843115ed45,0,,4.0,0.4,100,0.0,1,0,0
mechanism,fault20,A_single_cross_fallback,6792fc0a-f8cf-43d8-bc1a-9a11646e7e31,0,,4.0,114.81,100,0.0,1,0,0
mechanism,fault20,A_single_cross_fallback,bc009826-d4f1-4c53-9e3c-0e6349e8b527,0,,4.0,-15.38,200,0.0,2,1,1
mechanism,fault20,A_single_cross_fallback,2c980685-7c11-412a-afa6-c23725fcedf6,0,,4.0,1.6,100,0.0,1,0,0
mechanism,fault20,A_single_cross_fallback,99f1cb28-c0d5-4cda-b50a-a1d7c17b777a,0,,4.0,66.9,100,0.0,1,0,0
mechanism,fault20,A_single_cross_fallback,72a4833d-a74d-410c-9311-dad856c7fe26,0,,4.0,11.39,100,0.0,1,0,0
mechanism,fault20,A_single_cross_fallback,3828301a-73bd-4540-80d3-43061664f135,0,,4.0,11.0,100,0.0,1,0,0
mechanism,fault20,A_single_cross_fallback,46ed6025-c0ae-49d3-8539-a45a1d37ee80,0,,4.0,81.68,200,0.0,2,1,1
mechanism,fault20,A_single_cross_fallback,297ae9f3-5ef8-435e-a4e7-e0b97a049904,0,,4.0,0.99,100,0.0,1,0,0
mechanism,fault20,A_single_cross_fallback,a38407e1-d341-4825-933e-81c2a559035f,0,,4.0,46.0,100,0.0,1,0,0
mechanism,fault20,A_single_cross_fallback,14814a4d-55f8-4fe0-9e13-59ab7a4d485b,0,,4.0,-0.7,100,0.0,1,0,0
mechanism,fault30,A_single_cross_fallback,0f2052a9-2761-4594-8be1-0ecf85fa47fc,0,,4.0,0.6,100,0.0,1,0,0
mechanism,fault30,A_single_cross_fallback,6db94fb6-4116-44dc-8426-229509a07473,0,,4.0,30.9,100,0.0,1,0,0
mechanism,fault30,A_single_cross_fallback,e73e316e-41a7-4f92-a40e-3ae277443d12,0,,4.0,-8.2,100,0.0,1,0,0
mechanism,fault30,A_single_cross_fallback,02abaa03-2a3e-4db4-8f6b-fc31acfab880,0,,4.0,44.9,200,0.0,2,1,1
mechanism,fault30,A_single_cross_fallback,a0720c04-0ddf-460b-81d7-60d9e6b6e3a1,0,,4.0,183.0,200,0.0,2,1,1
mechanism,fault30,A_single_cross_fallback,2ba67b9a-9cf8-466f-81cc-b3cf0e3bec49,0,,4.0,63.0,100,0.0,1,0,0
mechanism,fault30,A_single_cross_fallback,9f212b77-e8cb-414c-b2c4-526f48a1f71b,0,,4.0,-45.0,100,0.0,1,0,0
mechanism,fault30,A_single_cross_fallback,d97be352-26c2-4c4b-a8ce-459f5a24f124,0,,4.0,-176.1,100,0.0,1,0,0
mechanism,fault30,A_single_cross_fallback,6f2a9b75-8907-4c4a-87c8-c2be01797dd5,0,,4.0,123.2,200,0.0,2,1,1
mechanism,fault30,A_single_cross_fallback,fedb5ce9-f135-411b-a7e5-931803df369f,0,,4.0,150.0,200,0.0,2,1,1
mechanism,fault30,A_single_cross_fallback,c9cc52de-f9a5-4bd5-a45a-86a68e61876f,0,,4.0,-13.8,100,0.0,1,0,0
mechanism,fault30,A_single_cross_fallback,dc89a4b7-340e-4d48-96d9-ec9a38e65a0b,0,,4.0,94.67,100,0.0,1,0,0
mechanism,fault30,A_single_cross_fallback,7384e0e0-2cbe-432f-9f0f-82ba1d88355b,0,,4.0,34.2,200,0.0,2,1,1
mechanism,fault30,A_single_cross_fallback,ee2ad496-6ff0-4ddb-9359-7f90f8155885,0,,4.0,0.97,100,0.0,1,0,0
mechanism,fault30,A_single_cross_fallback,e4027313-f6f6-4bb1-afb6-6520943df9a7,0,,4.0,20.46,200,0.0,2,1,1
mechanism,fault30,A_single_cross_fallback,79a28339-32a7-42de-80db-fa4b1f2b2cbd,0,,4.0,37.27,100,0.0,1,0,0
mechanism,fault30,A_single_cross_fallback,a0284ac1-abb3-4e82-bb8c-409ec89c5a54,0,,4.0,267.0,100,0.0,1,0,0
mechanism,fault30,A_single_cross_fallback,b221ecbc-af23-4ad1-8202-0cc9e53b8ad3,0,,4.0,-4.74,100,0.0,1,0,0
mechanism,fault30,A_single_cross_fallback,5c96ba61-4efe-4792-83c5-bcd41a037bc9,0,,4.0,2.31,100,0.0,1,0,0
mechanism,fault30,A_single_cross_fallback,d03efb78-1b78-4f2f-9e7c-d2889a29acc2,0,,4.0,-66.7,100,0.0,1,0,0
mechanism,fault30,A_single_cross_fallback,d61315b1-7c1f-4c6e-8bb4-8042c71671cb,0,,4.0,5.68,100,0.0,1,0,0
mechanism,fault30,A_single_cross_fallback,e777ea8c-c353-460e-a724-9c92a8eb6d75,0,,4.0,247.0,200,0.0,2,1,1
mechanism,fault30,A_single_cross_fallback,718c9b4f-3907-4a12-b0c0-8bfec4d106ab,0,,4.0,58.0,100,0.0,1,0,0
mechanism,fault30,A_single_cross_fallback,ff99e26a-38be-43d5-aff7-10ee224b3612,0,,4.0,426.0,200,0.0,2,1,1
mechanism,fault30,A_single_cross_fallback,b9856aea-375e-4bc3-8ecb-8083c22bcba2,0,,4.0,-20.53,200,0.0,2,1,1
mechanism,fault30,A_single_cross_fallback,6c76cd11-30f2-4a66-9f13-e99ba2b54946,0,,4.0,-0.4,100,0.0,1,0,0
mechanism,fault30,A_single_cross_fallback,0da57c95-2709-4b67-a1be-db6f325fb4e5,0,,4.0,0.4,200,0.0,2,1,1
mechanism,fault30,A_single_cross_fallback,629daa0a-eeb0-4c55-854c-b2b93f4b9ae9,0,,4.0,-0.7,200,0.0,2,1,1
mechanism,fault30,A_single_cross_fallback,bb2e18cd-6548-47dd-8d73-e6ae2eb71e8e,0,,4.0,0.36,200,0.0,2,1,1
mechanism,fault30,A_single_cross_fallback,45061182-d00d-4b3c-ae05-2c6fd5ba5cf2,0,,4.0,-16.0,100,0.0,1,0,0
mechanism,fault30,A_single_cross_fallback,2edb8fba-16aa-4c56-8044-03a3f1220737,0,,4.0,2.0,100,0.0,1,0,0
mechanism,fault30,A_single_cross_fallback,e8d54320-2dfb-4210-8393-6c56aff55ecc,0,,4.0,0.47,100,0.0,1,0,0
mechanism,fault30,A_single_cross_fallback,c4eb5f20-8d18-4d1a-be03-b014e541eab3,0,,4.0,8.8,100,0.0,1,0,0
mechanism,fault30,A_single_cross_fallback,0045158d-99c6-4ccb-99d8-8eea8cace339,0,,4.0,-6.1,100,0.0,1,0,0
mechanism,fault30,A_single_cross_fallback,0202dbb4-5221-42b7-96b7-5bcb476ffdec,0,,4.0,-12.9,100,0.0,1,0,0
mechanism,fault30,A_single_cross_fallback,ba2089ef-6999-4381-b677-a4f2f6af8e8e,0,,4.0,5.0,100,0.0,1,0,0
mechanism,fault30,A_single_cross_fallback,94bc4d77-55a8-4cb0-a095-f9d799b3c37b,0,,4.0,10.0,200,0.0,2,1,1
mechanism,fault30,A_single_cross_fallback,30f78337-c974-4434-a990-8c33c92a5306,0,,4.0,3.57,100,0.0,1,0,0
mechanism,fault30,A_single_cross_fallback,fcaa00dc-f9ec-4f57-a7e1-a7ccaca9202b,0,,4.0,20.45,100,0.0,1,0,0
mechanism,fault30,A_single_cross_fallback,854d95f4-d165-4132-8573-34843115ed45,0,,4.0,0.4,100,0.0,1,0,0
mechanism,fault30,A_single_cross_fallback,6792fc0a-f8cf-43d8-bc1a-9a11646e7e31,0,,4.0,114.81,100,0.0,1,0,0
mechanism,fault30,A_single_cross_fallback,bc009826-d4f1-4c53-9e3c-0e6349e8b527,0,,4.0,-15.38,100,0.0,1,0,0
mechanism,fault30,A_single_cross_fallback,2c980685-7c11-412a-afa6-c23725fcedf6,0,,4.0,1.6,100,0.0,1,0,0
mechanism,fault30,A_single_cross_fallback,99f1cb28-c0d5-4cda-b50a-a1d7c17b777a,0,,4.0,66.9,200,0.0,2,1,1
mechanism,fault30,A_single_cross_fallback,72a4833d-a74d-410c-9311-dad856c7fe26,0,,4.0,11.39,100,0.0,1,0,0
mechanism,fault30,A_single_cross_fallback,3828301a-73bd-4540-80d3-43061664f135,0,,4.0,11.0,200,0.0,2,1,1
mechanism,fault30,A_single_cross_fallback,46ed6025-c0ae-49d3-8539-a45a1d37ee80,0,,4.0,81.68,100,0.0,1,0,0
mechanism,fault30,A_single_cross_fallback,297ae9f3-5ef8-435e-a4e7-e0b97a049904,0,,4.0,0.99,100,0.0,1,0,0
mechanism,fault30,A_single_cross_fallback,a38407e1-d341-4825-933e-81c2a559035f,0,,4.0,46.0,100,0.0,1,0,0
mechanism,fault30,A_single_cross_fallback,14814a4d-55f8-4fe0-9e13-59ab7a4d485b,0,,4.0,-0.7,100,0.0,1,0,0
mechanism,clean,B_same_model_dag,0f2052a9-2761-4594-8be1-0ecf85fa47fc,0,0,4.0,0.6,400,0.0,4,0,0
mechanism,clean,B_same_model_dag,6db94fb6-4116-44dc-8426-229509a07473,0,0,4.0,30.9,400,0.0,4,0,0
mechanism,clean,B_same_model_dag,e73e316e-41a7-4f92-a40e-3ae277443d12,0,0,4.0,-8.2,400,0.0,4,0,0
mechanism,clean,B_same_model_dag,02abaa03-2a3e-4db4-8f6b-fc31acfab880,0,0,4.0,44.9,400,0.0,4,0,0
mechanism,clean,B_same_model_dag,a0720c04-0ddf-460b-81d7-60d9e6b6e3a1,0,0,4.0,183.0,400,0.0,4,0,0
mechanism,clean,B_same_model_dag,2ba67b9a-9cf8-466f-81cc-b3cf0e3bec49,0,0,4.0,63.0,400,0.0,4,0,0
mechanism,clean,B_same_model_dag,9f212b77-e8cb-414c-b2c4-526f48a1f71b,0,0,4.0,-45.0,400,0.0,4,0,0
mechanism,clean,B_same_model_dag,d97be352-26c2-4c4b-a8ce-459f5a24f124,0,0,4.0,-176.1,400,0.0,4,0,0
mechanism,clean,B_same_model_dag,6f2a9b75-8907-4c4a-87c8-c2be01797dd5,0,0,4.0,123.2,400,0.0,4,0,0
mechanism,clean,B_same_model_dag,fedb5ce9-f135-411b-a7e5-931803df369f,0,0,4.0,150.0,400,0.0,4,0,0
mechanism,clean,B_same_model_dag,c9cc52de-f9a5-4bd5-a45a-86a68e61876f,0,0,4.0,-13.8,400,0.0,4,0,0
mechanism,clean,B_same_model_dag,dc89a4b7-340e-4d48-96d9-ec9a38e65a0b,0,0,4.0,94.67,400,0.0,4,0,0
mechanism,clean,B_same_model_dag,7384e0e0-2cbe-432f-9f0f-82ba1d88355b,0,0,4.0,34.2,400,0.0,4,0,0
mechanism,clean,B_same_model_dag,ee2ad496-6ff0-4ddb-9359-7f90f8155885,0,0,4.0,0.97,400,0.0,4,0,0
mechanism,clean,B_same_model_dag,e4027313-f6f6-4bb1-afb6-6520943df9a7,0,0,4.0,20.46,400,0.0,4,0,0
mechanism,clean,B_same_model_dag,79a28339-32a7-42de-80db-fa4b1f2b2cbd,0,0,4.0,37.27,400,0.0,4,0,0
mechanism,clean,B_same_model_dag,a0284ac1-abb3-4e82-bb8c-409ec89c5a54,0,0,4.0,267.0,400,0.0,4,0,0
mechanism,clean,B_same_model_dag,b221ecbc-af23-4ad1-8202-0cc9e53b8ad3,0,0,4.0,-4.74,400,0.0,4,0,0
mechanism,clean,B_same_model_dag,5c96ba61-4efe-4792-83c5-bcd41a037bc9,0,0,4.0,2.31,400,0.0,4,0,0
mechanism,clean,B_same_model_dag,d03efb78-1b78-4f2f-9e7c-d2889a29acc2,0,0,4.0,-66.7,400,0.0,4,0,0
mechanism,clean,B_same_model_dag,d61315b1-7c1f-4c6e-8bb4-8042c71671cb,0,0,4.0,5.68,400,0.0,4,0,0
mechanism,clean,B_same_model_dag,e777ea8c-c353-460e-a724-9c92a8eb6d75,0,0,4.0,247.0,400,0.0,4,0,0
mechanism,clean,B_same_model_dag,718c9b4f-3907-4a12-b0c0-8bfec4d106ab,0,0,4.0,58.0,400,0.0,4,0,0
mechanism,clean,B_same_model_dag,ff99e26a-38be-43d5-aff7-10ee224b3612,0,0,4.0,426.0,400,0.0,4,0,0
mechanism,clean,B_same_model_dag,b9856aea-375e-4bc3-8ecb-8083c22bcba2,0,0,4.0,-20.53,400,0.0,4,0,0
mechanism,clean,B_same_model_dag,6c76cd11-30f2-4a66-9f13-e99ba2b54946,0,0,4.0,-0.4,400,0.0,4,0,0
mechanism,clean,B_same_model_dag,0da57c95-2709-4b67-a1be-db6f325fb4e5,0,0,4.0,0.4,400,0.0,4,0,0
mechanism,clean,B_same_model_dag,629daa0a-eeb0-4c55-854c-b2b93f4b9ae9,0,0,4.0,-0.7,400,0.0,4,0,0
mechanism,clean,B_same_model_dag,bb2e18cd-6548-47dd-8d73-e6ae2eb71e8e,0,0,4.0,0.36,400,0.0,4,0,0
mechanism,clean,B_same_model_dag,45061182-d00d-4b3c-ae05-2c6fd5ba5cf2,0,0,4.0,-16.0,400,0.0,4,0,0
mechanism,clean,B_same_model_dag,2edb8fba-16aa-4c56-8044-03a3f1220737,0,0,4.0,2.0,400,0.0,4,0,0
mechanism,clean,B_same_model_dag,e8d54320-2dfb-4210-8393-6c56aff55ecc,0,0,4.0,0.47,400,0.0,4,0,0
mechanism,clean,B_same_model_dag,c4eb5f20-8d18-4d1a-be03-b014e541eab3,0,0,4.0,8.8,400,0.0,4,0,0
mechanism,clean,B_same_model_dag,0045158d-99c6-4ccb-99d8-8eea8cace339,0,0,4.0,-6.1,400,0.0,4,0,0
mechanism,clean,B_same_model_dag,0202dbb4-5221-42b7-96b7-5bcb476ffdec,0,0,4.0,-12.9,400,0.0,4,0,0
mechanism,clean,B_same_model_dag,ba2089ef-6999-4381-b677-a4f2f6af8e8e,0,0,4.0,5.0,400,0.0,4,0,0
mechanism,clean,B_same_model_dag,94bc4d77-55a8-4cb0-a095-f9d799b3c37b,0,0,4.0,10.0,400,0.0,4,0,0
mechanism,clean,B_same_model_dag,30f78337-c974-4434-a990-8c33c92a5306,0,0,4.0,3.57,400,0.0,4,0,0
mechanism,clean,B_same_model_dag,fcaa00dc-f9ec-4f57-a7e1-a7ccaca9202b,0,0,4.0,20.45,400,0.0,4,0,0
mechanism,clean,B_same_model_dag,854d95f4-d165-4132-8573-34843115ed45,0,0,4.0,0.4,400,0.0,4,0,0
mechanism,clean,B_same_model_dag,6792fc0a-f8cf-43d8-bc1a-9a11646e7e31,0,0,4.0,114.81,400,0.0,4,0,0
mechanism,clean,B_same_model_dag,bc009826-d4f1-4c53-9e3c-0e6349e8b527,0,0,4.0,-15.38,400,0.0,4,0,0
mechanism,clean,B_same_model_dag,2c980685-7c11-412a-afa6-c23725fcedf6,0,0,4.0,1.6,400,0.0,4,0,0
mechanism,clean,B_same_model_dag,99f1cb28-c0d5-4cda-b50a-a1d7c17b777a,0,0,4.0,66.9,400,0.0,4,0,0
mechanism,clean,B_same_model_dag,72a4833d-a74d-410c-9311-dad856c7fe26,0,0,4.0,11.39,400,0.0,4,0,0
mechanism,clean,B_same_model_dag,3828301a-73bd-4540-80d3-43061664f135,0,0,4.0,11.0,400,0.0,4,0,0
mechanism,clean,B_same_model_dag,46ed6025-c0ae-49d3-8539-a45a1d37ee80,0,0,4.0,81.68,400,0.0,4,0,0
mechanism,clean,B_same_model_dag,297ae9f3-5ef8-435e-a4e7-e0b97a049904,0,0,4.0,0.99,400,0.0,4,0,0
mechanism,clean,B_same_model_dag,a38407e1-d341-4825-933e-81c2a559035f,0,0,4.0,46.0,400,0.0,4,0,0
mechanism,clean,B_same_model_dag,14814a4d-55f8-4fe0-9e13-59ab7a4d485b,0,0,4.0,-0.7,400,0.0,4,0,0
mechanism,fault10,B_same_model_dag,0f2052a9-2761-4594-8be1-0ecf85fa47fc,0,0,4.0,0.6,400,0.0,4,0,0
mechanism,fault10,B_same_model_dag,6db94fb6-4116-44dc-8426-229509a07473,0,0,4.0,30.9,400,0.0,4,0,0
mechanism,fault10,B_same_model_dag,e73e316e-41a7-4f92-a40e-3ae277443d12,0,0,4.0,-8.2,400,0.0,4,0,0
mechanism,fault10,B_same_model_dag,02abaa03-2a3e-4db4-8f6b-fc31acfab880,0,0,4.0,44.9,400,0.0,4,0,0
mechanism,fault10,B_same_model_dag,a0720c04-0ddf-460b-81d7-60d9e6b6e3a1,0,0,4.0,183.0,400,0.0,4,0,0
mechanism,fault10,B_same_model_dag,2ba67b9a-9cf8-466f-81cc-b3cf0e3bec49,0,0,4.0,63.0,400,0.0,4,0,0
mechanism,fault10,B_same_model_dag,9f212b77-e8cb-414c-b2c4-526f48a1f71b,0,0,4.0,-45.0,400,0.0,4,0,0
mechanism,fault10,B_same_model_dag,d97be352-26c2-4c4b-a8ce-459f5a24f124,0,0,4.0,-176.1,400,0.0,4,0,0
mechanism,fault10,B_same_model_dag,6f2a9b75-8907-4c4a-87c8-c2be01797dd5,0,0,4.0,123.2,400,0.0,4,0,0
mechanism,fault10,B_same_model_dag,fedb5ce9-f135-411b-a7e5-931803df369f,0,0,4.0,150.0,400,0.0,4,0,0
mechanism,fault10,B_same_model_dag,c9cc52de-f9a5-4bd5-a45a-86a68e61876f,0,0,4.0,-13.8,400,0.0,4,0,0
mechanism,fault10,B_same_model_dag,dc89a4b7-340e-4d48-96d9-ec9a38e65a0b,0,0,4.0,94.67,400,0.0,4,0,0
mechanism,fault10,B_same_model_dag,7384e0e0-2cbe-432f-9f0f-82ba1d88355b,0,0,,34.2,400,0.0,4,1,1
mechanism,fault10,B_same_model_dag,ee2ad496-6ff0-4ddb-9359-7f90f8155885,0,0,4.0,0.97,400,0.0,4,0,0
mechanism,fault10,B_same_model_dag,e4027313-f6f6-4bb1-afb6-6520943df9a7,0,0,4.0,20.46,400,0.0,4,0,0
mechanism,fault10,B_same_model_dag,79a28339-32a7-42de-80db-fa4b1f2b2cbd,0,0,4.0,37.27,400,0.0,4,0,0
mechanism,fault10,B_same_model_dag,a0284ac1-abb3-4e82-bb8c-409ec89c5a54,0,0,4.0,267.0,400,0.0,4,1,1
mechanism,fault10,B_same_model_dag,b221ecbc-af23-4ad1-8202-0cc9e53b8ad3,0,0,4.0,-4.74,400,0.0,4,0,0
mechanism,fault10,B_same_model_dag,5c96ba61-4efe-4792-83c5-bcd41a037bc9,0,0,4.0,2.31,400,0.0,4,0,0
mechanism,fault10,B_same_model_dag,d03efb78-1b78-4f2f-9e7c-d2889a29acc2,0,0,4.0,-66.7,400,0.0,4,0,0
mechanism,fault10,B_same_model_dag,d61315b1-7c1f-4c6e-8bb4-8042c71671cb,0,0,4.0,5.68,400,0.0,4,0,0
mechanism,fault10,B_same_model_dag,e777ea8c-c353-460e-a724-9c92a8eb6d75,0,0,4.0,247.0,400,0.0,4,0,0
mechanism,fault10,B_same_model_dag,718c9b4f-3907-4a12-b0c0-8bfec4d106ab,0,0,4.0,58.0,400,0.0,4,1,1
mechanism,fault10,B_same_model_dag,ff99e26a-38be-43d5-aff7-10ee224b3612,0,0,4.0,426.0,400,0.0,4,0,0
mechanism,fault10,B_same_model_dag,b9856aea-375e-4bc3-8ecb-8083c22bcba2,0,0,4.0,-20.53,400,0.0,4,0,0
mechanism,fault10,B_same_model_dag,6c76cd11-30f2-4a66-9f13-e99ba2b54946,0,0,4.0,-0.4,400,0.0,4,0,0
mechanism,fault10,B_same_model_dag,0da57c95-2709-4b67-a1be-db6f325fb4e5,0,0,4.0,0.4,400,0.0,4,0,0
mechanism,fault10,B_same_model_dag,629daa0a-eeb0-4c55-854c-b2b93f4b9ae9,0,0,4.0,-0.7,400,0.0,4,0,0
mechanism,fault10,B_same_model_dag,bb2e18cd-6548-47dd-8d73-e6ae2eb71e8e,0,0,4.0,0.36,400,0.0,4,0,0
mechanism,fault10,B_same_model_dag,45061182-d00d-4b3c-ae05-2c6fd5ba5cf2,0,0,4.0,-16.0,400,0.0,4,0,0
mechanism,fault10,B_same_model_dag,2edb8fba-16aa-4c56-8044-03a3f1220737,0,0,4.0,2.0,400,0.0,4,0,0
mechanism,fault10,B_same_model_dag,e8d54320-2dfb-4210-8393-6c56aff55ecc,0,0,4.0,0.47,400,0.0,4,0,0
mechanism,fault10,B_same_model_dag,c4eb5f20-8d18-4d1a-be03-b014e541eab3,0,0,4.0,8.8,400,0.0,4,0,0
mechanism,fault10,B_same_model_dag,0045158d-99c6-4ccb-99d8-8eea8cace339,0,0,4.0,-6.1,400,0.0,4,0,0
mechanism,fault10,B_same_model_dag,0202dbb4-5221-42b7-96b7-5bcb476ffdec,0,0,,-12.9,400,0.0,4,1,1
mechanism,fault10,B_same_model_dag,ba2089ef-6999-4381-b677-a4f2f6af8e8e,0,0,4.0,5.0,400,0.0,4,0,0
mechanism,fault10,B_same_model_dag,94bc4d77-55a8-4cb0-a095-f9d799b3c37b,0,0,4.0,10.0,400,0.0,4,0,0
mechanism,fault10,B_same_model_dag,30f78337-c974-4434-a990-8c33c92a5306,0,0,4.0,3.57,400,0.0,4,0,0
mechanism,fault10,B_same_model_dag,fcaa00dc-f9ec-4f57-a7e1-a7ccaca9202b,0,0,4.0,20.45,400,0.0,4,0,0
mechanism,fault10,B_same_model_dag,854d95f4-d165-4132-8573-34843115ed45,0,0,4.0,0.4,400,0.0,4,0,0
mechanism,fault10,B_same_model_dag,6792fc0a-f8cf-43d8-bc1a-9a11646e7e31,0,0,4.0,114.81,400,0.0,4,0,0
mechanism,fault10,B_same_model_dag,bc009826-d4f1-4c53-9e3c-0e6349e8b527,0,0,4.0,-15.38,400,0.0,4,0,0
mechanism,fault10,B_same_model_dag,2c980685-7c11-412a-afa6-c23725fcedf6,0,0,4.0,1.6,400,0.0,4,0,0
mechanism,fault10,B_same_model_dag,99f1cb28-c0d5-4cda-b50a-a1d7c17b777a,0,0,4.0,66.9,400,0.0,4,0,0
mechanism,fault10,B_same_model_dag,72a4833d-a74d-410c-9311-dad856c7fe26,0,0,4.0,11.39,400,0.0,4,0,0
mechanism,fault10,B_same_model_dag,3828301a-73bd-4540-80d3-43061664f135,0,0,4.0,11.0,400,0.0,4,0,0
mechanism,fault10,B_same_model_dag,46ed6025-c0ae-49d3-8539-a45a1d37ee80,0,0,4.0,81.68,400,0.0,4,0,0
mechanism,fault10,B_same_model_dag,297ae9f3-5ef8-435e-a4e7-e0b97a049904,0,0,4.0,0.99,400,0.0,4,0,0
mechanism,fault10,B_same_model_dag,a38407e1-d341-4825-933e-81c2a559035f,0,0,4.0,46.0,400,0.0,4,0,0
mechanism,fault10,B_same_model_dag,14814a4d-55f8-4fe0-9e13-59ab7a4d485b,0,0,4.0,-0.7,400,0.0,4,1,1
mechanism,fault20,B_same_model_dag,0f2052a9-2761-4594-8be1-0ecf85fa47fc,0,0,4.0,0.6,400,0.0,4,0,0
mechanism,fault20,B_same_model_dag,6db94fb6-4116-44dc-8426-229509a07473,0,0,4.0,30.9,400,0.0,4,1,1
mechanism,fault20,B_same_model_dag,e73e316e-41a7-4f92-a40e-3ae277443d12,0,0,4.0,-8.2,400,0.0,4,0,0
mechanism,fault20,B_same_model_dag,02abaa03-2a3e-4db4-8f6b-fc31acfab880,0,0,4.0,44.9,400,0.0,4,1,1
mechanism,fault20,B_same_model_dag,a0720c04-0ddf-460b-81d7-60d9e6b6e3a1,0,0,,183.0,400,0.0,4,1,1
mechanism,fault20,B_same_model_dag,2ba67b9a-9cf8-466f-81cc-b3cf0e3bec49,0,0,4.0,63.0,400,0.0,4,0,0
mechanism,fault20,B_same_model_dag,9f212b77-e8cb-414c-b2c4-526f48a1f71b,0,0,4.0,-45.0,400,0.0,4,0,0
mechanism,fault20,B_same_model_dag,d97be352-26c2-4c4b-a8ce-459f5a24f124,0,0,4.0,-176.1,400,0.0,4,0,0
mechanism,fault20,B_same_model_dag,6f2a9b75-8907-4c4a-87c8-c2be01797dd5,0,0,4.0,123.2,400,0.0,4,0,0
mechanism,fault20,B_same_model_dag,fedb5ce9-f135-411b-a7e5-931803df369f,0,0,4.0,150.0,400,0.0,4,0,0
mechanism,fault20,B_same_model_dag,c9cc52de-f9a5-4bd5-a45a-86a68e61876f,0,0,4.0,-13.8,400,0.0,4,0,0
mechanism,fault20,B_same_model_dag,dc89a4b7-340e-4d48-96d9-ec9a38e65a0b,0,0,4.0,94.67,400,0.0,4,1,1
mechanism,fault20,B_same_model_dag,7384e0e0-2cbe-432f-9f0f-82ba1d88355b,0,0,4.0,34.2,400,0.0,4,1,1
mechanism,fault20,B_same_model_dag,ee2ad496-6ff0-4ddb-9359-7f90f8155885,0,0,4.0,0.97,400,0.0,4,0,0
mechanism,fault20,B_same_model_dag,e4027313-f6f6-4bb1-afb6-6520943df9a7,0,0,4.0,20.46,400,0.0,4,0,0
mechanism,fault20,B_same_model_dag,79a28339-32a7-42de-80db-fa4b1f2b2cbd,0,0,4.0,37.27,400,0.0,4,0,0
mechanism,fault20,B_same_model_dag,a0284ac1-abb3-4e82-bb8c-409ec89c5a54,0,0,4.0,267.0,400,0.0,4,0,0
mechanism,fault20,B_same_model_dag,b221ecbc-af23-4ad1-8202-0cc9e53b8ad3,0,0,4.0,-4.74,400,0.0,4,0,0
mechanism,fault20,B_same_model_dag,5c96ba61-4efe-4792-83c5-bcd41a037bc9,0,0,4.0,2.31,400,0.0,4,0,0
mechanism,fault20,B_same_model_dag,d03efb78-1b78-4f2f-9e7c-d2889a29acc2,0,0,,-66.7,400,0.0,4,1,1
mechanism,fault20,B_same_model_dag,d61315b1-7c1f-4c6e-8bb4-8042c71671cb,0,0,4.0,5.68,400,0.0,4,0,0
mechanism,fault20,B_same_model_dag,e777ea8c-c353-460e-a724-9c92a8eb6d75,0,0,4.0,247.0,400,0.0,4,0,0
mechanism,fault20,B_same_model_dag,718c9b4f-3907-4a12-b0c0-8bfec4d106ab,0,0,4.0,58.0,400,0.0,4,0,0
mechanism,fault20,B_same_model_dag,ff99e26a-38be-43d5-aff7-10ee224b3612,0,0,4.0,426.0,400,0.0,4,0,0
mechanism,fault20,B_same_model_dag,b9856aea-375e-4bc3-8ecb-8083c22bcba2,0,0,4.0,-20.53,400,0.0,4,0,0
mechanism,fault20,B_same_model_dag,6c76cd11-30f2-4a66-9f13-e99ba2b54946,0,0,4.0,-0.4,400,0.0,4,0,0
mechanism,fault20,B_same_model_dag,0da57c95-2709-4b67-a1be-db6f325fb4e5,0,0,4.0,0.4,400,0.0,4,0,0
mechanism,fault20,B_same_model_dag,629daa0a-eeb0-4c55-854c-b2b93f4b9ae9,0,0,4.0,-0.7,400,0.0,4,0,0
mechanism,fault20,B_same_model_dag,bb2e18cd-6548-47dd-8d73-e6ae2eb71e8e,0,0,4.0,0.36,400,0.0,4,0,0
mechanism,fault20,B_same_model_dag,45061182-d00d-4b3c-ae05-2c6fd5ba5cf2,0,0,4.0,-16.0,400,0.0,4,0,0
mechanism,fault20,B_same_model_dag,2edb8fba-16aa-4c56-8044-03a3f1220737,0,0,4.0,2.0,400,0.0,4,0,0
mechanism,fault20,B_same_model_dag,e8d54320-2dfb-4210-8393-6c56aff55ecc,0,0,4.0,0.47,400,0.0,4,0,0
mechanism,fault20,B_same_model_dag,c4eb5f20-8d18-4d1a-be03-b014e541eab3,0,0,4.0,8.8,400,0.0,4,0,0
mechanism,fault20,B_same_model_dag,0045158d-99c6-4ccb-99d8-8eea8cace339,0,0,4.0,-6.1,400,0.0,4,1,1
mechanism,fault20,B_same_model_dag,0202dbb4-5221-42b7-96b7-5bcb476ffdec,0,0,4.0,-12.9,400,0.0,4,0,0
mechanism,fault20,B_same_model_dag,ba2089ef-6999-4381-b677-a4f2f6af8e8e,0,0,4.0,5.0,400,0.0,4,0,0
mechanism,fault20,B_same_model_dag,94bc4d77-55a8-4cb0-a095-f9d799b3c37b,0,0,4.0,10.0,400,0.0,4,0,0
mechanism,fault20,B_same_model_dag,30f78337-c974-4434-a990-8c33c92a5306,0,0,4.0,3.57,400,0.0,4,1,1
mechanism,fault20,B_same_model_dag,fcaa00dc-f9ec-4f57-a7e1-a7ccaca9202b,0,0,4.0,20.45,400,0.0,4,0,0
mechanism,fault20,B_same_model_dag,854d95f4-d165-4132-8573-34843115ed45,0,0,4.0,0.4,400,0.0,4,0,0
mechanism,fault20,B_same_model_dag,6792fc0a-f8cf-43d8-bc1a-9a11646e7e31,0,0,4.0,114.81,400,0.0,4,0,0
mechanism,fault20,B_same_model_dag,bc009826-d4f1-4c53-9e3c-0e6349e8b527,0,0,4.0,-15.38,400,0.0,4,1,1
mechanism,fault20,B_same_model_dag,2c980685-7c11-412a-afa6-c23725fcedf6,0,0,4.0,1.6,400,0.0,4,0,0
mechanism,fault20,B_same_model_dag,99f1cb28-c0d5-4cda-b50a-a1d7c17b777a,0,0,4.0,66.9,400,0.0,4,0,0
mechanism,fault20,B_same_model_dag,72a4833d-a74d-410c-9311-dad856c7fe26,0,0,4.0,11.39,400,0.0,4,0,0
mechanism,fault20,B_same_model_dag,3828301a-73bd-4540-80d3-43061664f135,0,0,4.0,11.0,400,0.0,4,0,0
mechanism,fault20,B_same_model_dag,46ed6025-c0ae-49d3-8539-a45a1d37ee80,0,0,4.0,81.68,400,0.0,4,1,1
mechanism,fault20,B_same_model_dag,297ae9f3-5ef8-435e-a4e7-e0b97a049904,0,0,4.0,0.99,400,0.0,4,0,0
mechanism,fault20,B_same_model_dag,a38407e1-d341-4825-933e-81c2a559035f,0,0,4.0,46.0,400,0.0,4,0,0
mechanism,fault20,B_same_model_dag,14814a4d-55f8-4fe0-9e13-59ab7a4d485b,0,0,4.0,-0.7,400,0.0,4,0,0
mechanism,fault30,B_same_model_dag,0f2052a9-2761-4594-8be1-0ecf85fa47fc,0,0,4.0,0.6,400,0.0,4,0,0
mechanism,fault30,B_same_model_dag,6db94fb6-4116-44dc-8426-229509a07473,0,0,4.0,30.9,400,0.0,4,0,0
mechanism,fault30,B_same_model_dag,e73e316e-41a7-4f92-a40e-3ae277443d12,0,0,4.0,-8.2,400,0.0,4,0,0
mechanism,fault30,B_same_model_dag,02abaa03-2a3e-4db4-8f6b-fc31acfab880,0,0,4.0,44.9,400,0.0,4,1,1
mechanism,fault30,B_same_model_dag,a0720c04-0ddf-460b-81d7-60d9e6b6e3a1,0,0,4.0,183.0,400,0.0,4,1,1
mechanism,fault30,B_same_model_dag,2ba67b9a-9cf8-466f-81cc-b3cf0e3bec49,0,0,4.0,63.0,400,0.0,4,0,0
mechanism,fault30,B_same_model_dag,9f212b77-e8cb-414c-b2c4-526f48a1f71b,0,0,4.0,-45.0,400,0.0,4,0,0
mechanism,fault30,B_same_model_dag,d97be352-26c2-4c4b-a8ce-459f5a24f124,0,0,4.0,-176.1,400,0.0,4,0,0
mechanism,fault30,B_same_model_dag,6f2a9b75-8907-4c4a-87c8-c2be01797dd5,0,0,,123.2,400,0.0,4,1,1
mechanism,fault30,B_same_model_dag,fedb5ce9-f135-411b-a7e5-931803df369f,0,0,,150.0,400,0.0,4,1,1
mechanism,fault30,B_same_model_dag,c9cc52de-f9a5-4bd5-a45a-86a68e61876f,0,0,4.0,-13.8,400,0.0,4,0,0
mechanism,fault30,B_same_model_dag,dc89a4b7-340e-4d48-96d9-ec9a38e65a0b,0,0,4.0,94.67,400,0.0,4,0,0
mechanism,fault30,B_same_model_dag,7384e0e0-2cbe-432f-9f0f-82ba1d88355b,0,0,4.0,34.2,400,0.0,4,1,1
mechanism,fault30,B_same_model_dag,ee2ad496-6ff0-4ddb-9359-7f90f8155885,0,0,4.0,0.97,400,0.0,4,0,0
mechanism,fault30,B_same_model_dag,e4027313-f6f6-4bb1-afb6-6520943df9a7,0,0,,20.46,400,0.0,4,1,1
mechanism,fault30,B_same_model_dag,79a28339-32a7-42de-80db-fa4b1f2b2cbd,0,0,4.0,37.27,400,0.0,4,0,0
mechanism,fault30,B_same_model_dag,a0284ac1-abb3-4e82-bb8c-409ec89c5a54,0,0,4.0,267.0,400,0.0,4,0,0
mechanism,fault30,B_same_model_dag,b221ecbc-af23-4ad1-8202-0cc9e53b8ad3,0,0,4.0,-4.74,400,0.0,4,0,0
mechanism,fault30,B_same_model_dag,5c96ba61-4efe-4792-83c5-bcd41a037bc9,0,0,4.0,2.31,400,0.0,4,0,0
mechanism,fault30,B_same_model_dag,d03efb78-1b78-4f2f-9e7c-d2889a29acc2,0,0,4.0,-66.7,400,0.0,4,0,0
mechanism,fault30,B_same_model_dag,d61315b1-7c1f-4c6e-8bb4-8042c71671cb,0,0,4.0,5.68,400,0.0,4,0,0
mechanism,fault30,B_same_model_dag,e777ea8c-c353-460e-a724-9c92a8eb6d75,0,0,4.0,247.0,400,0.0,4,1,1
mechanism,fault30,B_same_model_dag,718c9b4f-3907-4a12-b0c0-8bfec4d106ab,0,0,4.0,58.0,400,0.0,4,0,0
mechanism,fault30,B_same_model_dag,ff99e26a-38be-43d5-aff7-10ee224b3612,0,0,4.0,426.0,400,0.0,4,1,1
mechanism,fault30,B_same_model_dag,b9856aea-375e-4bc3-8ecb-8083c22bcba2,0,0,4.0,-20.53,400,0.0,4,1,1
mechanism,fault30,B_same_model_dag,6c76cd11-30f2-4a66-9f13-e99ba2b54946,0,0,4.0,-0.4,400,0.0,4,0,0
mechanism,fault30,B_same_model_dag,0da57c95-2709-4b67-a1be-db6f325fb4e5,0,0,4.0,0.4,400,0.0,4,1,1
mechanism,fault30,B_same_model_dag,629daa0a-eeb0-4c55-854c-b2b93f4b9ae9,0,0,,-0.7,400,0.0,4,1,1
mechanism,fault30,B_same_model_dag,bb2e18cd-6548-47dd-8d73-e6ae2eb71e8e,0,0,,0.36,400,0.0,4,1,1
mechanism,fault30,B_same_model_dag,45061182-d00d-4b3c-ae05-2c6fd5ba5cf2,0,0,4.0,-16.0,400,0.0,4,0,0
mechanism,fault30,B_same_model_dag,2edb8fba-16aa-4c56-8044-03a3f1220737,0,0,4.0,2.0,400,0.0,4,0,0
mechanism,fault30,B_same_model_dag,e8d54320-2dfb-4210-8393-6c56aff55ecc,0,0,4.0,0.47,400,0.0,4,0,0
mechanism,fault30,B_same_model_dag,c4eb5f20-8d18-4d1a-be03-b014e541eab3,0,0,4.0,8.8,400,0.0,4,0,0
mechanism,fault30,B_same_model_dag,0045158d-99c6-4ccb-99d8-8eea8cace339,0,0,4.0,-6.1,400,0.0,4,0,0
mechanism,fault30,B_same_model_dag,0202dbb4-5221-42b7-96b7-5bcb476ffdec,0,0,4.0,-12.9,400,0.0,4,0,0
mechanism,fault30,B_same_model_dag,ba2089ef-6999-4381-b677-a4f2f6af8e8e,0,0,4.0,5.0,400,0.0,4,0,0
mechanism,fault30,B_same_model_dag,94bc4d77-55a8-4cb0-a095-f9d799b3c37b,0,0,4.0,10.0,400,0.0,4,1,1
mechanism,fault30,B_same_model_dag,30f78337-c974-4434-a990-8c33c92a5306,0,0,4.0,3.57,400,0.0,4,0,0
mechanism,fault30,B_same_model_dag,fcaa00dc-f9ec-4f57-a7e1-a7ccaca9202b,0,0,4.0,20.45,400,0.0,4,0,0
mechanism,fault30,B_same_model_dag,854d95f4-d165-4132-8573-34843115ed45,0,0,4.0,0.4,400,0.0,4,0,0
mechanism,fault30,B_same_model_dag,6792fc0a-f8cf-43d8-bc1a-9a11646e7e31,0,0,4.0,114.81,400,0.0,4,0,0
mechanism,fault30,B_same_model_dag,bc009826-d4f1-4c53-9e3c-0e6349e8b527,0,0,4.0,-15.38,400,0.0,4,0,0
mechanism,fault30,B_same_model_dag,2c980685-7c11-412a-afa6-c23725fcedf6,0,0,4.0,1.6,400,0.0,4,0,0
mechanism,fault30,B_same_model_dag,99f1cb28-c0d5-4cda-b50a-a1d7c17b777a,0,0,4.0,66.9,400,0.0,4,1,1
mechanism,fault30,B_same_model_dag,72a4833d-a74d-410c-9311-dad856c7fe26,0,0,4.0,11.39,400,0.0,4,0,0
mechanism,fault30,B_same_model_dag,3828301a-73bd-4540-80d3-43061664f135,0,0,,11.0,400,0.0,4,1,1
mechanism,fault30,B_same_model_dag,46ed6025-c0ae-49d3-8539-a45a1d37ee80,0,0,4.0,81.68,400,0.0,4,0,0
mechanism,fault30,B_same_model_dag,297ae9f3-5ef8-435e-a4e7-e0b97a049904,0,0,4.0,0.99,400,0.0,4,0,0
mechanism,fault30,B_same_model_dag,a38407e1-d341-4825-933e-81c2a559035f,0,0,4.0,46.0,400,0.0,4,0,0
mechanism,fault30,B_same_model_dag,14814a4d-55f8-4fe0-9e13-59ab7a4d485b,0,0,4.0,-0.7,400,0.0,4,0,0
mechanism,clean,C_static_hetero,0f2052a9-2761-4594-8be1-0ecf85fa47fc,0,0,4.0,0.6,400,0.0,4,0,0
mechanism,clean,C_static_hetero,6db94fb6-4116-44dc-8426-229509a07473,0,0,4.0,30.9,400,0.0,4,0,0
mechanism,clean,C_static_hetero,e73e316e-41a7-4f92-a40e-3ae277443d12,0,0,4.0,-8.2,400,0.0,4,0,0
mechanism,clean,C_static_hetero,02abaa03-2a3e-4db4-8f6b-fc31acfab880,0,0,4.0,44.9,400,0.0,4,0,0
mechanism,clean,C_static_hetero,a0720c04-0ddf-460b-81d7-60d9e6b6e3a1,0,0,4.0,183.0,400,0.0,4,0,0
mechanism,clean,C_static_hetero,2ba67b9a-9cf8-466f-81cc-b3cf0e3bec49,0,0,4.0,63.0,400,0.0,4,0,0
mechanism,clean,C_static_hetero,9f212b77-e8cb-414c-b2c4-526f48a1f71b,0,0,4.0,-45.0,400,0.0,4,0,0
mechanism,clean,C_static_hetero,d97be352-26c2-4c4b-a8ce-459f5a24f124,0,0,4.0,-176.1,400,0.0,4,0,0
mechanism,clean,C_static_hetero,6f2a9b75-8907-4c4a-87c8-c2be01797dd5,0,0,4.0,123.2,400,0.0,4,0,0
mechanism,clean,C_static_hetero,fedb5ce9-f135-411b-a7e5-931803df369f,0,0,4.0,150.0,400,0.0,4,0,0
mechanism,clean,C_static_hetero,c9cc52de-f9a5-4bd5-a45a-86a68e61876f,0,0,4.0,-13.8,400,0.0,4,0,0
mechanism,clean,C_static_hetero,dc89a4b7-340e-4d48-96d9-ec9a38e65a0b,0,0,4.0,94.67,400,0.0,4,0,0
mechanism,clean,C_static_hetero,7384e0e0-2cbe-432f-9f0f-82ba1d88355b,0,0,4.0,34.2,400,0.0,4,0,0
mechanism,clean,C_static_hetero,ee2ad496-6ff0-4ddb-9359-7f90f8155885,0,0,4.0,0.97,400,0.0,4,0,0
mechanism,clean,C_static_hetero,e4027313-f6f6-4bb1-afb6-6520943df9a7,0,0,4.0,20.46,400,0.0,4,0,0
mechanism,clean,C_static_hetero,79a28339-32a7-42de-80db-fa4b1f2b2cbd,0,0,4.0,37.27,400,0.0,4,0,0
mechanism,clean,C_static_hetero,a0284ac1-abb3-4e82-bb8c-409ec89c5a54,0,0,4.0,267.0,400,0.0,4,0,0
mechanism,clean,C_static_hetero,b221ecbc-af23-4ad1-8202-0cc9e53b8ad3,0,0,4.0,-4.74,400,0.0,4,0,0
mechanism,clean,C_static_hetero,5c96ba61-4efe-4792-83c5-bcd41a037bc9,0,0,4.0,2.31,400,0.0,4,0,0
mechanism,clean,C_static_hetero,d03efb78-1b78-4f2f-9e7c-d2889a29acc2,0,0,4.0,-66.7,400,0.0,4,0,0
mechanism,clean,C_static_hetero,d61315b1-7c1f-4c6e-8bb4-8042c71671cb,0,0,4.0,5.68,400,0.0,4,0,0
mechanism,clean,C_static_hetero,e777ea8c-c353-460e-a724-9c92a8eb6d75,0,0,4.0,247.0,400,0.0,4,0,0
mechanism,clean,C_static_hetero,718c9b4f-3907-4a12-b0c0-8bfec4d106ab,0,0,4.0,58.0,400,0.0,4,0,0
mechanism,clean,C_static_hetero,ff99e26a-38be-43d5-aff7-10ee224b3612,0,0,4.0,426.0,400,0.0,4,0,0
mechanism,clean,C_static_hetero,b9856aea-375e-4bc3-8ecb-8083c22bcba2,0,0,4.0,-20.53,400,0.0,4,0,0
mechanism,clean,C_static_hetero,6c76cd11-30f2-4a66-9f13-e99ba2b54946,0,0,4.0,-0.4,400,0.0,4,0,0
mechanism,clean,C_static_hetero,0da57c95-2709-4b67-a1be-db6f325fb4e5,0,0,4.0,0.4,400,0.0,4,0,0
mechanism,clean,C_static_hetero,629daa0a-eeb0-4c55-854c-b2b93f4b9ae9,0,0,4.0,-0.7,400,0.0,4,0,0
mechanism,clean,C_static_hetero,bb2e18cd-6548-47dd-8d73-e6ae2eb71e8e,0,0,4.0,0.36,400,0.0,4,0,0
mechanism,clean,C_static_hetero,45061182-d00d-4b3c-ae05-2c6fd5ba5cf2,0,0,4.0,-16.0,400,0.0,4,0,0
mechanism,clean,C_static_hetero,2edb8fba-16aa-4c56-8044-03a3f1220737,0,0,4.0,2.0,400,0.0,4,0,0
mechanism,clean,C_static_hetero,e8d54320-2dfb-4210-8393-6c56aff55ecc,0,0,4.0,0.47,400,0.0,4,0,0
mechanism,clean,C_static_hetero,c4eb5f20-8d18-4d1a-be03-b014e541eab3,0,0,4.0,8.8,400,0.0,4,0,0
mechanism,clean,C_static_hetero,0045158d-99c6-4ccb-99d8-8eea8cace339,0,0,4.0,-6.1,400,0.0,4,0,0
mechanism,clean,C_static_hetero,0202dbb4-5221-42b7-96b7-5bcb476ffdec,0,0,4.0,-12.9,400,0.0,4,0,0
mechanism,clean,C_static_hetero,ba2089ef-6999-4381-b677-a4f2f6af8e8e,0,0,4.0,5.0,400,0.0,4,0,0
mechanism,clean,C_static_hetero,94bc4d77-55a8-4cb0-a095-f9d799b3c37b,0,0,4.0,10.0,400,0.0,4,0,0
mechanism,clean,C_static_hetero,30f78337-c974-4434-a990-8c33c92a5306,0,0,4.0,3.57,400,0.0,4,0,0
mechanism,clean,C_static_hetero,fcaa00dc-f9ec-4f57-a7e1-a7ccaca9202b,0,0,4.0,20.45,400,0.0,4,0,0
mechanism,clean,C_static_hetero,854d95f4-d165-4132-8573-34843115ed45,0,0,4.0,0.4,400,0.0,4,0,0
mechanism,clean,C_static_hetero,6792fc0a-f8cf-43d8-bc1a-9a11646e7e31,0,0,4.0,114.81,400,0.0,4,0,0
mechanism,clean,C_static_hetero,bc009826-d4f1-4c53-9e3c-0e6349e8b527,0,0,4.0,-15.38,400,0.0,4,0,0
mechanism,clean,C_static_hetero,2c980685-7c11-412a-afa6-c23725fcedf6,0,0,4.0,1.6,400,0.0,4,0,0
mechanism,clean,C_static_hetero,99f1cb28-c0d5-4cda-b50a-a1d7c17b777a,0,0,4.0,66.9,400,0.0,4,0,0
mechanism,clean,C_static_hetero,72a4833d-a74d-410c-9311-dad856c7fe26,0,0,4.0,11.39,400,0.0,4,0,0
mechanism,clean,C_static_hetero,3828301a-73bd-4540-80d3-43061664f135,0,0,4.0,11.0,400,0.0,4,0,0
mechanism,clean,C_static_hetero,46ed6025-c0ae-49d3-8539-a45a1d37ee80,0,0,4.0,81.68,400,0.0,4,0,0
mechanism,clean,C_static_hetero,297ae9f3-5ef8-435e-a4e7-e0b97a049904,0,0,4.0,0.99,400,0.0,4,0,0
mechanism,clean,C_static_hetero,a38407e1-d341-4825-933e-81c2a559035f,0,0,4.0,46.0,400,0.0,4,0,0
mechanism,clean,C_static_hetero,14814a4d-55f8-4fe0-9e13-59ab7a4d485b,0,0,4.0,-0.7,400,0.0,4,0,0
mechanism,fault10,C_static_hetero,0f2052a9-2761-4594-8be1-0ecf85fa47fc,0,0,4.0,0.6,400,0.0,4,0,0
mechanism,fault10,C_static_hetero,6db94fb6-4116-44dc-8426-229509a07473,0,0,4.0,30.9,400,0.0,4,0,0
mechanism,fault10,C_static_hetero,e73e316e-41a7-4f92-a40e-3ae277443d12,0,0,4.0,-8.2,400,0.0,4,0,0
mechanism,fault10,C_static_hetero,02abaa03-2a3e-4db4-8f6b-fc31acfab880,0,0,4.0,44.9,400,0.0,4,0,0
mechanism,fault10,C_static_hetero,a0720c04-0ddf-460b-81d7-60d9e6b6e3a1,0,0,4.0,183.0,400,0.0,4,0,0
mechanism,fault10,C_static_hetero,2ba67b9a-9cf8-466f-81cc-b3cf0e3bec49,0,0,4.0,63.0,400,0.0,4,0,0
mechanism,fault10,C_static_hetero,9f212b77-e8cb-414c-b2c4-526f48a1f71b,0,0,4.0,-45.0,400,0.0,4,0,0
mechanism,fault10,C_static_hetero,d97be352-26c2-4c4b-a8ce-459f5a24f124,0,0,4.0,-176.1,400,0.0,4,0,0
mechanism,fault10,C_static_hetero,6f2a9b75-8907-4c4a-87c8-c2be01797dd5,0,0,4.0,123.2,400,0.0,4,0,0
mechanism,fault10,C_static_hetero,fedb5ce9-f135-411b-a7e5-931803df369f,0,0,4.0,150.0,400,0.0,4,0,0
mechanism,fault10,C_static_hetero,c9cc52de-f9a5-4bd5-a45a-86a68e61876f,0,0,4.0,-13.8,400,0.0,4,0,0
mechanism,fault10,C_static_hetero,dc89a4b7-340e-4d48-96d9-ec9a38e65a0b,0,0,4.0,94.67,400,0.0,4,0,0
mechanism,fault10,C_static_hetero,7384e0e0-2cbe-432f-9f0f-82ba1d88355b,0,0,,34.2,400,0.0,4,1,1
mechanism,fault10,C_static_hetero,ee2ad496-6ff0-4ddb-9359-7f90f8155885,0,0,4.0,0.97,400,0.0,4,0,0
mechanism,fault10,C_static_hetero,e4027313-f6f6-4bb1-afb6-6520943df9a7,0,0,4.0,20.46,400,0.0,4,0,0
mechanism,fault10,C_static_hetero,79a28339-32a7-42de-80db-fa4b1f2b2cbd,0,0,4.0,37.27,400,0.0,4,0,0
mechanism,fault10,C_static_hetero,a0284ac1-abb3-4e82-bb8c-409ec89c5a54,0,0,4.0,267.0,400,0.0,4,1,1
mechanism,fault10,C_static_hetero,b221ecbc-af23-4ad1-8202-0cc9e53b8ad3,0,0,4.0,-4.74,400,0.0,4,0,0
mechanism,fault10,C_static_hetero,5c96ba61-4efe-4792-83c5-bcd41a037bc9,0,0,4.0,2.31,400,0.0,4,0,0
mechanism,fault10,C_static_hetero,d03efb78-1b78-4f2f-9e7c-d2889a29acc2,0,0,4.0,-66.7,400,0.0,4,0,0
mechanism,fault10,C_static_hetero,d61315b1-7c1f-4c6e-8bb4-8042c71671cb,0,0,4.0,5.68,400,0.0,4,0,0
mechanism,fault10,C_static_hetero,e777ea8c-c353-460e-a724-9c92a8eb6d75,0,0,4.0,247.0,400,0.0,4,0,0
mechanism,fault10,C_static_hetero,718c9b4f-3907-4a12-b0c0-8bfec4d106ab,0,0,4.0,58.0,400,0.0,4,1,1
mechanism,fault10,C_static_hetero,ff99e26a-38be-43d5-aff7-10ee224b3612,0,0,4.0,426.0,400,0.0,4,0,0
mechanism,fault10,C_static_hetero,b9856aea-375e-4bc3-8ecb-8083c22bcba2,0,0,4.0,-20.53,400,0.0,4,0,0
mechanism,fault10,C_static_hetero,6c76cd11-30f2-4a66-9f13-e99ba2b54946,0,0,4.0,-0.4,400,0.0,4,0,0
mechanism,fault10,C_static_hetero,0da57c95-2709-4b67-a1be-db6f325fb4e5,0,0,4.0,0.4,400,0.0,4,0,0
mechanism,fault10,C_static_hetero,629daa0a-eeb0-4c55-854c-b2b93f4b9ae9,0,0,4.0,-0.7,400,0.0,4,0,0
mechanism,fault10,C_static_hetero,bb2e18cd-6548-47dd-8d73-e6ae2eb71e8e,0,0,4.0,0.36,400,0.0,4,0,0
mechanism,fault10,C_static_hetero,45061182-d00d-4b3c-ae05-2c6fd5ba5cf2,0,0,4.0,-16.0,400,0.0,4,0,0
mechanism,fault10,C_static_hetero,2edb8fba-16aa-4c56-8044-03a3f1220737,0,0,4.0,2.0,400,0.0,4,0,0
mechanism,fault10,C_static_hetero,e8d54320-2dfb-4210-8393-6c56aff55ecc,0,0,4.0,0.47,400,0.0,4,0,0
mechanism,fault10,C_static_hetero,c4eb5f20-8d18-4d1a-be03-b014e541eab3,0,0,4.0,8.8,400,0.0,4,0,0
mechanism,fault10,C_static_hetero,0045158d-99c6-4ccb-99d8-8eea8cace339,0,0,4.0,-6.1,400,0.0,4,0,0
mechanism,fault10,C_static_hetero,0202dbb4-5221-42b7-96b7-5bcb476ffdec,0,0,,-12.9,400,0.0,4,1,1
mechanism,fault10,C_static_hetero,ba2089ef-6999-4381-b677-a4f2f6af8e8e,0,0,4.0,5.0,400,0.0,4,0,0
mechanism,fault10,C_static_hetero,94bc4d77-55a8-4cb0-a095-f9d799b3c37b,0,0,4.0,10.0,400,0.0,4,0,0
mechanism,fault10,C_static_hetero,30f78337-c974-4434-a990-8c33c92a5306,0,0,4.0,3.57,400,0.0,4,0,0
mechanism,fault10,C_static_hetero,fcaa00dc-f9ec-4f57-a7e1-a7ccaca9202b,0,0,4.0,20.45,400,0.0,4,0,0
mechanism,fault10,C_static_hetero,854d95f4-d165-4132-8573-34843115ed45,0,0,4.0,0.4,400,0.0,4,0,0
mechanism,fault10,C_static_hetero,6792fc0a-f8cf-43d8-bc1a-9a11646e7e31,0,0,4.0,114.81,400,0.0,4,0,0
mechanism,fault10,C_static_hetero,bc009826-d4f1-4c53-9e3c-0e6349e8b527,0,0,4.0,-15.38,400,0.0,4,0,0
mechanism,fault10,C_static_hetero,2c980685-7c11-412a-afa6-c23725fcedf6,0,0,4.0,1.6,400,0.0,4,0,0
mechanism,fault10,C_static_hetero,99f1cb28-c0d5-4cda-b50a-a1d7c17b777a,0,0,4.0,66.9,400,0.0,4,0,0
mechanism,fault10,C_static_hetero,72a4833d-a74d-410c-9311-dad856c7fe26,0,0,4.0,11.39,400,0.0,4,0,0
mechanism,fault10,C_static_hetero,3828301a-73bd-4540-80d3-43061664f135,0,0,4.0,11.0,400,0.0,4,0,0
mechanism,fault10,C_static_hetero,46ed6025-c0ae-49d3-8539-a45a1d37ee80,0,0,4.0,81.68,400,0.0,4,0,0
mechanism,fault10,C_static_hetero,297ae9f3-5ef8-435e-a4e7-e0b97a049904,0,0,4.0,0.99,400,0.0,4,0,0
mechanism,fault10,C_static_hetero,a38407e1-d341-4825-933e-81c2a559035f,0,0,4.0,46.0,400,0.0,4,0,0
mechanism,fault10,C_static_hetero,14814a4d-55f8-4fe0-9e13-59ab7a4d485b,0,0,4.0,-0.7,400,0.0,4,1,1
mechanism,fault20,C_static_hetero,0f2052a9-2761-4594-8be1-0ecf85fa47fc,0,0,4.0,0.6,400,0.0,4,0,0
mechanism,fault20,C_static_hetero,6db94fb6-4116-44dc-8426-229509a07473,0,0,4.0,30.9,400,0.0,4,1,1
mechanism,fault20,C_static_hetero,e73e316e-41a7-4f92-a40e-3ae277443d12,0,0,4.0,-8.2,400,0.0,4,0,0
mechanism,fault20,C_static_hetero,02abaa03-2a3e-4db4-8f6b-fc31acfab880,0,0,4.0,44.9,400,0.0,4,1,1
mechanism,fault20,C_static_hetero,a0720c04-0ddf-460b-81d7-60d9e6b6e3a1,0,0,,183.0,400,0.0,4,1,1
mechanism,fault20,C_static_hetero,2ba67b9a-9cf8-466f-81cc-b3cf0e3bec49,0,0,4.0,63.0,400,0.0,4,0,0
mechanism,fault20,C_static_hetero,9f212b77-e8cb-414c-b2c4-526f48a1f71b,0,0,4.0,-45.0,400,0.0,4,0,0
mechanism,fault20,C_static_hetero,d97be352-26c2-4c4b-a8ce-459f5a24f124,0,0,4.0,-176.1,400,0.0,4,0,0
mechanism,fault20,C_static_hetero,6f2a9b75-8907-4c4a-87c8-c2be01797dd5,0,0,4.0,123.2,400,0.0,4,0,0
mechanism,fault20,C_static_hetero,fedb5ce9-f135-411b-a7e5-931803df369f,0,0,4.0,150.0,400,0.0,4,0,0
mechanism,fault20,C_static_hetero,c9cc52de-f9a5-4bd5-a45a-86a68e61876f,0,0,4.0,-13.8,400,0.0,4,0,0
mechanism,fault20,C_static_hetero,dc89a4b7-340e-4d48-96d9-ec9a38e65a0b,0,0,4.0,94.67,400,0.0,4,1,1
mechanism,fault20,C_static_hetero,7384e0e0-2cbe-432f-9f0f-82ba1d88355b,0,0,4.0,34.2,400,0.0,4,1,1
mechanism,fault20,C_static_hetero,ee2ad496-6ff0-4ddb-9359-7f90f8155885,0,0,4.0,0.97,400,0.0,4,0,0
mechanism,fault20,C_static_hetero,e4027313-f6f6-4bb1-afb6-6520943df9a7,0,0,4.0,20.46,400,0.0,4,0,0
mechanism,fault20,C_static_hetero,79a28339-32a7-42de-80db-fa4b1f2b2cbd,0,0,4.0,37.27,400,0.0,4,0,0
mechanism,fault20,C_static_hetero,a0284ac1-abb3-4e82-bb8c-409ec89c5a54,0,0,4.0,267.0,400,0.0,4,0,0
mechanism,fault20,C_static_hetero,b221ecbc-af23-4ad1-8202-0cc9e53b8ad3,0,0,4.0,-4.74,400,0.0,4,0,0
mechanism,fault20,C_static_hetero,5c96ba61-4efe-4792-83c5-bcd41a037bc9,0,0,4.0,2.31,400,0.0,4,0,0
mechanism,fault20,C_static_hetero,d03efb78-1b78-4f2f-9e7c-d2889a29acc2,0,0,,-66.7,400,0.0,4,1,1
mechanism,fault20,C_static_hetero,d61315b1-7c1f-4c6e-8bb4-8042c71671cb,0,0,4.0,5.68,400,0.0,4,0,0
mechanism,fault20,C_static_hetero,e777ea8c-c353-460e-a724-9c92a8eb6d75,0,0,4.0,247.0,400,0.0,4,0,0
mechanism,fault20,C_static_hetero,718c9b4f-3907-4a12-b0c0-8bfec4d106ab,0,0,4.0,58.0,400,0.0,4,0,0
mechanism,fault20,C_static_hetero,ff99e26a-38be-43d5-aff7-10ee224b3612,0,0,4.0,426.0,400,0.0,4,0,0
mechanism,fault20,C_static_hetero,b9856aea-375e-4bc3-8ecb-8083c22bcba2,0,0,4.0,-20.53,400,0.0,4,0,0
mechanism,fault20,C_static_hetero,6c76cd11-30f2-4a66-9f13-e99ba2b54946,0,0,4.0,-0.4,400,0.0,4,0,0
mechanism,fault20,C_static_hetero,0da57c95-2709-4b67-a1be-db6f325fb4e5,0,0,4.0,0.4,400,0.0,4,0,0
mechanism,fault20,C_static_hetero,629daa0a-eeb0-4c55-854c-b2b93f4b9ae9,0,0,4.0,-0.7,400,0.0,4,0,0
mechanism,fault20,C_static_hetero,bb2e18cd-6548-47dd-8d73-e6ae2eb71e8e,0,0,4.0,0.36,400,0.0,4,0,0
mechanism,fault20,C_static_hetero,45061182-d00d-4b3c-ae05-2c6fd5ba5cf2,0,0,4.0,-16.0,400,0.0,4,0,0
mechanism,fault20,C_static_hetero,2edb8fba-16aa-4c56-8044-03a3f1220737,0,0,4.0,2.0,400,0.0,4,0,0
mechanism,fault20,C_static_hetero,e8d54320-2dfb-4210-8393-6c56aff55ecc,0,0,4.0,0.47,400,0.0,4,0,0
mechanism,fault20,C_static_hetero,c4eb5f20-8d18-4d1a-be03-b014e541eab3,0,0,4.0,8.8,400,0.0,4,0,0
mechanism,fault20,C_static_hetero,0045158d-99c6-4ccb-99d8-8eea8cace339,0,0,4.0,-6.1,400,0.0,4,1,1
mechanism,fault20,C_static_hetero,0202dbb4-5221-42b7-96b7-5bcb476ffdec,0,0,4.0,-12.9,400,0.0,4,0,0
mechanism,fault20,C_static_hetero,ba2089ef-6999-4381-b677-a4f2f6af8e8e,0,0,4.0,5.0,400,0.0,4,0,0
mechanism,fault20,C_static_hetero,94bc4d77-55a8-4cb0-a095-f9d799b3c37b,0,0,4.0,10.0,400,0.0,4,0,0
mechanism,fault20,C_static_hetero,30f78337-c974-4434-a990-8c33c92a5306,0,0,4.0,3.57,400,0.0,4,1,1
mechanism,fault20,C_static_hetero,fcaa00dc-f9ec-4f57-a7e1-a7ccaca9202b,0,0,4.0,20.45,400,0.0,4,0,0
mechanism,fault20,C_static_hetero,854d95f4-d165-4132-8573-34843115ed45,0,0,4.0,0.4,400,0.0,4,0,0
mechanism,fault20,C_static_hetero,6792fc0a-f8cf-43d8-bc1a-9a11646e7e31,0,0,4.0,114.81,400,0.0,4,0,0
mechanism,fault20,C_static_hetero,bc009826-d4f1-4c53-9e3c-0e6349e8b527,0,0,4.0,-15.38,400,0.0,4,1,1
mechanism,fault20,C_static_hetero,2c980685-7c11-412a-afa6-c23725fcedf6,0,0,4.0,1.6,400,0.0,4,0,0
mechanism,fault20,C_static_hetero,99f1cb28-c0d5-4cda-b50a-a1d7c17b777a,0,0,4.0,66.9,400,0.0,4,0,0
mechanism,fault20,C_static_hetero,72a4833d-a74d-410c-9311-dad856c7fe26,0,0,4.0,11.39,400,0.0,4,0,0
mechanism,fault20,C_static_hetero,3828301a-73bd-4540-80d3-43061664f135,0,0,4.0,11.0,400,0.0,4,0,0
mechanism,fault20,C_static_hetero,46ed6025-c0ae-49d3-8539-a45a1d37ee80,0,0,4.0,81.68,400,0.0,4,1,1
mechanism,fault20,C_static_hetero,297ae9f3-5ef8-435e-a4e7-e0b97a049904,0,0,4.0,0.99,400,0.0,4,0,0
mechanism,fault20,C_static_hetero,a38407e1-d341-4825-933e-81c2a559035f,0,0,4.0,46.0,400,0.0,4,0,0
mechanism,fault20,C_static_hetero,14814a4d-55f8-4fe0-9e13-59ab7a4d485b,0,0,4.0,-0.7,400,0.0,4,0,0
mechanism,fault30,C_static_hetero,0f2052a9-2761-4594-8be1-0ecf85fa47fc,0,0,4.0,0.6,400,0.0,4,0,0
mechanism,fault30,C_static_hetero,6db94fb6-4116-44dc-8426-229509a07473,0,0,4.0,30.9,400,0.0,4,0,0
mechanism,fault30,C_static_hetero,e73e316e-41a7-4f92-a40e-3ae277443d12,0,0,4.0,-8.2,400,0.0,4,0,0
mechanism,fault30,C_static_hetero,02abaa03-2a3e-4db4-8f6b-fc31acfab880,0,0,4.0,44.9,400,0.0,4,1,1
mechanism,fault30,C_static_hetero,a0720c04-0ddf-460b-81d7-60d9e6b6e3a1,0,0,4.0,183.0,400,0.0,4,1,1
mechanism,fault30,C_static_hetero,2ba67b9a-9cf8-466f-81cc-b3cf0e3bec49,0,0,4.0,63.0,400,0.0,4,0,0
mechanism,fault30,C_static_hetero,9f212b77-e8cb-414c-b2c4-526f48a1f71b,0,0,4.0,-45.0,400,0.0,4,0,0
mechanism,fault30,C_static_hetero,d97be352-26c2-4c4b-a8ce-459f5a24f124,0,0,4.0,-176.1,400,0.0,4,0,0
mechanism,fault30,C_static_hetero,6f2a9b75-8907-4c4a-87c8-c2be01797dd5,0,0,,123.2,400,0.0,4,1,1
mechanism,fault30,C_static_hetero,fedb5ce9-f135-411b-a7e5-931803df369f,0,0,,150.0,400,0.0,4,1,1
mechanism,fault30,C_static_hetero,c9cc52de-f9a5-4bd5-a45a-86a68e61876f,0,0,4.0,-13.8,400,0.0,4,0,0
mechanism,fault30,C_static_hetero,dc89a4b7-340e-4d48-96d9-ec9a38e65a0b,0,0,4.0,94.67,400,0.0,4,0,0
mechanism,fault30,C_static_hetero,7384e0e0-2cbe-432f-9f0f-82ba1d88355b,0,0,4.0,34.2,400,0.0,4,1,1
mechanism,fault30,C_static_hetero,ee2ad496-6ff0-4ddb-9359-7f90f8155885,0,0,4.0,0.97,400,0.0,4,0,0
mechanism,fault30,C_static_hetero,e4027313-f6f6-4bb1-afb6-6520943df9a7,0,0,,20.46,400,0.0,4,1,1
mechanism,fault30,C_static_hetero,79a28339-32a7-42de-80db-fa4b1f2b2cbd,0,0,4.0,37.27,400,0.0,4,0,0
mechanism,fault30,C_static_hetero,a0284ac1-abb3-4e82-bb8c-409ec89c5a54,0,0,4.0,267.0,400,0.0,4,0,0
mechanism,fault30,C_static_hetero,b221ecbc-af23-4ad1-8202-0cc9e53b8ad3,0,0,4.0,-4.74,400,0.0,4,0,0
mechanism,fault30,C_static_hetero,5c96ba61-4efe-4792-83c5-bcd41a037bc9,0,0,4.0,2.31,400,0.0,4,0,0
mechanism,fault30,C_static_hetero,d03efb78-1b78-4f2f-9e7c-d2889a29acc2,0,0,4.0,-66.7,400,0.0,4,0,0
mechanism,fault30,C_static_hetero,d61315b1-7c1f-4c6e-8bb4-8042c71671cb,0,0,4.0,5.68,400,0.0,4,0,0
mechanism,fault30,C_static_hetero,e777ea8c-c353-460e-a724-9c92a8eb6d75,0,0,4.0,247.0,400,0.0,4,1,1
mechanism,fault30,C_static_hetero,718c9b4f-3907-4a12-b0c0-8bfec4d106ab,0,0,4.0,58.0,400,0.0,4,0,0
mechanism,fault30,C_static_hetero,ff99e26a-38be-43d5-aff7-10ee224b3612,0,0,4.0,426.0,400,0.0,4,1,1
mechanism,fault30,C_static_hetero,b9856aea-375e-4bc3-8ecb-8083c22bcba2,0,0,4.0,-20.53,400,0.0,4,1,1
mechanism,fault30,C_static_hetero,6c76cd11-30f2-4a66-9f13-e99ba2b54946,0,0,4.0,-0.4,400,0.0,4,0,0
mechanism,fault30,C_static_hetero,0da57c95-2709-4b67-a1be-db6f325fb4e5,0,0,4.0,0.4,400,0.0,4,1,1
mechanism,fault30,C_static_hetero,629daa0a-eeb0-4c55-854c-b2b93f4b9ae9,0,0,,-0.7,400,0.0,4,1,1
mechanism,fault30,C_static_hetero,bb2e18cd-6548-47dd-8d73-e6ae2eb71e8e,0,0,,0.36,400,0.0,4,1,1
mechanism,fault30,C_static_hetero,45061182-d00d-4b3c-ae05-2c6fd5ba5cf2,0,0,4.0,-16.0,400,0.0,4,0,0
mechanism,fault30,C_static_hetero,2edb8fba-16aa-4c56-8044-03a3f1220737,0,0,4.0,2.0,400,0.0,4,0,0
mechanism,fault30,C_static_hetero,e8d54320-2dfb-4210-8393-6c56aff55ecc,0,0,4.0,0.47,400,0.0,4,0,0
mechanism,fault30,C_static_hetero,c4eb5f20-8d18-4d1a-be03-b014e541eab3,0,0,4.0,8.8,400,0.0,4,0,0
mechanism,fault30,C_static_hetero,0045158d-99c6-4ccb-99d8-8eea8cace339,0,0,4.0,-6.1,400,0.0,4,0,0
mechanism,fault30,C_static_hetero,0202dbb4-5221-42b7-96b7-5bcb476ffdec,0,0,4.0,-12.9,400,0.0,4,0,0
mechanism,fault30,C_static_hetero,ba2089ef-6999-4381-b677-a4f2f6af8e8e,0,0,4.0,5.0,400,0.0,4,0,0
mechanism,fault30,C_static_hetero,94bc4d77-55a8-4cb0-a095-f9d799b3c37b,0,0,4.0,10.0,400,0.0,4,1,1
mechanism,fault30,C_static_hetero,30f78337-c974-4434-a990-8c33c92a5306,0,0,4.0,3.57,400,0.0,4,0,0
mechanism,fault30,C_static_hetero,fcaa00dc-f9ec-4f57-a7e1-a7ccaca9202b,0,0,4.0,20.45,400,0.0,4,0,0
mechanism,fault30,C_static_hetero,854d95f4-d165-4132-8573-34843115ed45,0,0,4.0,0.4,400,0.0,4,0,0
mechanism,fault30,C_static_hetero,6792fc0a-f8cf-43d8-bc1a-9a11646e7e31,0,0,4.0,114.81,400,0.0,4,0,0
mechanism,fault30,C_static_hetero,bc009826-d4f1-4c53-9e3c-0e6349e8b527,0,0,4.0,-15.38,400,0.0,4,0,0
mechanism,fault30,C_static_hetero,2c980685-7c11-412a-afa6-c23725fcedf6,0,0,4.0,1.6,400,0.0,4,0,0
mechanism,fault30,C_static_hetero,99f1cb28-c0d5-4cda-b50a-a1d7c17b777a,0,0,4.0,66.9,400,0.0,4,1,1
mechanism,fault30,C_static_hetero,72a4833d-a74d-410c-9311-dad856c7fe26,0,0,4.0,11.39,400,0.0,4,0,0
mechanism,fault30,C_static_hetero,3828301a-73bd-4540-80d3-43061664f135,0,0,,11.0,400,0.0,4,1,1
mechanism,fault30,C_static_hetero,46ed6025-c0ae-49d3-8539-a45a1d37ee80,0,0,4.0,81.68,400,0.0,4,0,0
mechanism,fault30,C_static_hetero,297ae9f3-5ef8-435e-a4e7-e0b97a049904,0,0,4.0,0.99,400,0.0,4,0,0
mechanism,fault30,C_static_hetero,a38407e1-d341-4825-933e-81c2a559035f,0,0,4.0,46.0,400,0.0,4,0,0
mechanism,fault30,C_static_hetero,14814a4d-55f8-4fe0-9e13-59ab7a4d485b,0,0,4.0,-0.7,400,0.0,4,0,0
mechanism,clean,D_dynamic_local,0f2052a9-2761-4594-8be1-0ecf85fa47fc,0,0,4.0,0.6,400,0.0,4,0,0
mechanism,clean,D_dynamic_local,6db94fb6-4116-44dc-8426-229509a07473,0,0,4.0,30.9,400,0.0,4,0,0
mechanism,clean,D_dynamic_local,e73e316e-41a7-4f92-a40e-3ae277443d12,0,0,4.0,-8.2,400,0.0,4,0,0
mechanism,clean,D_dynamic_local,02abaa03-2a3e-4db4-8f6b-fc31acfab880,0,0,4.0,44.9,400,0.0,4,0,0
mechanism,clean,D_dynamic_local,a0720c04-0ddf-460b-81d7-60d9e6b6e3a1,0,0,4.0,183.0,400,0.0,4,0,0
mechanism,clean,D_dynamic_local,2ba67b9a-9cf8-466f-81cc-b3cf0e3bec49,0,0,4.0,63.0,400,0.0,4,0,0
mechanism,clean,D_dynamic_local,9f212b77-e8cb-414c-b2c4-526f48a1f71b,0,0,4.0,-45.0,400,0.0,4,0,0
mechanism,clean,D_dynamic_local,d97be352-26c2-4c4b-a8ce-459f5a24f124,0,0,4.0,-176.1,400,0.0,4,0,0
mechanism,clean,D_dynamic_local,6f2a9b75-8907-4c4a-87c8-c2be01797dd5,0,0,4.0,123.2,400,0.0,4,0,0
mechanism,clean,D_dynamic_local,fedb5ce9-f135-411b-a7e5-931803df369f,0,0,4.0,150.0,400,0.0,4,0,0
mechanism,clean,D_dynamic_local,c9cc52de-f9a5-4bd5-a45a-86a68e61876f,0,0,4.0,-13.8,400,0.0,4,0,0
mechanism,clean,D_dynamic_local,dc89a4b7-340e-4d48-96d9-ec9a38e65a0b,0,0,4.0,94.67,400,0.0,4,0,0
mechanism,clean,D_dynamic_local,7384e0e0-2cbe-432f-9f0f-82ba1d88355b,0,0,4.0,34.2,400,0.0,4,0,0
mechanism,clean,D_dynamic_local,ee2ad496-6ff0-4ddb-9359-7f90f8155885,0,0,4.0,0.97,400,0.0,4,0,0
mechanism,clean,D_dynamic_local,e4027313-f6f6-4bb1-afb6-6520943df9a7,0,0,4.0,20.46,400,0.0,4,0,0
mechanism,clean,D_dynamic_local,79a28339-32a7-42de-80db-fa4b1f2b2cbd,0,0,4.0,37.27,400,0.0,4,0,0
mechanism,clean,D_dynamic_local,a0284ac1-abb3-4e82-bb8c-409ec89c5a54,0,0,4.0,267.0,400,0.0,4,0,0
mechanism,clean,D_dynamic_local,b221ecbc-af23-4ad1-8202-0cc9e53b8ad3,0,0,4.0,-4.74,400,0.0,4,0,0
mechanism,clean,D_dynamic_local,5c96ba61-4efe-4792-83c5-bcd41a037bc9,0,0,4.0,2.31,400,0.0,4,0,0
mechanism,clean,D_dynamic_local,d03efb78-1b78-4f2f-9e7c-d2889a29acc2,0,0,4.0,-66.7,400,0.0,4,0,0
mechanism,clean,D_dynamic_local,d61315b1-7c1f-4c6e-8bb4-8042c71671cb,0,0,4.0,5.68,400,0.0,4,0,0
mechanism,clean,D_dynamic_local,e777ea8c-c353-460e-a724-9c92a8eb6d75,0,0,4.0,247.0,400,0.0,4,0,0
mechanism,clean,D_dynamic_local,718c9b4f-3907-4a12-b0c0-8bfec4d106ab,0,0,4.0,58.0,400,0.0,4,0,0
mechanism,clean,D_dynamic_local,ff99e26a-38be-43d5-aff7-10ee224b3612,0,0,4.0,426.0,400,0.0,4,0,0
mechanism,clean,D_dynamic_local,b9856aea-375e-4bc3-8ecb-8083c22bcba2,0,0,4.0,-20.53,400,0.0,4,0,0
mechanism,clean,D_dynamic_local,6c76cd11-30f2-4a66-9f13-e99ba2b54946,0,0,4.0,-0.4,400,0.0,4,0,0
mechanism,clean,D_dynamic_local,0da57c95-2709-4b67-a1be-db6f325fb4e5,0,0,4.0,0.4,400,0.0,4,0,0
mechanism,clean,D_dynamic_local,629daa0a-eeb0-4c55-854c-b2b93f4b9ae9,0,0,4.0,-0.7,400,0.0,4,0,0
mechanism,clean,D_dynamic_local,bb2e18cd-6548-47dd-8d73-e6ae2eb71e8e,0,0,4.0,0.36,400,0.0,4,0,0
mechanism,clean,D_dynamic_local,45061182-d00d-4b3c-ae05-2c6fd5ba5cf2,0,0,4.0,-16.0,400,0.0,4,0,0
mechanism,clean,D_dynamic_local,2edb8fba-16aa-4c56-8044-03a3f1220737,0,0,4.0,2.0,400,0.0,4,0,0
mechanism,clean,D_dynamic_local,e8d54320-2dfb-4210-8393-6c56aff55ecc,0,0,4.0,0.47,400,0.0,4,0,0
mechanism,clean,D_dynamic_local,c4eb5f20-8d18-4d1a-be03-b014e541eab3,0,0,4.0,8.8,400,0.0,4,0,0
mechanism,clean,D_dynamic_local,0045158d-99c6-4ccb-99d8-8eea8cace339,0,0,4.0,-6.1,400,0.0,4,0,0
mechanism,clean,D_dynamic_local,0202dbb4-5221-42b7-96b7-5bcb476ffdec,0,0,4.0,-12.9,400,0.0,4,0,0
mechanism,clean,D_dynamic_local,ba2089ef-6999-4381-b677-a4f2f6af8e8e,0,0,4.0,5.0,400,0.0,4,0,0
mechanism,clean,D_dynamic_local,94bc4d77-55a8-4cb0-a095-f9d799b3c37b,0,0,4.0,10.0,400,0.0,4,0,0
mechanism,clean,D_dynamic_local,30f78337-c974-4434-a990-8c33c92a5306,0,0,4.0,3.57,400,0.0,4,0,0
mechanism,clean,D_dynamic_local,fcaa00dc-f9ec-4f57-a7e1-a7ccaca9202b,0,0,4.0,20.45,400,0.0,4,0,0
mechanism,clean,D_dynamic_local,854d95f4-d165-4132-8573-34843115ed45,0,0,4.0,0.4,400,0.0,4,0,0
mechanism,clean,D_dynamic_local,6792fc0a-f8cf-43d8-bc1a-9a11646e7e31,0,0,4.0,114.81,400,0.0,4,0,0
mechanism,clean,D_dynamic_local,bc009826-d4f1-4c53-9e3c-0e6349e8b527,0,0,4.0,-15.38,400,0.0,4,0,0
mechanism,clean,D_dynamic_local,2c980685-7c11-412a-afa6-c23725fcedf6,0,0,4.0,1.6,400,0.0,4,0,0
mechanism,clean,D_dynamic_local,99f1cb28-c0d5-4cda-b50a-a1d7c17b777a,0,0,4.0,66.9,400,0.0,4,0,0
mechanism,clean,D_dynamic_local,72a4833d-a74d-410c-9311-dad856c7fe26,0,0,4.0,11.39,400,0.0,4,0,0
mechanism,clean,D_dynamic_local,3828301a-73bd-4540-80d3-43061664f135,0,0,4.0,11.0,400,0.0,4,0,0
mechanism,clean,D_dynamic_local,46ed6025-c0ae-49d3-8539-a45a1d37ee80,0,0,4.0,81.68,400,0.0,4,0,0
mechanism,clean,D_dynamic_local,297ae9f3-5ef8-435e-a4e7-e0b97a049904,0,0,4.0,0.99,400,0.0,4,0,0
mechanism,clean,D_dynamic_local,a38407e1-d341-4825-933e-81c2a559035f,0,0,4.0,46.0,400,0.0,4,0,0
mechanism,clean,D_dynamic_local,14814a4d-55f8-4fe0-9e13-59ab7a4d485b,0,0,4.0,-0.7,400,0.0,4,0,0
mechanism,fault10,D_dynamic_local,0f2052a9-2761-4594-8be1-0ecf85fa47fc,0,0,4.0,0.6,400,0.0,4,0,0
mechanism,fault10,D_dynamic_local,6db94fb6-4116-44dc-8426-229509a07473,0,0,4.0,30.9,400,0.0,4,0,0
mechanism,fault10,D_dynamic_local,e73e316e-41a7-4f92-a40e-3ae277443d12,0,0,4.0,-8.2,400,0.0,4,0,0
mechanism,fault10,D_dynamic_local,02abaa03-2a3e-4db4-8f6b-fc31acfab880,0,0,4.0,44.9,400,0.0,4,0,0
mechanism,fault10,D_dynamic_local,a0720c04-0ddf-460b-81d7-60d9e6b6e3a1,0,0,4.0,183.0,400,0.0,4,0,0
mechanism,fault10,D_dynamic_local,2ba67b9a-9cf8-466f-81cc-b3cf0e3bec49,0,0,4.0,63.0,400,0.0,4,0,0
mechanism,fault10,D_dynamic_local,9f212b77-e8cb-414c-b2c4-526f48a1f71b,0,0,4.0,-45.0,400,0.0,4,0,0
mechanism,fault10,D_dynamic_local,d97be352-26c2-4c4b-a8ce-459f5a24f124,0,0,4.0,-176.1,400,0.0,4,0,0
mechanism,fault10,D_dynamic_local,6f2a9b75-8907-4c4a-87c8-c2be01797dd5,0,0,4.0,123.2,400,0.0,4,0,0
mechanism,fault10,D_dynamic_local,fedb5ce9-f135-411b-a7e5-931803df369f,0,0,4.0,150.0,400,0.0,4,0,0
mechanism,fault10,D_dynamic_local,c9cc52de-f9a5-4bd5-a45a-86a68e61876f,0,0,4.0,-13.8,400,0.0,4,0,0
mechanism,fault10,D_dynamic_local,dc89a4b7-340e-4d48-96d9-ec9a38e65a0b,0,0,4.0,94.67,400,0.0,4,0,0
mechanism,fault10,D_dynamic_local,7384e0e0-2cbe-432f-9f0f-82ba1d88355b,0,0,4.0,34.2,500,0.0,5,1,1
mechanism,fault10,D_dynamic_local,ee2ad496-6ff0-4ddb-9359-7f90f8155885,0,0,4.0,0.97,400,0.0,4,0,0
mechanism,fault10,D_dynamic_local,e4027313-f6f6-4bb1-afb6-6520943df9a7,0,0,4.0,20.46,400,0.0,4,0,0
mechanism,fault10,D_dynamic_local,79a28339-32a7-42de-80db-fa4b1f2b2cbd,0,0,4.0,37.27,400,0.0,4,0,0
mechanism,fault10,D_dynamic_local,a0284ac1-abb3-4e82-bb8c-409ec89c5a54,0,0,4.0,267.0,600,0.0,6,1,1
mechanism,fault10,D_dynamic_local,b221ecbc-af23-4ad1-8202-0cc9e53b8ad3,0,0,4.0,-4.74,400,0.0,4,0,0
mechanism,fault10,D_dynamic_local,5c96ba61-4efe-4792-83c5-bcd41a037bc9,0,0,4.0,2.31,400,0.0,4,0,0
mechanism,fault10,D_dynamic_local,d03efb78-1b78-4f2f-9e7c-d2889a29acc2,0,0,4.0,-66.7,400,0.0,4,0,0
mechanism,fault10,D_dynamic_local,d61315b1-7c1f-4c6e-8bb4-8042c71671cb,0,0,4.0,5.68,400,0.0,4,0,0
mechanism,fault10,D_dynamic_local,e777ea8c-c353-460e-a724-9c92a8eb6d75,0,0,4.0,247.0,400,0.0,4,0,0
mechanism,fault10,D_dynamic_local,718c9b4f-3907-4a12-b0c0-8bfec4d106ab,0,0,4.0,58.0,500,0.0,5,1,1
mechanism,fault10,D_dynamic_local,ff99e26a-38be-43d5-aff7-10ee224b3612,0,0,4.0,426.0,400,0.0,4,0,0
mechanism,fault10,D_dynamic_local,b9856aea-375e-4bc3-8ecb-8083c22bcba2,0,0,4.0,-20.53,400,0.0,4,0,0
mechanism,fault10,D_dynamic_local,6c76cd11-30f2-4a66-9f13-e99ba2b54946,0,0,4.0,-0.4,400,0.0,4,0,0
mechanism,fault10,D_dynamic_local,0da57c95-2709-4b67-a1be-db6f325fb4e5,0,0,4.0,0.4,400,0.0,4,0,0
mechanism,fault10,D_dynamic_local,629daa0a-eeb0-4c55-854c-b2b93f4b9ae9,0,0,4.0,-0.7,400,0.0,4,0,0
mechanism,fault10,D_dynamic_local,bb2e18cd-6548-47dd-8d73-e6ae2eb71e8e,0,0,4.0,0.36,400,0.0,4,0,0
mechanism,fault10,D_dynamic_local,45061182-d00d-4b3c-ae05-2c6fd5ba5cf2,0,0,4.0,-16.0,400,0.0,4,0,0
mechanism,fault10,D_dynamic_local,2edb8fba-16aa-4c56-8044-03a3f1220737,0,0,4.0,2.0,400,0.0,4,0,0
mechanism,fault10,D_dynamic_local,e8d54320-2dfb-4210-8393-6c56aff55ecc,0,0,4.0,0.47,400,0.0,4,0,0
mechanism,fault10,D_dynamic_local,c4eb5f20-8d18-4d1a-be03-b014e541eab3,0,0,4.0,8.8,400,0.0,4,0,0
mechanism,fault10,D_dynamic_local,0045158d-99c6-4ccb-99d8-8eea8cace339,0,0,4.0,-6.1,400,0.0,4,0,0
mechanism,fault10,D_dynamic_local,0202dbb4-5221-42b7-96b7-5bcb476ffdec,0,0,4.0,-12.9,500,0.0,5,1,1
mechanism,fault10,D_dynamic_local,ba2089ef-6999-4381-b677-a4f2f6af8e8e,0,0,4.0,5.0,400,0.0,4,0,0
mechanism,fault10,D_dynamic_local,94bc4d77-55a8-4cb0-a095-f9d799b3c37b,0,0,4.0,10.0,400,0.0,4,0,0
mechanism,fault10,D_dynamic_local,30f78337-c974-4434-a990-8c33c92a5306,0,0,4.0,3.57,400,0.0,4,0,0
mechanism,fault10,D_dynamic_local,fcaa00dc-f9ec-4f57-a7e1-a7ccaca9202b,0,0,4.0,20.45,400,0.0,4,0,0
mechanism,fault10,D_dynamic_local,854d95f4-d165-4132-8573-34843115ed45,0,0,4.0,0.4,400,0.0,4,0,0
mechanism,fault10,D_dynamic_local,6792fc0a-f8cf-43d8-bc1a-9a11646e7e31,0,0,4.0,114.81,400,0.0,4,0,0
mechanism,fault10,D_dynamic_local,bc009826-d4f1-4c53-9e3c-0e6349e8b527,0,0,4.0,-15.38,400,0.0,4,0,0
mechanism,fault10,D_dynamic_local,2c980685-7c11-412a-afa6-c23725fcedf6,0,0,4.0,1.6,400,0.0,4,0,0
mechanism,fault10,D_dynamic_local,99f1cb28-c0d5-4cda-b50a-a1d7c17b777a,0,0,4.0,66.9,400,0.0,4,0,0
mechanism,fault10,D_dynamic_local,72a4833d-a74d-410c-9311-dad856c7fe26,0,0,4.0,11.39,400,0.0,4,0,0
mechanism,fault10,D_dynamic_local,3828301a-73bd-4540-80d3-43061664f135,0,0,4.0,11.0,400,0.0,4,0,0
mechanism,fault10,D_dynamic_local,46ed6025-c0ae-49d3-8539-a45a1d37ee80,0,0,4.0,81.68,400,0.0,4,0,0
mechanism,fault10,D_dynamic_local,297ae9f3-5ef8-435e-a4e7-e0b97a049904,0,0,4.0,0.99,400,0.0,4,0,0
mechanism,fault10,D_dynamic_local,a38407e1-d341-4825-933e-81c2a559035f,0,0,4.0,46.0,400,0.0,4,0,0
mechanism,fault10,D_dynamic_local,14814a4d-55f8-4fe0-9e13-59ab7a4d485b,0,0,4.0,-0.7,600,0.0,6,1,1
mechanism,fault20,D_dynamic_local,0f2052a9-2761-4594-8be1-0ecf85fa47fc,0,0,4.0,0.6,400,0.0,4,0,0
mechanism,fault20,D_dynamic_local,6db94fb6-4116-44dc-8426-229509a07473,0,0,4.0,30.9,400,0.0,4,1,1
mechanism,fault20,D_dynamic_local,e73e316e-41a7-4f92-a40e-3ae277443d12,0,0,4.0,-8.2,400,0.0,4,0,0
mechanism,fault20,D_dynamic_local,02abaa03-2a3e-4db4-8f6b-fc31acfab880,0,0,4.0,44.9,600,0.0,6,1,1
mechanism,fault20,D_dynamic_local,a0720c04-0ddf-460b-81d7-60d9e6b6e3a1,0,0,4.0,183.0,500,0.0,5,1,1
mechanism,fault20,D_dynamic_local,2ba67b9a-9cf8-466f-81cc-b3cf0e3bec49,0,0,4.0,63.0,400,0.0,4,0,0
mechanism,fault20,D_dynamic_local,9f212b77-e8cb-414c-b2c4-526f48a1f71b,0,0,4.0,-45.0,400,0.0,4,0,0
mechanism,fault20,D_dynamic_local,d97be352-26c2-4c4b-a8ce-459f5a24f124,0,0,4.0,-176.1,400,0.0,4,0,0
mechanism,fault20,D_dynamic_local,6f2a9b75-8907-4c4a-87c8-c2be01797dd5,0,0,4.0,123.2,400,0.0,4,0,0
mechanism,fault20,D_dynamic_local,fedb5ce9-f135-411b-a7e5-931803df369f,0,0,4.0,150.0,400,0.0,4,0,0
mechanism,fault20,D_dynamic_local,c9cc52de-f9a5-4bd5-a45a-86a68e61876f,0,0,4.0,-13.8,400,0.0,4,0,0
mechanism,fault20,D_dynamic_local,dc89a4b7-340e-4d48-96d9-ec9a38e65a0b,0,0,4.0,94.67,500,0.0,5,1,1
mechanism,fault20,D_dynamic_local,7384e0e0-2cbe-432f-9f0f-82ba1d88355b,0,0,4.0,34.2,500,0.0,5,1,1
mechanism,fault20,D_dynamic_local,ee2ad496-6ff0-4ddb-9359-7f90f8155885,0,0,4.0,0.97,400,0.0,4,0,0
mechanism,fault20,D_dynamic_local,e4027313-f6f6-4bb1-afb6-6520943df9a7,0,0,4.0,20.46,400,0.0,4,0,0
mechanism,fault20,D_dynamic_local,79a28339-32a7-42de-80db-fa4b1f2b2cbd,0,0,4.0,37.27,400,0.0,4,0,0
mechanism,fault20,D_dynamic_local,a0284ac1-abb3-4e82-bb8c-409ec89c5a54,0,0,4.0,267.0,400,0.0,4,0,0
mechanism,fault20,D_dynamic_local,b221ecbc-af23-4ad1-8202-0cc9e53b8ad3,0,0,4.0,-4.74,400,0.0,4,0,0
mechanism,fault20,D_dynamic_local,5c96ba61-4efe-4792-83c5-bcd41a037bc9,0,0,4.0,2.31,400,0.0,4,0,0
mechanism,fault20,D_dynamic_local,d03efb78-1b78-4f2f-9e7c-d2889a29acc2,0,0,4.0,-66.7,500,0.0,5,1,1
mechanism,fault20,D_dynamic_local,d61315b1-7c1f-4c6e-8bb4-8042c71671cb,0,0,4.0,5.68,400,0.0,4,0,0
mechanism,fault20,D_dynamic_local,e777ea8c-c353-460e-a724-9c92a8eb6d75,0,0,4.0,247.0,400,0.0,4,0,0
mechanism,fault20,D_dynamic_local,718c9b4f-3907-4a12-b0c0-8bfec4d106ab,0,0,4.0,58.0,400,0.0,4,0,0
mechanism,fault20,D_dynamic_local,ff99e26a-38be-43d5-aff7-10ee224b3612,0,0,4.0,426.0,400,0.0,4,0,0
mechanism,fault20,D_dynamic_local,b9856aea-375e-4bc3-8ecb-8083c22bcba2,0,0,4.0,-20.53,400,0.0,4,0,0
mechanism,fault20,D_dynamic_local,6c76cd11-30f2-4a66-9f13-e99ba2b54946,0,0,4.0,-0.4,400,0.0,4,0,0
mechanism,fault20,D_dynamic_local,0da57c95-2709-4b67-a1be-db6f325fb4e5,0,0,4.0,0.4,400,0.0,4,0,0
mechanism,fault20,D_dynamic_local,629daa0a-eeb0-4c55-854c-b2b93f4b9ae9,0,0,4.0,-0.7,400,0.0,4,0,0
mechanism,fault20,D_dynamic_local,bb2e18cd-6548-47dd-8d73-e6ae2eb71e8e,0,0,4.0,0.36,400,0.0,4,0,0
mechanism,fault20,D_dynamic_local,45061182-d00d-4b3c-ae05-2c6fd5ba5cf2,0,0,4.0,-16.0,400,0.0,4,0,0
mechanism,fault20,D_dynamic_local,2edb8fba-16aa-4c56-8044-03a3f1220737,0,0,4.0,2.0,400,0.0,4,0,0
mechanism,fault20,D_dynamic_local,e8d54320-2dfb-4210-8393-6c56aff55ecc,0,0,4.0,0.47,400,0.0,4,0,0
mechanism,fault20,D_dynamic_local,c4eb5f20-8d18-4d1a-be03-b014e541eab3,0,0,4.0,8.8,400,0.0,4,0,0
mechanism,fault20,D_dynamic_local,0045158d-99c6-4ccb-99d8-8eea8cace339,0,0,4.0,-6.1,600,0.0,6,1,1
mechanism,fault20,D_dynamic_local,0202dbb4-5221-42b7-96b7-5bcb476ffdec,0,0,4.0,-12.9,400,0.0,4,0,0
mechanism,fault20,D_dynamic_local,ba2089ef-6999-4381-b677-a4f2f6af8e8e,0,0,4.0,5.0,400,0.0,4,0,0
mechanism,fault20,D_dynamic_local,94bc4d77-55a8-4cb0-a095-f9d799b3c37b,0,0,4.0,10.0,400,0.0,4,0,0
mechanism,fault20,D_dynamic_local,30f78337-c974-4434-a990-8c33c92a5306,0,0,4.0,3.57,600,0.0,6,1,1
mechanism,fault20,D_dynamic_local,fcaa00dc-f9ec-4f57-a7e1-a7ccaca9202b,0,0,4.0,20.45,400,0.0,4,0,0
mechanism,fault20,D_dynamic_local,854d95f4-d165-4132-8573-34843115ed45,0,0,4.0,0.4,400,0.0,4,0,0
mechanism,fault20,D_dynamic_local,6792fc0a-f8cf-43d8-bc1a-9a11646e7e31,0,0,4.0,114.81,400,0.0,4,0,0
mechanism,fault20,D_dynamic_local,bc009826-d4f1-4c53-9e3c-0e6349e8b527,0,0,4.0,-15.38,500,0.0,5,1,1
mechanism,fault20,D_dynamic_local,2c980685-7c11-412a-afa6-c23725fcedf6,0,0,4.0,1.6,400,0.0,4,0,0
mechanism,fault20,D_dynamic_local,99f1cb28-c0d5-4cda-b50a-a1d7c17b777a,0,0,4.0,66.9,400,0.0,4,0,0
mechanism,fault20,D_dynamic_local,72a4833d-a74d-410c-9311-dad856c7fe26,0,0,4.0,11.39,400,0.0,4,0,0
mechanism,fault20,D_dynamic_local,3828301a-73bd-4540-80d3-43061664f135,0,0,4.0,11.0,400,0.0,4,0,0
mechanism,fault20,D_dynamic_local,46ed6025-c0ae-49d3-8539-a45a1d37ee80,0,0,4.0,81.68,600,0.0,6,1,1
mechanism,fault20,D_dynamic_local,297ae9f3-5ef8-435e-a4e7-e0b97a049904,0,0,4.0,0.99,400,0.0,4,0,0
mechanism,fault20,D_dynamic_local,a38407e1-d341-4825-933e-81c2a559035f,0,0,4.0,46.0,400,0.0,4,0,0
mechanism,fault20,D_dynamic_local,14814a4d-55f8-4fe0-9e13-59ab7a4d485b,0,0,4.0,-0.7,400,0.0,4,0,0
mechanism,fault30,D_dynamic_local,0f2052a9-2761-4594-8be1-0ecf85fa47fc,0,0,4.0,0.6,400,0.0,4,0,0
mechanism,fault30,D_dynamic_local,6db94fb6-4116-44dc-8426-229509a07473,0,0,4.0,30.9,400,0.0,4,0,0
mechanism,fault30,D_dynamic_local,e73e316e-41a7-4f92-a40e-3ae277443d12,0,0,4.0,-8.2,400,0.0,4,0,0
mechanism,fault30,D_dynamic_local,02abaa03-2a3e-4db4-8f6b-fc31acfab880,0,0,4.0,44.9,500,0.0,5,1,1
mechanism,fault30,D_dynamic_local,a0720c04-0ddf-460b-81d7-60d9e6b6e3a1,0,0,4.0,183.0,600,0.0,6,1,1
mechanism,fault30,D_dynamic_local,2ba67b9a-9cf8-466f-81cc-b3cf0e3bec49,0,0,4.0,63.0,400,0.0,4,0,0
mechanism,fault30,D_dynamic_local,9f212b77-e8cb-414c-b2c4-526f48a1f71b,0,0,4.0,-45.0,400,0.0,4,0,0
mechanism,fault30,D_dynamic_local,d97be352-26c2-4c4b-a8ce-459f5a24f124,0,0,4.0,-176.1,400,0.0,4,0,0
mechanism,fault30,D_dynamic_local,6f2a9b75-8907-4c4a-87c8-c2be01797dd5,0,0,4.0,123.2,500,0.0,5,1,1
mechanism,fault30,D_dynamic_local,fedb5ce9-f135-411b-a7e5-931803df369f,0,0,4.0,150.0,500,0.0,5,1,1
mechanism,fault30,D_dynamic_local,c9cc52de-f9a5-4bd5-a45a-86a68e61876f,0,0,4.0,-13.8,400,0.0,4,0,0
mechanism,fault30,D_dynamic_local,dc89a4b7-340e-4d48-96d9-ec9a38e65a0b,0,0,4.0,94.67,400,0.0,4,0,0
mechanism,fault30,D_dynamic_local,7384e0e0-2cbe-432f-9f0f-82ba1d88355b,0,0,4.0,34.2,600,0.0,6,1,1
mechanism,fault30,D_dynamic_local,ee2ad496-6ff0-4ddb-9359-7f90f8155885,0,0,4.0,0.97,400,0.0,4,0,0
mechanism,fault30,D_dynamic_local,e4027313-f6f6-4bb1-afb6-6520943df9a7,0,0,4.0,20.46,500,0.0,5,1,1
mechanism,fault30,D_dynamic_local,79a28339-32a7-42de-80db-fa4b1f2b2cbd,0,0,4.0,37.27,400,0.0,4,0,0
mechanism,fault30,D_dynamic_local,a0284ac1-abb3-4e82-bb8c-409ec89c5a54,0,0,4.0,267.0,400,0.0,4,0,0
mechanism,fault30,D_dynamic_local,b221ecbc-af23-4ad1-8202-0cc9e53b8ad3,0,0,4.0,-4.74,400,0.0,4,0,0
mechanism,fault30,D_dynamic_local,5c96ba61-4efe-4792-83c5-bcd41a037bc9,0,0,4.0,2.31,400,0.0,4,0,0
mechanism,fault30,D_dynamic_local,d03efb78-1b78-4f2f-9e7c-d2889a29acc2,0,0,4.0,-66.7,400,0.0,4,0,0
mechanism,fault30,D_dynamic_local,d61315b1-7c1f-4c6e-8bb4-8042c71671cb,0,0,4.0,5.68,400,0.0,4,0,0
mechanism,fault30,D_dynamic_local,e777ea8c-c353-460e-a724-9c92a8eb6d75,0,0,4.0,247.0,600,0.0,6,1,1
mechanism,fault30,D_dynamic_local,718c9b4f-3907-4a12-b0c0-8bfec4d106ab,0,0,4.0,58.0,400,0.0,4,0,0
mechanism,fault30,D_dynamic_local,ff99e26a-38be-43d5-aff7-10ee224b3612,0,0,4.0,426.0,500,0.0,5,1,1
mechanism,fault30,D_dynamic_local,b9856aea-375e-4bc3-8ecb-8083c22bcba2,0,0,4.0,-20.53,500,0.0,5,1,1
mechanism,fault30,D_dynamic_local,6c76cd11-30f2-4a66-9f13-e99ba2b54946,0,0,4.0,-0.4,400,0.0,4,0,0
mechanism,fault30,D_dynamic_local,0da57c95-2709-4b67-a1be-db6f325fb4e5,0,0,4.0,0.4,600,0.0,6,1,1
mechanism,fault30,D_dynamic_local,629daa0a-eeb0-4c55-854c-b2b93f4b9ae9,0,0,4.0,-0.7,500,0.0,5,1,1
mechanism,fault30,D_dynamic_local,bb2e18cd-6548-47dd-8d73-e6ae2eb71e8e,0,0,4.0,0.36,500,0.0,5,1,1
mechanism,fault30,D_dynamic_local,45061182-d00d-4b3c-ae05-2c6fd5ba5cf2,0,0,4.0,-16.0,400,0.0,4,0,0
mechanism,fault30,D_dynamic_local,2edb8fba-16aa-4c56-8044-03a3f1220737,0,0,4.0,2.0,400,0.0,4,0,0
mechanism,fault30,D_dynamic_local,e8d54320-2dfb-4210-8393-6c56aff55ecc,0,0,4.0,0.47,400,0.0,4,0,0
mechanism,fault30,D_dynamic_local,c4eb5f20-8d18-4d1a-be03-b014e541eab3,0,0,4.0,8.8,400,0.0,4,0,0
mechanism,fault30,D_dynamic_local,0045158d-99c6-4ccb-99d8-8eea8cace339,0,0,4.0,-6.1,400,0.0,4,0,0
mechanism,fault30,D_dynamic_local,0202dbb4-5221-42b7-96b7-5bcb476ffdec,0,0,4.0,-12.9,400,0.0,4,0,0
mechanism,fault30,D_dynamic_local,ba2089ef-6999-4381-b677-a4f2f6af8e8e,0,0,4.0,5.0,400,0.0,4,0,0
mechanism,fault30,D_dynamic_local,94bc4d77-55a8-4cb0-a095-f9d799b3c37b,0,0,4.0,10.0,600,0.0,6,1,1
mechanism,fault30,D_dynamic_local,30f78337-c974-4434-a990-8c33c92a5306,0,0,4.0,3.57,400,0.0,4,0,0
mechanism,fault30,D_dynamic_local,fcaa00dc-f9ec-4f57-a7e1-a7ccaca9202b,0,0,4.0,20.45,400,0.0,4,0,0
mechanism,fault30,D_dynamic_local,854d95f4-d165-4132-8573-34843115ed45,0,0,4.0,0.4,400,0.0,4,0,0
mechanism,fault30,D_dynamic_local,6792fc0a-f8cf-43d8-bc1a-9a11646e7e31,0,0,4.0,114.81,400,0.0,4,0,0
mechanism,fault30,D_dynamic_local,bc009826-d4f1-4c53-9e3c-0e6349e8b527,0,0,4.0,-15.38,400,0.0,4,0,0
mechanism,fault30,D_dynamic_local,2c980685-7c11-412a-afa6-c23725fcedf6,0,0,4.0,1.6,400,0.0,4,0,0
mechanism,fault30,D_dynamic_local,99f1cb28-c0d5-4cda-b50a-a1d7c17b777a,0,0,4.0,66.9,600,0.0,6,1,1
mechanism,fault30,D_dynamic_local,72a4833d-a74d-410c-9311-dad856c7fe26,0,0,4.0,11.39,400,0.0,4,0,0
mechanism,fault30,D_dynamic_local,3828301a-73bd-4540-80d3-43061664f135,0,0,4.0,11.0,500,0.0,5,1,1
mechanism,fault30,D_dynamic_local,46ed6025-c0ae-49d3-8539-a45a1d37ee80,0,0,4.0,81.68,400,0.0,4,0,0
mechanism,fault30,D_dynamic_local,297ae9f3-5ef8-435e-a4e7-e0b97a049904,0,0,4.0,0.99,400,0.0,4,0,0
mechanism,fault30,D_dynamic_local,a38407e1-d341-4825-933e-81c2a559035f,0,0,4.0,46.0,400,0.0,4,0,0
mechanism,fault30,D_dynamic_local,14814a4d-55f8-4fe0-9e13-59ab7a4d485b,0,0,4.0,-0.7,400,0.0,4,0,0
mechanism,clean,E_dynamic_full,0f2052a9-2761-4594-8be1-0ecf85fa47fc,0,0,4.0,0.6,400,0.0,4,0,0
mechanism,clean,E_dynamic_full,6db94fb6-4116-44dc-8426-229509a07473,0,0,4.0,30.9,400,0.0,4,0,0
mechanism,clean,E_dynamic_full,e73e316e-41a7-4f92-a40e-3ae277443d12,0,0,4.0,-8.2,400,0.0,4,0,0
mechanism,clean,E_dynamic_full,02abaa03-2a3e-4db4-8f6b-fc31acfab880,0,0,4.0,44.9,400,0.0,4,0,0
mechanism,clean,E_dynamic_full,a0720c04-0ddf-460b-81d7-60d9e6b6e3a1,0,0,4.0,183.0,400,0.0,4,0,0
mechanism,clean,E_dynamic_full,2ba67b9a-9cf8-466f-81cc-b3cf0e3bec49,0,0,4.0,63.0,400,0.0,4,0,0
mechanism,clean,E_dynamic_full,9f212b77-e8cb-414c-b2c4-526f48a1f71b,0,0,4.0,-45.0,400,0.0,4,0,0
mechanism,clean,E_dynamic_full,d97be352-26c2-4c4b-a8ce-459f5a24f124,0,0,4.0,-176.1,400,0.0,4,0,0
mechanism,clean,E_dynamic_full,6f2a9b75-8907-4c4a-87c8-c2be01797dd5,0,0,4.0,123.2,400,0.0,4,0,0
mechanism,clean,E_dynamic_full,fedb5ce9-f135-411b-a7e5-931803df369f,0,0,4.0,150.0,400,0.0,4,0,0
mechanism,clean,E_dynamic_full,c9cc52de-f9a5-4bd5-a45a-86a68e61876f,0,0,4.0,-13.8,400,0.0,4,0,0
mechanism,clean,E_dynamic_full,dc89a4b7-340e-4d48-96d9-ec9a38e65a0b,0,0,4.0,94.67,400,0.0,4,0,0
mechanism,clean,E_dynamic_full,7384e0e0-2cbe-432f-9f0f-82ba1d88355b,0,0,4.0,34.2,400,0.0,4,0,0
mechanism,clean,E_dynamic_full,ee2ad496-6ff0-4ddb-9359-7f90f8155885,0,0,4.0,0.97,400,0.0,4,0,0
mechanism,clean,E_dynamic_full,e4027313-f6f6-4bb1-afb6-6520943df9a7,0,0,4.0,20.46,400,0.0,4,0,0
mechanism,clean,E_dynamic_full,79a28339-32a7-42de-80db-fa4b1f2b2cbd,0,0,4.0,37.27,400,0.0,4,0,0
mechanism,clean,E_dynamic_full,a0284ac1-abb3-4e82-bb8c-409ec89c5a54,0,0,4.0,267.0,400,0.0,4,0,0
mechanism,clean,E_dynamic_full,b221ecbc-af23-4ad1-8202-0cc9e53b8ad3,0,0,4.0,-4.74,400,0.0,4,0,0
mechanism,clean,E_dynamic_full,5c96ba61-4efe-4792-83c5-bcd41a037bc9,0,0,4.0,2.31,400,0.0,4,0,0
mechanism,clean,E_dynamic_full,d03efb78-1b78-4f2f-9e7c-d2889a29acc2,0,0,4.0,-66.7,400,0.0,4,0,0
mechanism,clean,E_dynamic_full,d61315b1-7c1f-4c6e-8bb4-8042c71671cb,0,0,4.0,5.68,400,0.0,4,0,0
mechanism,clean,E_dynamic_full,e777ea8c-c353-460e-a724-9c92a8eb6d75,0,0,4.0,247.0,400,0.0,4,0,0
mechanism,clean,E_dynamic_full,718c9b4f-3907-4a12-b0c0-8bfec4d106ab,0,0,4.0,58.0,400,0.0,4,0,0
mechanism,clean,E_dynamic_full,ff99e26a-38be-43d5-aff7-10ee224b3612,0,0,4.0,426.0,400,0.0,4,0,0
mechanism,clean,E_dynamic_full,b9856aea-375e-4bc3-8ecb-8083c22bcba2,0,0,4.0,-20.53,400,0.0,4,0,0
mechanism,clean,E_dynamic_full,6c76cd11-30f2-4a66-9f13-e99ba2b54946,0,0,4.0,-0.4,400,0.0,4,0,0
mechanism,clean,E_dynamic_full,0da57c95-2709-4b67-a1be-db6f325fb4e5,0,0,4.0,0.4,400,0.0,4,0,0
mechanism,clean,E_dynamic_full,629daa0a-eeb0-4c55-854c-b2b93f4b9ae9,0,0,4.0,-0.7,400,0.0,4,0,0
mechanism,clean,E_dynamic_full,bb2e18cd-6548-47dd-8d73-e6ae2eb71e8e,0,0,4.0,0.36,400,0.0,4,0,0
mechanism,clean,E_dynamic_full,45061182-d00d-4b3c-ae05-2c6fd5ba5cf2,0,0,4.0,-16.0,400,0.0,4,0,0
mechanism,clean,E_dynamic_full,2edb8fba-16aa-4c56-8044-03a3f1220737,0,0,4.0,2.0,400,0.0,4,0,0
mechanism,clean,E_dynamic_full,e8d54320-2dfb-4210-8393-6c56aff55ecc,0,0,4.0,0.47,400,0.0,4,0,0
mechanism,clean,E_dynamic_full,c4eb5f20-8d18-4d1a-be03-b014e541eab3,0,0,4.0,8.8,400,0.0,4,0,0
mechanism,clean,E_dynamic_full,0045158d-99c6-4ccb-99d8-8eea8cace339,0,0,4.0,-6.1,400,0.0,4,0,0
mechanism,clean,E_dynamic_full,0202dbb4-5221-42b7-96b7-5bcb476ffdec,0,0,4.0,-12.9,400,0.0,4,0,0
mechanism,clean,E_dynamic_full,ba2089ef-6999-4381-b677-a4f2f6af8e8e,0,0,4.0,5.0,400,0.0,4,0,0
mechanism,clean,E_dynamic_full,94bc4d77-55a8-4cb0-a095-f9d799b3c37b,0,0,4.0,10.0,400,0.0,4,0,0
mechanism,clean,E_dynamic_full,30f78337-c974-4434-a990-8c33c92a5306,0,0,4.0,3.57,400,0.0,4,0,0
mechanism,clean,E_dynamic_full,fcaa00dc-f9ec-4f57-a7e1-a7ccaca9202b,0,0,4.0,20.45,400,0.0,4,0,0
mechanism,clean,E_dynamic_full,854d95f4-d165-4132-8573-34843115ed45,0,0,4.0,0.4,400,0.0,4,0,0
mechanism,clean,E_dynamic_full,6792fc0a-f8cf-43d8-bc1a-9a11646e7e31,0,0,4.0,114.81,400,0.0,4,0,0
mechanism,clean,E_dynamic_full,bc009826-d4f1-4c53-9e3c-0e6349e8b527,0,0,4.0,-15.38,400,0.0,4,0,0
mechanism,clean,E_dynamic_full,2c980685-7c11-412a-afa6-c23725fcedf6,0,0,4.0,1.6,400,0.0,4,0,0
mechanism,clean,E_dynamic_full,99f1cb28-c0d5-4cda-b50a-a1d7c17b777a,0,0,4.0,66.9,400,0.0,4,0,0
mechanism,clean,E_dynamic_full,72a4833d-a74d-410c-9311-dad856c7fe26,0,0,4.0,11.39,400,0.0,4,0,0
mechanism,clean,E_dynamic_full,3828301a-73bd-4540-80d3-43061664f135,0,0,4.0,11.0,400,0.0,4,0,0
mechanism,clean,E_dynamic_full,46ed6025-c0ae-49d3-8539-a45a1d37ee80,0,0,4.0,81.68,400,0.0,4,0,0
mechanism,clean,E_dynamic_full,297ae9f3-5ef8-435e-a4e7-e0b97a049904,0,0,4.0,0.99,400,0.0,4,0,0
mechanism,clean,E_dynamic_full,a38407e1-d341-4825-933e-81c2a559035f,0,0,4.0,46.0,400,0.0,4,0,0
mechanism,clean,E_dynamic_full,14814a4d-55f8-4fe0-9e13-59ab7a4d485b,0,0,4.0,-0.7,400,0.0,4,0,0
mechanism,fault10,E_dynamic_full,0f2052a9-2761-4594-8be1-0ecf85fa47fc,0,0,4.0,0.6,400,0.0,4,0,0
mechanism,fault10,E_dynamic_full,6db94fb6-4116-44dc-8426-229509a07473,0,0,4.0,30.9,400,0.0,4,0,0
mechanism,fault10,E_dynamic_full,e73e316e-41a7-4f92-a40e-3ae277443d12,0,0,4.0,-8.2,400,0.0,4,0,0
mechanism,fault10,E_dynamic_full,02abaa03-2a3e-4db4-8f6b-fc31acfab880,0,0,4.0,44.9,400,0.0,4,0,0
mechanism,fault10,E_dynamic_full,a0720c04-0ddf-460b-81d7-60d9e6b6e3a1,0,0,4.0,183.0,400,0.0,4,0,0
mechanism,fault10,E_dynamic_full,2ba67b9a-9cf8-466f-81cc-b3cf0e3bec49,0,0,4.0,63.0,400,0.0,4,0,0
mechanism,fault10,E_dynamic_full,9f212b77-e8cb-414c-b2c4-526f48a1f71b,0,0,4.0,-45.0,400,0.0,4,0,0
mechanism,fault10,E_dynamic_full,d97be352-26c2-4c4b-a8ce-459f5a24f124,0,0,4.0,-176.1,400,0.0,4,0,0
mechanism,fault10,E_dynamic_full,6f2a9b75-8907-4c4a-87c8-c2be01797dd5,0,0,4.0,123.2,400,0.0,4,0,0
mechanism,fault10,E_dynamic_full,fedb5ce9-f135-411b-a7e5-931803df369f,0,0,4.0,150.0,400,0.0,4,0,0
mechanism,fault10,E_dynamic_full,c9cc52de-f9a5-4bd5-a45a-86a68e61876f,0,0,4.0,-13.8,400,0.0,4,0,0
mechanism,fault10,E_dynamic_full,dc89a4b7-340e-4d48-96d9-ec9a38e65a0b,0,0,4.0,94.67,400,0.0,4,0,0
mechanism,fault10,E_dynamic_full,7384e0e0-2cbe-432f-9f0f-82ba1d88355b,0,0,4.0,34.2,800,0.0,8,1,1
mechanism,fault10,E_dynamic_full,ee2ad496-6ff0-4ddb-9359-7f90f8155885,0,0,4.0,0.97,400,0.0,4,0,0
mechanism,fault10,E_dynamic_full,e4027313-f6f6-4bb1-afb6-6520943df9a7,0,0,4.0,20.46,400,0.0,4,0,0
mechanism,fault10,E_dynamic_full,79a28339-32a7-42de-80db-fa4b1f2b2cbd,0,0,4.0,37.27,400,0.0,4,0,0
mechanism,fault10,E_dynamic_full,a0284ac1-abb3-4e82-bb8c-409ec89c5a54,0,0,4.0,267.0,800,0.0,8,1,1
mechanism,fault10,E_dynamic_full,b221ecbc-af23-4ad1-8202-0cc9e53b8ad3,0,0,4.0,-4.74,400,0.0,4,0,0
mechanism,fault10,E_dynamic_full,5c96ba61-4efe-4792-83c5-bcd41a037bc9,0,0,4.0,2.31,400,0.0,4,0,0
mechanism,fault10,E_dynamic_full,d03efb78-1b78-4f2f-9e7c-d2889a29acc2,0,0,4.0,-66.7,400,0.0,4,0,0
mechanism,fault10,E_dynamic_full,d61315b1-7c1f-4c6e-8bb4-8042c71671cb,0,0,4.0,5.68,400,0.0,4,0,0
mechanism,fault10,E_dynamic_full,e777ea8c-c353-460e-a724-9c92a8eb6d75,0,0,4.0,247.0,400,0.0,4,0,0
mechanism,fault10,E_dynamic_full,718c9b4f-3907-4a12-b0c0-8bfec4d106ab,0,0,4.0,58.0,800,0.0001,8,1,1
mechanism,fault10,E_dynamic_full,ff99e26a-38be-43d5-aff7-10ee224b3612,0,0,4.0,426.0,400,0.0,4,0,0
mechanism,fault10,E_dynamic_full,b9856aea-375e-4bc3-8ecb-8083c22bcba2,0,0,4.0,-20.53,400,0.0,4,0,0
mechanism,fault10,E_dynamic_full,6c76cd11-30f2-4a66-9f13-e99ba2b54946,0,0,4.0,-0.4,400,0.0,4,0,0
mechanism,fault10,E_dynamic_full,0da57c95-2709-4b67-a1be-db6f325fb4e5,0,0,4.0,0.4,400,0.0,4,0,0
mechanism,fault10,E_dynamic_full,629daa0a-eeb0-4c55-854c-b2b93f4b9ae9,0,0,4.0,-0.7,400,0.0,4,0,0
mechanism,fault10,E_dynamic_full,bb2e18cd-6548-47dd-8d73-e6ae2eb71e8e,0,0,4.0,0.36,400,0.0,4,0,0
mechanism,fault10,E_dynamic_full,45061182-d00d-4b3c-ae05-2c6fd5ba5cf2,0,0,4.0,-16.0,400,0.0,4,0,0
mechanism,fault10,E_dynamic_full,2edb8fba-16aa-4c56-8044-03a3f1220737,0,0,4.0,2.0,400,0.0,4,0,0
mechanism,fault10,E_dynamic_full,e8d54320-2dfb-4210-8393-6c56aff55ecc,0,0,4.0,0.47,400,0.0,4,0,0
mechanism,fault10,E_dynamic_full,c4eb5f20-8d18-4d1a-be03-b014e541eab3,0,0,4.0,8.8,400,0.0,4,0,0
mechanism,fault10,E_dynamic_full,0045158d-99c6-4ccb-99d8-8eea8cace339,0,0,4.0,-6.1,400,0.0,4,0,0
mechanism,fault10,E_dynamic_full,0202dbb4-5221-42b7-96b7-5bcb476ffdec,0,0,4.0,-12.9,800,0.0001,8,1,1
mechanism,fault10,E_dynamic_full,ba2089ef-6999-4381-b677-a4f2f6af8e8e,0,0,4.0,5.0,400,0.0,4,0,0
mechanism,fault10,E_dynamic_full,94bc4d77-55a8-4cb0-a095-f9d799b3c37b,0,0,4.0,10.0,400,0.0,4,0,0
mechanism,fault10,E_dynamic_full,30f78337-c974-4434-a990-8c33c92a5306,0,0,4.0,3.57,400,0.0,4,0,0
mechanism,fault10,E_dynamic_full,fcaa00dc-f9ec-4f57-a7e1-a7ccaca9202b,0,0,4.0,20.45,400,0.0,4,0,0
mechanism,fault10,E_dynamic_full,854d95f4-d165-4132-8573-34843115ed45,0,0,4.0,0.4,400,0.0,4,0,0
mechanism,fault10,E_dynamic_full,6792fc0a-f8cf-43d8-bc1a-9a11646e7e31,0,0,4.0,114.81,400,0.0,4,0,0
mechanism,fault10,E_dynamic_full,bc009826-d4f1-4c53-9e3c-0e6349e8b527,0,0,4.0,-15.38,400,0.0,4,0,0
mechanism,fault10,E_dynamic_full,2c980685-7c11-412a-afa6-c23725fcedf6,0,0,4.0,1.6,400,0.0,4,0,0
mechanism,fault10,E_dynamic_full,99f1cb28-c0d5-4cda-b50a-a1d7c17b777a,0,0,4.0,66.9,400,0.0,4,0,0
mechanism,fault10,E_dynamic_full,72a4833d-a74d-410c-9311-dad856c7fe26,0,0,4.0,11.39,400,0.0,4,0,0
mechanism,fault10,E_dynamic_full,3828301a-73bd-4540-80d3-43061664f135,0,0,4.0,11.0,400,0.0,4,0,0
mechanism,fault10,E_dynamic_full,46ed6025-c0ae-49d3-8539-a45a1d37ee80,0,0,4.0,81.68,400,0.0,4,0,0
mechanism,fault10,E_dynamic_full,297ae9f3-5ef8-435e-a4e7-e0b97a049904,0,0,4.0,0.99,400,0.0,4,0,0
mechanism,fault10,E_dynamic_full,a38407e1-d341-4825-933e-81c2a559035f,0,0,4.0,46.0,400,0.0,4,0,0
mechanism,fault10,E_dynamic_full,14814a4d-55f8-4fe0-9e13-59ab7a4d485b,0,0,4.0,-0.7,800,0.0,8,1,1
mechanism,fault20,E_dynamic_full,0f2052a9-2761-4594-8be1-0ecf85fa47fc,0,0,4.0,0.6,400,0.0,4,0,0
mechanism,fault20,E_dynamic_full,6db94fb6-4116-44dc-8426-229509a07473,0,0,4.0,30.9,400,0.0,4,1,1
mechanism,fault20,E_dynamic_full,e73e316e-41a7-4f92-a40e-3ae277443d12,0,0,4.0,-8.2,400,0.0,4,0,0
mechanism,fault20,E_dynamic_full,02abaa03-2a3e-4db4-8f6b-fc31acfab880,0,0,4.0,44.9,800,0.0,8,1,1
mechanism,fault20,E_dynamic_full,a0720c04-0ddf-460b-81d7-60d9e6b6e3a1,0,0,4.0,183.0,800,0.0,8,1,1
mechanism,fault20,E_dynamic_full,2ba67b9a-9cf8-466f-81cc-b3cf0e3bec49,0,0,4.0,63.0,400,0.0,4,0,0
mechanism,fault20,E_dynamic_full,9f212b77-e8cb-414c-b2c4-526f48a1f71b,0,0,4.0,-45.0,400,0.0,4,0,0
mechanism,fault20,E_dynamic_full,d97be352-26c2-4c4b-a8ce-459f5a24f124,0,0,4.0,-176.1,400,0.0,4,0,0
mechanism,fault20,E_dynamic_full,6f2a9b75-8907-4c4a-87c8-c2be01797dd5,0,0,4.0,123.2,400,0.0,4,0,0
mechanism,fault20,E_dynamic_full,fedb5ce9-f135-411b-a7e5-931803df369f,0,0,4.0,150.0,400,0.0,4,0,0
mechanism,fault20,E_dynamic_full,c9cc52de-f9a5-4bd5-a45a-86a68e61876f,0,0,4.0,-13.8,400,0.0,4,0,0
mechanism,fault20,E_dynamic_full,dc89a4b7-340e-4d48-96d9-ec9a38e65a0b,0,0,4.0,94.67,800,0.0,8,1,1
mechanism,fault20,E_dynamic_full,7384e0e0-2cbe-432f-9f0f-82ba1d88355b,0,0,4.0,34.2,800,0.0,8,1,1
mechanism,fault20,E_dynamic_full,ee2ad496-6ff0-4ddb-9359-7f90f8155885,0,0,4.0,0.97,400,0.0,4,0,0
mechanism,fault20,E_dynamic_full,e4027313-f6f6-4bb1-afb6-6520943df9a7,0,0,4.0,20.46,400,0.0,4,0,0
mechanism,fault20,E_dynamic_full,79a28339-32a7-42de-80db-fa4b1f2b2cbd,0,0,4.0,37.27,400,0.0,4,0,0
mechanism,fault20,E_dynamic_full,a0284ac1-abb3-4e82-bb8c-409ec89c5a54,0,0,4.0,267.0,400,0.0,4,0,0
mechanism,fault20,E_dynamic_full,b221ecbc-af23-4ad1-8202-0cc9e53b8ad3,0,0,4.0,-4.74,400,0.0,4,0,0
mechanism,fault20,E_dynamic_full,5c96ba61-4efe-4792-83c5-bcd41a037bc9,0,0,4.0,2.31,400,0.0,4,0,0
mechanism,fault20,E_dynamic_full,d03efb78-1b78-4f2f-9e7c-d2889a29acc2,0,0,4.0,-66.7,800,0.0,8,1,1
mechanism,fault20,E_dynamic_full,d61315b1-7c1f-4c6e-8bb4-8042c71671cb,0,0,4.0,5.68,400,0.0,4,0,0
mechanism,fault20,E_dynamic_full,e777ea8c-c353-460e-a724-9c92a8eb6d75,0,0,4.0,247.0,400,0.0,4,0,0
mechanism,fault20,E_dynamic_full,718c9b4f-3907-4a12-b0c0-8bfec4d106ab,0,0,4.0,58.0,400,0.0,4,0,0
mechanism,fault20,E_dynamic_full,ff99e26a-38be-43d5-aff7-10ee224b3612,0,0,4.0,426.0,400,0.0,4,0,0
mechanism,fault20,E_dynamic_full,b9856aea-375e-4bc3-8ecb-8083c22bcba2,0,0,4.0,-20.53,400,0.0,4,0,0
mechanism,fault20,E_dynamic_full,6c76cd11-30f2-4a66-9f13-e99ba2b54946,0,0,4.0,-0.4,400,0.0,4,0,0
mechanism,fault20,E_dynamic_full,0da57c95-2709-4b67-a1be-db6f325fb4e5,0,0,4.0,0.4,400,0.0,4,0,0
mechanism,fault20,E_dynamic_full,629daa0a-eeb0-4c55-854c-b2b93f4b9ae9,0,0,4.0,-0.7,400,0.0,4,0,0
mechanism,fault20,E_dynamic_full,bb2e18cd-6548-47dd-8d73-e6ae2eb71e8e,0,0,4.0,0.36,400,0.0,4,0,0
mechanism,fault20,E_dynamic_full,45061182-d00d-4b3c-ae05-2c6fd5ba5cf2,0,0,4.0,-16.0,400,0.0,4,0,0
mechanism,fault20,E_dynamic_full,2edb8fba-16aa-4c56-8044-03a3f1220737,0,0,4.0,2.0,400,0.0,4,0,0
mechanism,fault20,E_dynamic_full,e8d54320-2dfb-4210-8393-6c56aff55ecc,0,0,4.0,0.47,400,0.0,4,0,0
mechanism,fault20,E_dynamic_full,c4eb5f20-8d18-4d1a-be03-b014e541eab3,0,0,4.0,8.8,400,0.0,4,0,0
mechanism,fault20,E_dynamic_full,0045158d-99c6-4ccb-99d8-8eea8cace339,0,0,4.0,-6.1,800,0.0,8,1,1
mechanism,fault20,E_dynamic_full,0202dbb4-5221-42b7-96b7-5bcb476ffdec,0,0,4.0,-12.9,400,0.0,4,0,0
mechanism,fault20,E_dynamic_full,ba2089ef-6999-4381-b677-a4f2f6af8e8e,0,0,4.0,5.0,400,0.0,4,0,0
mechanism,fault20,E_dynamic_full,94bc4d77-55a8-4cb0-a095-f9d799b3c37b,0,0,4.0,10.0,400,0.0,4,0,0
mechanism,fault20,E_dynamic_full,30f78337-c974-4434-a990-8c33c92a5306,0,0,4.0,3.57,800,0.0,8,1,1
mechanism,fault20,E_dynamic_full,fcaa00dc-f9ec-4f57-a7e1-a7ccaca9202b,0,0,4.0,20.45,400,0.0,4,0,0
mechanism,fault20,E_dynamic_full,854d95f4-d165-4132-8573-34843115ed45,0,0,4.0,0.4,400,0.0,4,0,0
mechanism,fault20,E_dynamic_full,6792fc0a-f8cf-43d8-bc1a-9a11646e7e31,0,0,4.0,114.81,400,0.0,4,0,0
mechanism,fault20,E_dynamic_full,bc009826-d4f1-4c53-9e3c-0e6349e8b527,0,0,4.0,-15.38,800,0.0,8,1,1
mechanism,fault20,E_dynamic_full,2c980685-7c11-412a-afa6-c23725fcedf6,0,0,4.0,1.6,400,0.0,4,0,0
mechanism,fault20,E_dynamic_full,99f1cb28-c0d5-4cda-b50a-a1d7c17b777a,0,0,4.0,66.9,400,0.0,4,0,0
mechanism,fault20,E_dynamic_full,72a4833d-a74d-410c-9311-dad856c7fe26,0,0,4.0,11.39,400,0.0,4,0,0
mechanism,fault20,E_dynamic_full,3828301a-73bd-4540-80d3-43061664f135,0,0,4.0,11.0,400,0.0,4,0,0
mechanism,fault20,E_dynamic_full,46ed6025-c0ae-49d3-8539-a45a1d37ee80,0,0,4.0,81.68,800,0.0,8,1,1
mechanism,fault20,E_dynamic_full,297ae9f3-5ef8-435e-a4e7-e0b97a049904,0,0,4.0,0.99,400,0.0,4,0,0
mechanism,fault20,E_dynamic_full,a38407e1-d341-4825-933e-81c2a559035f,0,0,4.0,46.0,400,0.0,4,0,0
mechanism,fault20,E_dynamic_full,14814a4d-55f8-4fe0-9e13-59ab7a4d485b,0,0,4.0,-0.7,400,0.0,4,0,0
mechanism,fault30,E_dynamic_full,0f2052a9-2761-4594-8be1-0ecf85fa47fc,0,0,4.0,0.6,400,0.0,4,0,0
mechanism,fault30,E_dynamic_full,6db94fb6-4116-44dc-8426-229509a07473,0,0,4.0,30.9,400,0.0,4,0,0
mechanism,fault30,E_dynamic_full,e73e316e-41a7-4f92-a40e-3ae277443d12,0,0,4.0,-8.2,400,0.0,4,0,0
mechanism,fault30,E_dynamic_full,02abaa03-2a3e-4db4-8f6b-fc31acfab880,0,0,4.0,44.9,800,0.0,8,1,1
mechanism,fault30,E_dynamic_full,a0720c04-0ddf-460b-81d7-60d9e6b6e3a1,0,0,4.0,183.0,800,0.0,8,1,1
mechanism,fault30,E_dynamic_full,2ba67b9a-9cf8-466f-81cc-b3cf0e3bec49,0,0,4.0,63.0,400,0.0,4,0,0
mechanism,fault30,E_dynamic_full,9f212b77-e8cb-414c-b2c4-526f48a1f71b,0,0,4.0,-45.0,400,0.0,4,0,0
mechanism,fault30,E_dynamic_full,d97be352-26c2-4c4b-a8ce-459f5a24f124,0,0,4.0,-176.1,400,0.0,4,0,0
mechanism,fault30,E_dynamic_full,6f2a9b75-8907-4c4a-87c8-c2be01797dd5,0,0,4.0,123.2,800,0.0,8,1,1
mechanism,fault30,E_dynamic_full,fedb5ce9-f135-411b-a7e5-931803df369f,0,0,4.0,150.0,800,0.0001,8,1,1
mechanism,fault30,E_dynamic_full,c9cc52de-f9a5-4bd5-a45a-86a68e61876f,0,0,4.0,-13.8,400,0.0,4,0,0
mechanism,fault30,E_dynamic_full,dc89a4b7-340e-4d48-96d9-ec9a38e65a0b,0,0,4.0,94.67,400,0.0,4,0,0
mechanism,fault30,E_dynamic_full,7384e0e0-2cbe-432f-9f0f-82ba1d88355b,0,0,4.0,34.2,800,0.0,8,1,1
mechanism,fault30,E_dynamic_full,ee2ad496-6ff0-4ddb-9359-7f90f8155885,0,0,4.0,0.97,400,0.0,4,0,0
mechanism,fault30,E_dynamic_full,e4027313-f6f6-4bb1-afb6-6520943df9a7,0,0,4.0,20.46,800,0.0,8,1,1
mechanism,fault30,E_dynamic_full,79a28339-32a7-42de-80db-fa4b1f2b2cbd,0,0,4.0,37.27,400,0.0,4,0,0
mechanism,fault30,E_dynamic_full,a0284ac1-abb3-4e82-bb8c-409ec89c5a54,0,0,4.0,267.0,400,0.0,4,0,0
mechanism,fault30,E_dynamic_full,b221ecbc-af23-4ad1-8202-0cc9e53b8ad3,0,0,4.0,-4.74,400,0.0,4,0,0
mechanism,fault30,E_dynamic_full,5c96ba61-4efe-4792-83c5-bcd41a037bc9,0,0,4.0,2.31,400,0.0,4,0,0
mechanism,fault30,E_dynamic_full,d03efb78-1b78-4f2f-9e7c-d2889a29acc2,0,0,4.0,-66.7,400,0.0,4,0,0
mechanism,fault30,E_dynamic_full,d61315b1-7c1f-4c6e-8bb4-8042c71671cb,0,0,4.0,5.68,400,0.0,4,0,0
mechanism,fault30,E_dynamic_full,e777ea8c-c353-460e-a724-9c92a8eb6d75,0,0,4.0,247.0,800,0.0,8,1,1
mechanism,fault30,E_dynamic_full,718c9b4f-3907-4a12-b0c0-8bfec4d106ab,0,0,4.0,58.0,400,0.0,4,0,0
mechanism,fault30,E_dynamic_full,ff99e26a-38be-43d5-aff7-10ee224b3612,0,0,4.0,426.0,800,0.0,8,1,1
mechanism,fault30,E_dynamic_full,b9856aea-375e-4bc3-8ecb-8083c22bcba2,0,0,4.0,-20.53,800,0.0,8,1,1
mechanism,fault30,E_dynamic_full,6c76cd11-30f2-4a66-9f13-e99ba2b54946,0,0,4.0,-0.4,400,0.0,4,0,0
mechanism,fault30,E_dynamic_full,0da57c95-2709-4b67-a1be-db6f325fb4e5,0,0,4.0,0.4,800,0.0,8,1,1
mechanism,fault30,E_dynamic_full,629daa0a-eeb0-4c55-854c-b2b93f4b9ae9,0,0,4.0,-0.7,800,0.0001,8,1,1
mechanism,fault30,E_dynamic_full,bb2e18cd-6548-47dd-8d73-e6ae2eb71e8e,0,0,4.0,0.36,800,0.0,8,1,1
mechanism,fault30,E_dynamic_full,45061182-d00d-4b3c-ae05-2c6fd5ba5cf2,0,0,4.0,-16.0,400,0.0,4,0,0
mechanism,fault30,E_dynamic_full,2edb8fba-16aa-4c56-8044-03a3f1220737,0,0,4.0,2.0,400,0.0,4,0,0
mechanism,fault30,E_dynamic_full,e8d54320-2dfb-4210-8393-6c56aff55ecc,0,0,4.0,0.47,400,0.0,4,0,0
mechanism,fault30,E_dynamic_full,c4eb5f20-8d18-4d1a-be03-b014e541eab3,0,0,4.0,8.8,400,0.0,4,0,0
mechanism,fault30,E_dynamic_full,0045158d-99c6-4ccb-99d8-8eea8cace339,0,0,4.0,-6.1,400,0.0,4,0,0
mechanism,fault30,E_dynamic_full,0202dbb4-5221-42b7-96b7-5bcb476ffdec,0,0,4.0,-12.9,400,0.0,4,0,0
mechanism,fault30,E_dynamic_full,ba2089ef-6999-4381-b677-a4f2f6af8e8e,0,0,4.0,5.0,400,0.0,4,0,0
mechanism,fault30,E_dynamic_full,94bc4d77-55a8-4cb0-a095-f9d799b3c37b,0,0,4.0,10.0,800,0.0,8,1,1
mechanism,fault30,E_dynamic_full,30f78337-c974-4434-a990-8c33c92a5306,0,0,4.0,3.57,400,0.0,4,0,0
mechanism,fault30,E_dynamic_full,fcaa00dc-f9ec-4f57-a7e1-a7ccaca9202b,0,0,4.0,20.45,400,0.0,4,0,0
mechanism,fault30,E_dynamic_full,854d95f4-d165-4132-8573-34843115ed45,0,0,4.0,0.4,400,0.0,4,0,0
mechanism,fault30,E_dynamic_full,6792fc0a-f8cf-43d8-bc1a-9a11646e7e31,0,0,4.0,114.81,400,0.0,4,0,0
mechanism,fault30,E_dynamic_full,bc009826-d4f1-4c53-9e3c-0e6349e8b527,0,0,4.0,-15.38,400,0.0,4,0,0
mechanism,fault30,E_dynamic_full,2c980685-7c11-412a-afa6-c23725fcedf6,0,0,4.0,1.6,400,0.0,4,0,0
mechanism,fault30,E_dynamic_full,99f1cb28-c0d5-4cda-b50a-a1d7c17b777a,0,0,4.0,66.9,800,0.0,8,1,1
mechanism,fault30,E_dynamic_full,72a4833d-a74d-410c-9311-dad856c7fe26,0,0,4.0,11.39,400,0.0,4,0,0
mechanism,fault30,E_dynamic_full,3828301a-73bd-4540-80d3-43061664f135,0,0,4.0,11.0,800,0.0,8,1,1
mechanism,fault30,E_dynamic_full,46ed6025-c0ae-49d3-8539-a45a1d37ee80,0,0,4.0,81.68,400,0.0,4,0,0
mechanism,fault30,E_dynamic_full,297ae9f3-5ef8-435e-a4e7-e0b97a049904,0,0,4.0,0.99,400,0.0,4,0,0
mechanism,fault30,E_dynamic_full,a38407e1-d341-4825-933e-81c2a559035f,0,0,4.0,46.0,400,0.0,4,0,0
mechanism,fault30,E_dynamic_full,14814a4d-55f8-4fe0-9e13-59ab7a4d485b,0,0,4.0,-0.7,400,0.0,4,0,0
mechanism,clean,V2_dynamic,0f2052a9-2761-4594-8be1-0ecf85fa47fc,0,0,4.0,0.6,400,0.0,4,0,0
mechanism,clean,V2_dynamic,6db94fb6-4116-44dc-8426-229509a07473,0,0,4.0,30.9,400,0.0,4,0,0
mechanism,clean,V2_dynamic,e73e316e-41a7-4f92-a40e-3ae277443d12,0,0,4.0,-8.2,400,0.0,4,0,0
mechanism,clean,V2_dynamic,02abaa03-2a3e-4db4-8f6b-fc31acfab880,0,0,4.0,44.9,400,0.0,4,0,0
mechanism,clean,V2_dynamic,a0720c04-0ddf-460b-81d7-60d9e6b6e3a1,0,0,4.0,183.0,400,0.0,4,0,0
mechanism,clean,V2_dynamic,2ba67b9a-9cf8-466f-81cc-b3cf0e3bec49,0,0,4.0,63.0,400,0.0,4,0,0
mechanism,clean,V2_dynamic,9f212b77-e8cb-414c-b2c4-526f48a1f71b,0,0,4.0,-45.0,400,0.0,4,0,0
mechanism,clean,V2_dynamic,d97be352-26c2-4c4b-a8ce-459f5a24f124,0,0,4.0,-176.1,400,0.0,4,0,0
mechanism,clean,V2_dynamic,6f2a9b75-8907-4c4a-87c8-c2be01797dd5,0,0,4.0,123.2,400,0.0,4,0,0
mechanism,clean,V2_dynamic,fedb5ce9-f135-411b-a7e5-931803df369f,0,0,4.0,150.0,400,0.0,4,0,0
mechanism,clean,V2_dynamic,c9cc52de-f9a5-4bd5-a45a-86a68e61876f,0,0,4.0,-13.8,400,0.0,4,0,0
mechanism,clean,V2_dynamic,dc89a4b7-340e-4d48-96d9-ec9a38e65a0b,0,0,4.0,94.67,400,0.0,4,0,0
mechanism,clean,V2_dynamic,7384e0e0-2cbe-432f-9f0f-82ba1d88355b,0,0,4.0,34.2,400,0.0,4,0,0
mechanism,clean,V2_dynamic,ee2ad496-6ff0-4ddb-9359-7f90f8155885,0,0,4.0,0.97,400,0.0,4,0,0
mechanism,clean,V2_dynamic,e4027313-f6f6-4bb1-afb6-6520943df9a7,0,0,4.0,20.46,400,0.0,4,0,0
mechanism,clean,V2_dynamic,79a28339-32a7-42de-80db-fa4b1f2b2cbd,0,0,4.0,37.27,400,0.0,4,0,0
mechanism,clean,V2_dynamic,a0284ac1-abb3-4e82-bb8c-409ec89c5a54,0,0,4.0,267.0,400,0.0,4,0,0
mechanism,clean,V2_dynamic,b221ecbc-af23-4ad1-8202-0cc9e53b8ad3,0,0,4.0,-4.74,400,0.0,4,0,0
mechanism,clean,V2_dynamic,5c96ba61-4efe-4792-83c5-bcd41a037bc9,0,0,4.0,2.31,400,0.0,4,0,0
mechanism,clean,V2_dynamic,d03efb78-1b78-4f2f-9e7c-d2889a29acc2,0,0,4.0,-66.7,400,0.0,4,0,0
mechanism,clean,V2_dynamic,d61315b1-7c1f-4c6e-8bb4-8042c71671cb,0,0,4.0,5.68,400,0.0,4,0,0
mechanism,clean,V2_dynamic,e777ea8c-c353-460e-a724-9c92a8eb6d75,0,0,4.0,247.0,400,0.0,4,0,0
mechanism,clean,V2_dynamic,718c9b4f-3907-4a12-b0c0-8bfec4d106ab,0,0,4.0,58.0,400,0.0,4,0,0
mechanism,clean,V2_dynamic,ff99e26a-38be-43d5-aff7-10ee224b3612,0,0,4.0,426.0,400,0.0,4,0,0
mechanism,clean,V2_dynamic,b9856aea-375e-4bc3-8ecb-8083c22bcba2,0,0,4.0,-20.53,400,0.0,4,0,0
mechanism,clean,V2_dynamic,6c76cd11-30f2-4a66-9f13-e99ba2b54946,0,0,4.0,-0.4,400,0.0,4,0,0
mechanism,clean,V2_dynamic,0da57c95-2709-4b67-a1be-db6f325fb4e5,0,0,4.0,0.4,400,0.0,4,0,0
mechanism,clean,V2_dynamic,629daa0a-eeb0-4c55-854c-b2b93f4b9ae9,0,0,4.0,-0.7,400,0.0,4,0,0
mechanism,clean,V2_dynamic,bb2e18cd-6548-47dd-8d73-e6ae2eb71e8e,0,0,4.0,0.36,400,0.0,4,0,0
mechanism,clean,V2_dynamic,45061182-d00d-4b3c-ae05-2c6fd5ba5cf2,0,0,4.0,-16.0,400,0.0,4,0,0
mechanism,clean,V2_dynamic,2edb8fba-16aa-4c56-8044-03a3f1220737,0,0,4.0,2.0,400,0.0,4,0,0
mechanism,clean,V2_dynamic,e8d54320-2dfb-4210-8393-6c56aff55ecc,0,0,4.0,0.47,400,0.0,4,0,0
mechanism,clean,V2_dynamic,c4eb5f20-8d18-4d1a-be03-b014e541eab3,0,0,4.0,8.8,400,0.0,4,0,0
mechanism,clean,V2_dynamic,0045158d-99c6-4ccb-99d8-8eea8cace339,0,0,4.0,-6.1,400,0.0,4,0,0
mechanism,clean,V2_dynamic,0202dbb4-5221-42b7-96b7-5bcb476ffdec,0,0,4.0,-12.9,400,0.0,4,0,0
mechanism,clean,V2_dynamic,ba2089ef-6999-4381-b677-a4f2f6af8e8e,0,0,4.0,5.0,400,0.0,4,0,0
mechanism,clean,V2_dynamic,94bc4d77-55a8-4cb0-a095-f9d799b3c37b,0,0,4.0,10.0,400,0.0,4,0,0
mechanism,clean,V2_dynamic,30f78337-c974-4434-a990-8c33c92a5306,0,0,4.0,3.57,400,0.0,4,0,0
mechanism,clean,V2_dynamic,fcaa00dc-f9ec-4f57-a7e1-a7ccaca9202b,0,0,4.0,20.45,400,0.0,4,0,0
mechanism,clean,V2_dynamic,854d95f4-d165-4132-8573-34843115ed45,0,0,4.0,0.4,400,0.0,4,0,0
mechanism,clean,V2_dynamic,6792fc0a-f8cf-43d8-bc1a-9a11646e7e31,0,0,4.0,114.81,400,0.0,4,0,0
mechanism,clean,V2_dynamic,bc009826-d4f1-4c53-9e3c-0e6349e8b527,0,0,4.0,-15.38,400,0.0,4,0,0
mechanism,clean,V2_dynamic,2c980685-7c11-412a-afa6-c23725fcedf6,0,0,4.0,1.6,400,0.0,4,0,0
mechanism,clean,V2_dynamic,99f1cb28-c0d5-4cda-b50a-a1d7c17b777a,0,0,4.0,66.9,400,0.0,4,0,0
mechanism,clean,V2_dynamic,72a4833d-a74d-410c-9311-dad856c7fe26,0,0,4.0,11.39,400,0.0,4,0,0
mechanism,clean,V2_dynamic,3828301a-73bd-4540-80d3-43061664f135,0,0,4.0,11.0,400,0.0,4,0,0
mechanism,clean,V2_dynamic,46ed6025-c0ae-49d3-8539-a45a1d37ee80,0,0,4.0,81.68,400,0.0,4,0,0
mechanism,clean,V2_dynamic,297ae9f3-5ef8-435e-a4e7-e0b97a049904,0,0,4.0,0.99,400,0.0,4,0,0
mechanism,clean,V2_dynamic,a38407e1-d341-4825-933e-81c2a559035f,0,0,4.0,46.0,400,0.0,4,0,0
mechanism,clean,V2_dynamic,14814a4d-55f8-4fe0-9e13-59ab7a4d485b,0,0,4.0,-0.7,400,0.0,4,0,0
mechanism,fault10,V2_dynamic,0f2052a9-2761-4594-8be1-0ecf85fa47fc,0,0,4.0,0.6,400,0.0,4,0,0
mechanism,fault10,V2_dynamic,6db94fb6-4116-44dc-8426-229509a07473,0,0,4.0,30.9,400,0.0,4,0,0
mechanism,fault10,V2_dynamic,e73e316e-41a7-4f92-a40e-3ae277443d12,0,0,4.0,-8.2,400,0.0,4,0,0
mechanism,fault10,V2_dynamic,02abaa03-2a3e-4db4-8f6b-fc31acfab880,0,0,4.0,44.9,400,0.0,4,0,0
mechanism,fault10,V2_dynamic,a0720c04-0ddf-460b-81d7-60d9e6b6e3a1,0,0,4.0,183.0,400,0.0,4,0,0
mechanism,fault10,V2_dynamic,2ba67b9a-9cf8-466f-81cc-b3cf0e3bec49,0,0,4.0,63.0,400,0.0,4,0,0
mechanism,fault10,V2_dynamic,9f212b77-e8cb-414c-b2c4-526f48a1f71b,0,0,4.0,-45.0,400,0.0,4,0,0
mechanism,fault10,V2_dynamic,d97be352-26c2-4c4b-a8ce-459f5a24f124,0,0,4.0,-176.1,400,0.0,4,0,0
mechanism,fault10,V2_dynamic,6f2a9b75-8907-4c4a-87c8-c2be01797dd5,0,0,4.0,123.2,400,0.0,4,0,0
mechanism,fault10,V2_dynamic,fedb5ce9-f135-411b-a7e5-931803df369f,0,0,4.0,150.0,400,0.0,4,0,0
mechanism,fault10,V2_dynamic,c9cc52de-f9a5-4bd5-a45a-86a68e61876f,0,0,4.0,-13.8,400,0.0,4,0,0
mechanism,fault10,V2_dynamic,dc89a4b7-340e-4d48-96d9-ec9a38e65a0b,0,0,4.0,94.67,400,0.0,4,0,0
mechanism,fault10,V2_dynamic,7384e0e0-2cbe-432f-9f0f-82ba1d88355b,0,0,4.0,34.2,500,0.0,5,1,1
mechanism,fault10,V2_dynamic,ee2ad496-6ff0-4ddb-9359-7f90f8155885,0,0,4.0,0.97,400,0.0,4,0,0
mechanism,fault10,V2_dynamic,e4027313-f6f6-4bb1-afb6-6520943df9a7,0,0,4.0,20.46,400,0.0,4,0,0
mechanism,fault10,V2_dynamic,79a28339-32a7-42de-80db-fa4b1f2b2cbd,0,0,4.0,37.27,400,0.0,4,0,0
mechanism,fault10,V2_dynamic,a0284ac1-abb3-4e82-bb8c-409ec89c5a54,0,0,4.0,267.0,600,0.0,6,1,1
mechanism,fault10,V2_dynamic,b221ecbc-af23-4ad1-8202-0cc9e53b8ad3,0,0,4.0,-4.74,400,0.0,4,0,0
mechanism,fault10,V2_dynamic,5c96ba61-4efe-4792-83c5-bcd41a037bc9,0,0,4.0,2.31,400,0.0,4,0,0
mechanism,fault10,V2_dynamic,d03efb78-1b78-4f2f-9e7c-d2889a29acc2,0,0,4.0,-66.7,400,0.0,4,0,0
mechanism,fault10,V2_dynamic,d61315b1-7c1f-4c6e-8bb4-8042c71671cb,0,0,4.0,5.68,400,0.0,4,0,0
mechanism,fault10,V2_dynamic,e777ea8c-c353-460e-a724-9c92a8eb6d75,0,0,4.0,247.0,400,0.0,4,0,0
mechanism,fault10,V2_dynamic,718c9b4f-3907-4a12-b0c0-8bfec4d106ab,0,0,4.0,58.0,500,0.0,5,1,1
mechanism,fault10,V2_dynamic,ff99e26a-38be-43d5-aff7-10ee224b3612,0,0,4.0,426.0,400,0.0,4,0,0
mechanism,fault10,V2_dynamic,b9856aea-375e-4bc3-8ecb-8083c22bcba2,0,0,4.0,-20.53,400,0.0,4,0,0
mechanism,fault10,V2_dynamic,6c76cd11-30f2-4a66-9f13-e99ba2b54946,0,0,4.0,-0.4,400,0.0,4,0,0
mechanism,fault10,V2_dynamic,0da57c95-2709-4b67-a1be-db6f325fb4e5,0,0,4.0,0.4,400,0.0,4,0,0
mechanism,fault10,V2_dynamic,629daa0a-eeb0-4c55-854c-b2b93f4b9ae9,0,0,4.0,-0.7,400,0.0,4,0,0
mechanism,fault10,V2_dynamic,bb2e18cd-6548-47dd-8d73-e6ae2eb71e8e,0,0,4.0,0.36,400,0.0,4,0,0
mechanism,fault10,V2_dynamic,45061182-d00d-4b3c-ae05-2c6fd5ba5cf2,0,0,4.0,-16.0,400,0.0,4,0,0
mechanism,fault10,V2_dynamic,2edb8fba-16aa-4c56-8044-03a3f1220737,0,0,4.0,2.0,400,0.0,4,0,0
mechanism,fault10,V2_dynamic,e8d54320-2dfb-4210-8393-6c56aff55ecc,0,0,4.0,0.47,400,0.0,4,0,0
mechanism,fault10,V2_dynamic,c4eb5f20-8d18-4d1a-be03-b014e541eab3,0,0,4.0,8.8,400,0.0,4,0,0
mechanism,fault10,V2_dynamic,0045158d-99c6-4ccb-99d8-8eea8cace339,0,0,4.0,-6.1,400,0.0,4,0,0
mechanism,fault10,V2_dynamic,0202dbb4-5221-42b7-96b7-5bcb476ffdec,0,0,4.0,-12.9,500,0.0,5,1,1
mechanism,fault10,V2_dynamic,ba2089ef-6999-4381-b677-a4f2f6af8e8e,0,0,4.0,5.0,400,0.0,4,0,0
mechanism,fault10,V2_dynamic,94bc4d77-55a8-4cb0-a095-f9d799b3c37b,0,0,4.0,10.0,400,0.0,4,0,0
mechanism,fault10,V2_dynamic,30f78337-c974-4434-a990-8c33c92a5306,0,0,4.0,3.57,400,0.0,4,0,0
mechanism,fault10,V2_dynamic,fcaa00dc-f9ec-4f57-a7e1-a7ccaca9202b,0,0,4.0,20.45,400,0.0,4,0,0
mechanism,fault10,V2_dynamic,854d95f4-d165-4132-8573-34843115ed45,0,0,4.0,0.4,400,0.0,4,0,0
mechanism,fault10,V2_dynamic,6792fc0a-f8cf-43d8-bc1a-9a11646e7e31,0,0,4.0,114.81,400,0.0,4,0,0
mechanism,fault10,V2_dynamic,bc009826-d4f1-4c53-9e3c-0e6349e8b527,0,0,4.0,-15.38,400,0.0,4,0,0
mechanism,fault10,V2_dynamic,2c980685-7c11-412a-afa6-c23725fcedf6,0,0,4.0,1.6,400,0.0,4,0,0
mechanism,fault10,V2_dynamic,99f1cb28-c0d5-4cda-b50a-a1d7c17b777a,0,0,4.0,66.9,400,0.0,4,0,0
mechanism,fault10,V2_dynamic,72a4833d-a74d-410c-9311-dad856c7fe26,0,0,4.0,11.39,400,0.0,4,0,0
mechanism,fault10,V2_dynamic,3828301a-73bd-4540-80d3-43061664f135,0,0,4.0,11.0,400,0.0,4,0,0
mechanism,fault10,V2_dynamic,46ed6025-c0ae-49d3-8539-a45a1d37ee80,0,0,4.0,81.68,400,0.0,4,0,0
mechanism,fault10,V2_dynamic,297ae9f3-5ef8-435e-a4e7-e0b97a049904,0,0,4.0,0.99,400,0.0,4,0,0
mechanism,fault10,V2_dynamic,a38407e1-d341-4825-933e-81c2a559035f,0,0,4.0,46.0,400,0.0,4,0,0
mechanism,fault10,V2_dynamic,14814a4d-55f8-4fe0-9e13-59ab7a4d485b,0,0,4.0,-0.7,600,0.0,6,1,1
mechanism,fault20,V2_dynamic,0f2052a9-2761-4594-8be1-0ecf85fa47fc,0,0,4.0,0.6,400,0.0,4,0,0
mechanism,fault20,V2_dynamic,6db94fb6-4116-44dc-8426-229509a07473,0,0,4.0,30.9,400,0.0,4,1,1
mechanism,fault20,V2_dynamic,e73e316e-41a7-4f92-a40e-3ae277443d12,0,0,4.0,-8.2,400,0.0,4,0,0
mechanism,fault20,V2_dynamic,02abaa03-2a3e-4db4-8f6b-fc31acfab880,0,0,4.0,44.9,600,0.0,6,1,1
mechanism,fault20,V2_dynamic,a0720c04-0ddf-460b-81d7-60d9e6b6e3a1,0,0,4.0,183.0,500,0.0,5,1,1
mechanism,fault20,V2_dynamic,2ba67b9a-9cf8-466f-81cc-b3cf0e3bec49,0,0,4.0,63.0,400,0.0,4,0,0
mechanism,fault20,V2_dynamic,9f212b77-e8cb-414c-b2c4-526f48a1f71b,0,0,4.0,-45.0,400,0.0,4,0,0
mechanism,fault20,V2_dynamic,d97be352-26c2-4c4b-a8ce-459f5a24f124,0,0,4.0,-176.1,400,0.0,4,0,0
mechanism,fault20,V2_dynamic,6f2a9b75-8907-4c4a-87c8-c2be01797dd5,0,0,4.0,123.2,400,0.0,4,0,0
mechanism,fault20,V2_dynamic,fedb5ce9-f135-411b-a7e5-931803df369f,0,0,4.0,150.0,400,0.0,4,0,0
mechanism,fault20,V2_dynamic,c9cc52de-f9a5-4bd5-a45a-86a68e61876f,0,0,4.0,-13.8,400,0.0,4,0,0
mechanism,fault20,V2_dynamic,dc89a4b7-340e-4d48-96d9-ec9a38e65a0b,0,0,4.0,94.67,500,0.0,5,1,1
mechanism,fault20,V2_dynamic,7384e0e0-2cbe-432f-9f0f-82ba1d88355b,0,0,4.0,34.2,500,0.0,5,1,1
mechanism,fault20,V2_dynamic,ee2ad496-6ff0-4ddb-9359-7f90f8155885,0,0,4.0,0.97,400,0.0,4,0,0
mechanism,fault20,V2_dynamic,e4027313-f6f6-4bb1-afb6-6520943df9a7,0,0,4.0,20.46,400,0.0,4,0,0
mechanism,fault20,V2_dynamic,79a28339-32a7-42de-80db-fa4b1f2b2cbd,0,0,4.0,37.27,400,0.0,4,0,0
mechanism,fault20,V2_dynamic,a0284ac1-abb3-4e82-bb8c-409ec89c5a54,0,0,4.0,267.0,400,0.0,4,0,0
mechanism,fault20,V2_dynamic,b221ecbc-af23-4ad1-8202-0cc9e53b8ad3,0,0,4.0,-4.74,400,0.0,4,0,0
mechanism,fault20,V2_dynamic,5c96ba61-4efe-4792-83c5-bcd41a037bc9,0,0,4.0,2.31,400,0.0,4,0,0
mechanism,fault20,V2_dynamic,d03efb78-1b78-4f2f-9e7c-d2889a29acc2,0,0,4.0,-66.7,500,0.0,5,1,1
mechanism,fault20,V2_dynamic,d61315b1-7c1f-4c6e-8bb4-8042c71671cb,0,0,4.0,5.68,400,0.0,4,0,0
mechanism,fault20,V2_dynamic,e777ea8c-c353-460e-a724-9c92a8eb6d75,0,0,4.0,247.0,400,0.0,4,0,0
mechanism,fault20,V2_dynamic,718c9b4f-3907-4a12-b0c0-8bfec4d106ab,0,0,4.0,58.0,400,0.0,4,0,0
mechanism,fault20,V2_dynamic,ff99e26a-38be-43d5-aff7-10ee224b3612,0,0,4.0,426.0,400,0.0,4,0,0
mechanism,fault20,V2_dynamic,b9856aea-375e-4bc3-8ecb-8083c22bcba2,0,0,4.0,-20.53,400,0.0,4,0,0
mechanism,fault20,V2_dynamic,6c76cd11-30f2-4a66-9f13-e99ba2b54946,0,0,4.0,-0.4,400,0.0,4,0,0
mechanism,fault20,V2_dynamic,0da57c95-2709-4b67-a1be-db6f325fb4e5,0,0,4.0,0.4,400,0.0,4,0,0
mechanism,fault20,V2_dynamic,629daa0a-eeb0-4c55-854c-b2b93f4b9ae9,0,0,4.0,-0.7,400,0.0,4,0,0
mechanism,fault20,V2_dynamic,bb2e18cd-6548-47dd-8d73-e6ae2eb71e8e,0,0,4.0,0.36,400,0.0,4,0,0
mechanism,fault20,V2_dynamic,45061182-d00d-4b3c-ae05-2c6fd5ba5cf2,0,0,4.0,-16.0,400,0.0,4,0,0
mechanism,fault20,V2_dynamic,2edb8fba-16aa-4c56-8044-03a3f1220737,0,0,4.0,2.0,400,0.0,4,0,0
mechanism,fault20,V2_dynamic,e8d54320-2dfb-4210-8393-6c56aff55ecc,0,0,4.0,0.47,400,0.0,4,0,0
mechanism,fault20,V2_dynamic,c4eb5f20-8d18-4d1a-be03-b014e541eab3,0,0,4.0,8.8,400,0.0,4,0,0
mechanism,fault20,V2_dynamic,0045158d-99c6-4ccb-99d8-8eea8cace339,0,0,4.0,-6.1,500,0.0,5,1,2
mechanism,fault20,V2_dynamic,0202dbb4-5221-42b7-96b7-5bcb476ffdec,0,0,4.0,-12.9,400,0.0,4,0,0
mechanism,fault20,V2_dynamic,ba2089ef-6999-4381-b677-a4f2f6af8e8e,0,0,4.0,5.0,400,0.0,4,0,0
mechanism,fault20,V2_dynamic,94bc4d77-55a8-4cb0-a095-f9d799b3c37b,0,0,4.0,10.0,400,0.0,4,0,0
mechanism,fault20,V2_dynamic,30f78337-c974-4434-a990-8c33c92a5306,0,0,4.0,3.57,500,0.0,5,1,2
mechanism,fault20,V2_dynamic,fcaa00dc-f9ec-4f57-a7e1-a7ccaca9202b,0,0,4.0,20.45,400,0.0,4,0,0
mechanism,fault20,V2_dynamic,854d95f4-d165-4132-8573-34843115ed45,0,0,4.0,0.4,400,0.0,4,0,0
mechanism,fault20,V2_dynamic,6792fc0a-f8cf-43d8-bc1a-9a11646e7e31,0,0,4.0,114.81,400,0.0,4,0,0
mechanism,fault20,V2_dynamic,bc009826-d4f1-4c53-9e3c-0e6349e8b527,0,0,4.0,-15.38,500,0.0,5,1,1
mechanism,fault20,V2_dynamic,2c980685-7c11-412a-afa6-c23725fcedf6,0,0,4.0,1.6,400,0.0,4,0,0
mechanism,fault20,V2_dynamic,99f1cb28-c0d5-4cda-b50a-a1d7c17b777a,0,0,4.0,66.9,400,0.0,4,0,0
mechanism,fault20,V2_dynamic,72a4833d-a74d-410c-9311-dad856c7fe26,0,0,4.0,11.39,400,0.0,4,0,0
mechanism,fault20,V2_dynamic,3828301a-73bd-4540-80d3-43061664f135,0,0,4.0,11.0,400,0.0,4,0,0
mechanism,fault20,V2_dynamic,46ed6025-c0ae-49d3-8539-a45a1d37ee80,0,0,4.0,81.68,500,0.0,5,1,2
mechanism,fault20,V2_dynamic,297ae9f3-5ef8-435e-a4e7-e0b97a049904,0,0,4.0,0.99,400,0.0,4,0,0
mechanism,fault20,V2_dynamic,a38407e1-d341-4825-933e-81c2a559035f,0,0,4.0,46.0,400,0.0,4,0,0
mechanism,fault20,V2_dynamic,14814a4d-55f8-4fe0-9e13-59ab7a4d485b,0,0,4.0,-0.7,400,0.0,4,0,0
mechanism,fault30,V2_dynamic,0f2052a9-2761-4594-8be1-0ecf85fa47fc,0,0,4.0,0.6,400,0.0,4,0,0
mechanism,fault30,V2_dynamic,6db94fb6-4116-44dc-8426-229509a07473,0,0,4.0,30.9,400,0.0,4,0,0
mechanism,fault30,V2_dynamic,e73e316e-41a7-4f92-a40e-3ae277443d12,0,0,4.0,-8.2,400,0.0,4,0,0
mechanism,fault30,V2_dynamic,02abaa03-2a3e-4db4-8f6b-fc31acfab880,0,0,4.0,44.9,500,0.0,5,1,1
mechanism,fault30,V2_dynamic,a0720c04-0ddf-460b-81d7-60d9e6b6e3a1,0,0,4.0,183.0,600,0.0,6,1,1
mechanism,fault30,V2_dynamic,2ba67b9a-9cf8-466f-81cc-b3cf0e3bec49,0,0,4.0,63.0,400,0.0,4,0,0
mechanism,fault30,V2_dynamic,9f212b77-e8cb-414c-b2c4-526f48a1f71b,0,0,4.0,-45.0,400,0.0,4,0,0
mechanism,fault30,V2_dynamic,d97be352-26c2-4c4b-a8ce-459f5a24f124,0,0,4.0,-176.1,400,0.0,4,0,0
mechanism,fault30,V2_dynamic,6f2a9b75-8907-4c4a-87c8-c2be01797dd5,0,0,4.0,123.2,500,0.0,5,1,1
mechanism,fault30,V2_dynamic,fedb5ce9-f135-411b-a7e5-931803df369f,0,0,4.0,150.0,500,0.0,5,1,1
mechanism,fault30,V2_dynamic,c9cc52de-f9a5-4bd5-a45a-86a68e61876f,0,0,4.0,-13.8,400,0.0,4,0,0
mechanism,fault30,V2_dynamic,dc89a4b7-340e-4d48-96d9-ec9a38e65a0b,0,0,4.0,94.67,400,0.0,4,0,0
mechanism,fault30,V2_dynamic,7384e0e0-2cbe-432f-9f0f-82ba1d88355b,0,0,4.0,34.2,500,0.0,5,1,2
mechanism,fault30,V2_dynamic,ee2ad496-6ff0-4ddb-9359-7f90f8155885,0,0,4.0,0.97,400,0.0,4,0,0
mechanism,fault30,V2_dynamic,e4027313-f6f6-4bb1-afb6-6520943df9a7,0,0,4.0,20.46,500,0.0,5,1,1
mechanism,fault30,V2_dynamic,79a28339-32a7-42de-80db-fa4b1f2b2cbd,0,0,4.0,37.27,400,0.0,4,0,0
mechanism,fault30,V2_dynamic,a0284ac1-abb3-4e82-bb8c-409ec89c5a54,0,0,4.0,267.0,400,0.0,4,0,0
mechanism,fault30,V2_dynamic,b221ecbc-af23-4ad1-8202-0cc9e53b8ad3,0,0,4.0,-4.74,400,0.0,4,0,0
mechanism,fault30,V2_dynamic,5c96ba61-4efe-4792-83c5-bcd41a037bc9,0,0,4.0,2.31,400,0.0,4,0,0
mechanism,fault30,V2_dynamic,d03efb78-1b78-4f2f-9e7c-d2889a29acc2,0,0,4.0,-66.7,400,0.0,4,0,0
mechanism,fault30,V2_dynamic,d61315b1-7c1f-4c6e-8bb4-8042c71671cb,0,0,4.0,5.68,400,0.0,4,0,0
mechanism,fault30,V2_dynamic,e777ea8c-c353-460e-a724-9c92a8eb6d75,0,0,4.0,247.0,500,0.0,5,1,2
mechanism,fault30,V2_dynamic,718c9b4f-3907-4a12-b0c0-8bfec4d106ab,0,0,4.0,58.0,400,0.0,4,0,0
mechanism,fault30,V2_dynamic,ff99e26a-38be-43d5-aff7-10ee224b3612,0,0,4.0,426.0,500,0.0,5,1,1
mechanism,fault30,V2_dynamic,b9856aea-375e-4bc3-8ecb-8083c22bcba2,0,0,4.0,-20.53,500,0.0,5,1,1
mechanism,fault30,V2_dynamic,6c76cd11-30f2-4a66-9f13-e99ba2b54946,0,0,4.0,-0.4,400,0.0,4,0,0
mechanism,fault30,V2_dynamic,0da57c95-2709-4b67-a1be-db6f325fb4e5,0,0,4.0,0.4,500,0.0,5,1,2
mechanism,fault30,V2_dynamic,629daa0a-eeb0-4c55-854c-b2b93f4b9ae9,0,0,4.0,-0.7,500,0.0,5,1,1
mechanism,fault30,V2_dynamic,bb2e18cd-6548-47dd-8d73-e6ae2eb71e8e,0,0,4.0,0.36,500,0.0,5,1,1
mechanism,fault30,V2_dynamic,45061182-d00d-4b3c-ae05-2c6fd5ba5cf2,0,0,4.0,-16.0,400,0.0,4,0,0
mechanism,fault30,V2_dynamic,2edb8fba-16aa-4c56-8044-03a3f1220737,0,0,4.0,2.0,400,0.0,4,0,0
mechanism,fault30,V2_dynamic,e8d54320-2dfb-4210-8393-6c56aff55ecc,0,0,4.0,0.47,400,0.0,4,0,0
mechanism,fault30,V2_dynamic,c4eb5f20-8d18-4d1a-be03-b014e541eab3,0,0,4.0,8.8,400,0.0,4,0,0
mechanism,fault30,V2_dynamic,0045158d-99c6-4ccb-99d8-8eea8cace339,0,0,4.0,-6.1,400,0.0,4,0,0
mechanism,fault30,V2_dynamic,0202dbb4-5221-42b7-96b7-5bcb476ffdec,0,0,4.0,-12.9,400,0.0,4,0,0
mechanism,fault30,V2_dynamic,ba2089ef-6999-4381-b677-a4f2f6af8e8e,0,0,4.0,5.0,400,0.0,4,0,0
mechanism,fault30,V2_dynamic,94bc4d77-55a8-4cb0-a095-f9d799b3c37b,0,0,4.0,10.0,500,0.0,5,1,2
mechanism,fault30,V2_dynamic,30f78337-c974-4434-a990-8c33c92a5306,0,0,4.0,3.57,400,0.0,4,0,0
mechanism,fault30,V2_dynamic,fcaa00dc-f9ec-4f57-a7e1-a7ccaca9202b,0,0,4.0,20.45,400,0.0,4,0,0
mechanism,fault30,V2_dynamic,854d95f4-d165-4132-8573-34843115ed45,0,0,4.0,0.4,400,0.0,4,0,0
mechanism,fault30,V2_dynamic,6792fc0a-f8cf-43d8-bc1a-9a11646e7e31,0,0,4.0,114.81,400,0.0,4,0,0
mechanism,fault30,V2_dynamic,bc009826-d4f1-4c53-9e3c-0e6349e8b527,0,0,4.0,-15.38,400,0.0,4,0,0
mechanism,fault30,V2_dynamic,2c980685-7c11-412a-afa6-c23725fcedf6,0,0,4.0,1.6,400,0.0,4,0,0
mechanism,fault30,V2_dynamic,99f1cb28-c0d5-4cda-b50a-a1d7c17b777a,0,0,4.0,66.9,500,0.0,5,1,2
mechanism,fault30,V2_dynamic,72a4833d-a74d-410c-9311-dad856c7fe26,0,0,4.0,11.39,400,0.0,4,0,0
mechanism,fault30,V2_dynamic,3828301a-73bd-4540-80d3-43061664f135,0,0,4.0,11.0,500,0.0,5,1,1
mechanism,fault30,V2_dynamic,46ed6025-c0ae-49d3-8539-a45a1d37ee80,0,0,4.0,81.68,400,0.0,4,0,0
mechanism,fault30,V2_dynamic,297ae9f3-5ef8-435e-a4e7-e0b97a049904,0,0,4.0,0.99,400,0.0,4,0,0
mechanism,fault30,V2_dynamic,a38407e1-d341-4825-933e-81c2a559035f,0,0,4.0,46.0,400,0.0,4,0,0
mechanism,fault30,V2_dynamic,14814a4d-55f8-4fe0-9e13-59ab7a4d485b,0,0,4.0,-0.7,400,0.0,4,0,0
mechanism,clean,V2_static,0f2052a9-2761-4594-8be1-0ecf85fa47fc,0,0,4.0,0.6,400,0.0,4,0,0
mechanism,clean,V2_static,6db94fb6-4116-44dc-8426-229509a07473,0,0,4.0,30.9,400,0.0,4,0,0
mechanism,clean,V2_static,e73e316e-41a7-4f92-a40e-3ae277443d12,0,0,4.0,-8.2,400,0.0,4,0,0
mechanism,clean,V2_static,02abaa03-2a3e-4db4-8f6b-fc31acfab880,0,0,4.0,44.9,400,0.0,4,0,0
mechanism,clean,V2_static,a0720c04-0ddf-460b-81d7-60d9e6b6e3a1,0,0,4.0,183.0,400,0.0,4,0,0
mechanism,clean,V2_static,2ba67b9a-9cf8-466f-81cc-b3cf0e3bec49,0,0,4.0,63.0,400,0.0,4,0,0
mechanism,clean,V2_static,9f212b77-e8cb-414c-b2c4-526f48a1f71b,0,0,4.0,-45.0,400,0.0,4,0,0
mechanism,clean,V2_static,d97be352-26c2-4c4b-a8ce-459f5a24f124,0,0,4.0,-176.1,400,0.0,4,0,0
mechanism,clean,V2_static,6f2a9b75-8907-4c4a-87c8-c2be01797dd5,0,0,4.0,123.2,400,0.0,4,0,0
mechanism,clean,V2_static,fedb5ce9-f135-411b-a7e5-931803df369f,0,0,4.0,150.0,400,0.0,4,0,0
mechanism,clean,V2_static,c9cc52de-f9a5-4bd5-a45a-86a68e61876f,0,0,4.0,-13.8,400,0.0,4,0,0
mechanism,clean,V2_static,dc89a4b7-340e-4d48-96d9-ec9a38e65a0b,0,0,4.0,94.67,400,0.0,4,0,0
mechanism,clean,V2_static,7384e0e0-2cbe-432f-9f0f-82ba1d88355b,0,0,4.0,34.2,400,0.0,4,0,0
mechanism,clean,V2_static,ee2ad496-6ff0-4ddb-9359-7f90f8155885,0,0,4.0,0.97,400,0.0,4,0,0
mechanism,clean,V2_static,e4027313-f6f6-4bb1-afb6-6520943df9a7,0,0,4.0,20.46,400,0.0,4,0,0
mechanism,clean,V2_static,79a28339-32a7-42de-80db-fa4b1f2b2cbd,0,0,4.0,37.27,400,0.0,4,0,0
mechanism,clean,V2_static,a0284ac1-abb3-4e82-bb8c-409ec89c5a54,0,0,4.0,267.0,400,0.0,4,0,0
mechanism,clean,V2_static,b221ecbc-af23-4ad1-8202-0cc9e53b8ad3,0,0,4.0,-4.74,400,0.0,4,0,0
mechanism,clean,V2_static,5c96ba61-4efe-4792-83c5-bcd41a037bc9,0,0,4.0,2.31,400,0.0,4,0,0
mechanism,clean,V2_static,d03efb78-1b78-4f2f-9e7c-d2889a29acc2,0,0,4.0,-66.7,400,0.0,4,0,0
mechanism,clean,V2_static,d61315b1-7c1f-4c6e-8bb4-8042c71671cb,0,0,4.0,5.68,400,0.0,4,0,0
mechanism,clean,V2_static,e777ea8c-c353-460e-a724-9c92a8eb6d75,0,0,4.0,247.0,400,0.0,4,0,0
mechanism,clean,V2_static,718c9b4f-3907-4a12-b0c0-8bfec4d106ab,0,0,4.0,58.0,400,0.0,4,0,0
mechanism,clean,V2_static,ff99e26a-38be-43d5-aff7-10ee224b3612,0,0,4.0,426.0,400,0.0,4,0,0
mechanism,clean,V2_static,b9856aea-375e-4bc3-8ecb-8083c22bcba2,0,0,4.0,-20.53,400,0.0,4,0,0
mechanism,clean,V2_static,6c76cd11-30f2-4a66-9f13-e99ba2b54946,0,0,4.0,-0.4,400,0.0,4,0,0
mechanism,clean,V2_static,0da57c95-2709-4b67-a1be-db6f325fb4e5,0,0,4.0,0.4,400,0.0,4,0,0
mechanism,clean,V2_static,629daa0a-eeb0-4c55-854c-b2b93f4b9ae9,0,0,4.0,-0.7,400,0.0,4,0,0
mechanism,clean,V2_static,bb2e18cd-6548-47dd-8d73-e6ae2eb71e8e,0,0,4.0,0.36,400,0.0,4,0,0
mechanism,clean,V2_static,45061182-d00d-4b3c-ae05-2c6fd5ba5cf2,0,0,4.0,-16.0,400,0.0,4,0,0
mechanism,clean,V2_static,2edb8fba-16aa-4c56-8044-03a3f1220737,0,0,4.0,2.0,400,0.0,4,0,0
mechanism,clean,V2_static,e8d54320-2dfb-4210-8393-6c56aff55ecc,0,0,4.0,0.47,400,0.0,4,0,0
mechanism,clean,V2_static,c4eb5f20-8d18-4d1a-be03-b014e541eab3,0,0,4.0,8.8,400,0.0,4,0,0
mechanism,clean,V2_static,0045158d-99c6-4ccb-99d8-8eea8cace339,0,0,4.0,-6.1,400,0.0,4,0,0
mechanism,clean,V2_static,0202dbb4-5221-42b7-96b7-5bcb476ffdec,0,0,4.0,-12.9,400,0.0,4,0,0
mechanism,clean,V2_static,ba2089ef-6999-4381-b677-a4f2f6af8e8e,0,0,4.0,5.0,400,0.0,4,0,0
mechanism,clean,V2_static,94bc4d77-55a8-4cb0-a095-f9d799b3c37b,0,0,4.0,10.0,400,0.0,4,0,0
mechanism,clean,V2_static,30f78337-c974-4434-a990-8c33c92a5306,0,0,4.0,3.57,400,0.0,4,0,0
mechanism,clean,V2_static,fcaa00dc-f9ec-4f57-a7e1-a7ccaca9202b,0,0,4.0,20.45,400,0.0,4,0,0
mechanism,clean,V2_static,854d95f4-d165-4132-8573-34843115ed45,0,0,4.0,0.4,400,0.0,4,0,0
mechanism,clean,V2_static,6792fc0a-f8cf-43d8-bc1a-9a11646e7e31,0,0,4.0,114.81,400,0.0,4,0,0
mechanism,clean,V2_static,bc009826-d4f1-4c53-9e3c-0e6349e8b527,0,0,4.0,-15.38,400,0.0,4,0,0
mechanism,clean,V2_static,2c980685-7c11-412a-afa6-c23725fcedf6,0,0,4.0,1.6,400,0.0,4,0,0
mechanism,clean,V2_static,99f1cb28-c0d5-4cda-b50a-a1d7c17b777a,0,0,4.0,66.9,400,0.0,4,0,0
mechanism,clean,V2_static,72a4833d-a74d-410c-9311-dad856c7fe26,0,0,4.0,11.39,400,0.0,4,0,0
mechanism,clean,V2_static,3828301a-73bd-4540-80d3-43061664f135,0,0,4.0,11.0,400,0.0,4,0,0
mechanism,clean,V2_static,46ed6025-c0ae-49d3-8539-a45a1d37ee80,0,0,4.0,81.68,400,0.0,4,0,0
mechanism,clean,V2_static,297ae9f3-5ef8-435e-a4e7-e0b97a049904,0,0,4.0,0.99,400,0.0,4,0,0
mechanism,clean,V2_static,a38407e1-d341-4825-933e-81c2a559035f,0,0,4.0,46.0,400,0.0,4,0,0
mechanism,clean,V2_static,14814a4d-55f8-4fe0-9e13-59ab7a4d485b,0,0,4.0,-0.7,400,0.0,4,0,0
mechanism,fault10,V2_static,0f2052a9-2761-4594-8be1-0ecf85fa47fc,0,0,4.0,0.6,400,0.0,4,0,0
mechanism,fault10,V2_static,6db94fb6-4116-44dc-8426-229509a07473,0,0,4.0,30.9,400,0.0,4,0,0
mechanism,fault10,V2_static,e73e316e-41a7-4f92-a40e-3ae277443d12,0,0,4.0,-8.2,400,0.0,4,0,0
mechanism,fault10,V2_static,02abaa03-2a3e-4db4-8f6b-fc31acfab880,0,0,4.0,44.9,400,0.0,4,0,0
mechanism,fault10,V2_static,a0720c04-0ddf-460b-81d7-60d9e6b6e3a1,0,0,4.0,183.0,400,0.0,4,0,0
mechanism,fault10,V2_static,2ba67b9a-9cf8-466f-81cc-b3cf0e3bec49,0,0,4.0,63.0,400,0.0,4,0,0
mechanism,fault10,V2_static,9f212b77-e8cb-414c-b2c4-526f48a1f71b,0,0,4.0,-45.0,400,0.0,4,0,0
mechanism,fault10,V2_static,d97be352-26c2-4c4b-a8ce-459f5a24f124,0,0,4.0,-176.1,400,0.0,4,0,0
mechanism,fault10,V2_static,6f2a9b75-8907-4c4a-87c8-c2be01797dd5,0,0,4.0,123.2,400,0.0,4,0,0
mechanism,fault10,V2_static,fedb5ce9-f135-411b-a7e5-931803df369f,0,0,4.0,150.0,400,0.0,4,0,0
mechanism,fault10,V2_static,c9cc52de-f9a5-4bd5-a45a-86a68e61876f,0,0,4.0,-13.8,400,0.0,4,0,0
mechanism,fault10,V2_static,dc89a4b7-340e-4d48-96d9-ec9a38e65a0b,0,0,4.0,94.67,400,0.0,4,0,0
mechanism,fault10,V2_static,7384e0e0-2cbe-432f-9f0f-82ba1d88355b,0,0,,34.2,400,0.0,4,1,1
mechanism,fault10,V2_static,ee2ad496-6ff0-4ddb-9359-7f90f8155885,0,0,4.0,0.97,400,0.0,4,0,0
mechanism,fault10,V2_static,e4027313-f6f6-4bb1-afb6-6520943df9a7,0,0,4.0,20.46,400,0.0,4,0,0
mechanism,fault10,V2_static,79a28339-32a7-42de-80db-fa4b1f2b2cbd,0,0,4.0,37.27,400,0.0,4,0,0
mechanism,fault10,V2_static,a0284ac1-abb3-4e82-bb8c-409ec89c5a54,0,0,4.0,267.0,400,0.0,4,1,1
mechanism,fault10,V2_static,b221ecbc-af23-4ad1-8202-0cc9e53b8ad3,0,0,4.0,-4.74,400,0.0,4,0,0
mechanism,fault10,V2_static,5c96ba61-4efe-4792-83c5-bcd41a037bc9,0,0,4.0,2.31,400,0.0,4,0,0
mechanism,fault10,V2_static,d03efb78-1b78-4f2f-9e7c-d2889a29acc2,0,0,4.0,-66.7,400,0.0,4,0,0
mechanism,fault10,V2_static,d61315b1-7c1f-4c6e-8bb4-8042c71671cb,0,0,4.0,5.68,400,0.0,4,0,0
mechanism,fault10,V2_static,e777ea8c-c353-460e-a724-9c92a8eb6d75,0,0,4.0,247.0,400,0.0,4,0,0
mechanism,fault10,V2_static,718c9b4f-3907-4a12-b0c0-8bfec4d106ab,0,0,4.0,58.0,400,0.0,4,1,1
mechanism,fault10,V2_static,ff99e26a-38be-43d5-aff7-10ee224b3612,0,0,4.0,426.0,400,0.0,4,0,0
mechanism,fault10,V2_static,b9856aea-375e-4bc3-8ecb-8083c22bcba2,0,0,4.0,-20.53,400,0.0,4,0,0
mechanism,fault10,V2_static,6c76cd11-30f2-4a66-9f13-e99ba2b54946,0,0,4.0,-0.4,400,0.0,4,0,0
mechanism,fault10,V2_static,0da57c95-2709-4b67-a1be-db6f325fb4e5,0,0,4.0,0.4,400,0.0,4,0,0
mechanism,fault10,V2_static,629daa0a-eeb0-4c55-854c-b2b93f4b9ae9,0,0,4.0,-0.7,400,0.0,4,0,0
mechanism,fault10,V2_static,bb2e18cd-6548-47dd-8d73-e6ae2eb71e8e,0,0,4.0,0.36,400,0.0,4,0,0
mechanism,fault10,V2_static,45061182-d00d-4b3c-ae05-2c6fd5ba5cf2,0,0,4.0,-16.0,400,0.0,4,0,0
mechanism,fault10,V2_static,2edb8fba-16aa-4c56-8044-03a3f1220737,0,0,4.0,2.0,400,0.0,4,0,0
mechanism,fault10,V2_static,e8d54320-2dfb-4210-8393-6c56aff55ecc,0,0,4.0,0.47,400,0.0,4,0,0
mechanism,fault10,V2_static,c4eb5f20-8d18-4d1a-be03-b014e541eab3,0,0,4.0,8.8,400,0.0,4,0,0
mechanism,fault10,V2_static,0045158d-99c6-4ccb-99d8-8eea8cace339,0,0,4.0,-6.1,400,0.0,4,0,0
mechanism,fault10,V2_static,0202dbb4-5221-42b7-96b7-5bcb476ffdec,0,0,,-12.9,400,0.0,4,1,1
mechanism,fault10,V2_static,ba2089ef-6999-4381-b677-a4f2f6af8e8e,0,0,4.0,5.0,400,0.0,4,0,0
mechanism,fault10,V2_static,94bc4d77-55a8-4cb0-a095-f9d799b3c37b,0,0,4.0,10.0,400,0.0,4,0,0
mechanism,fault10,V2_static,30f78337-c974-4434-a990-8c33c92a5306,0,0,4.0,3.57,400,0.0,4,0,0
mechanism,fault10,V2_static,fcaa00dc-f9ec-4f57-a7e1-a7ccaca9202b,0,0,4.0,20.45,400,0.0,4,0,0
mechanism,fault10,V2_static,854d95f4-d165-4132-8573-34843115ed45,0,0,4.0,0.4,400,0.0,4,0,0
mechanism,fault10,V2_static,6792fc0a-f8cf-43d8-bc1a-9a11646e7e31,0,0,4.0,114.81,400,0.0,4,0,0
mechanism,fault10,V2_static,bc009826-d4f1-4c53-9e3c-0e6349e8b527,0,0,4.0,-15.38,400,0.0,4,0,0
mechanism,fault10,V2_static,2c980685-7c11-412a-afa6-c23725fcedf6,0,0,4.0,1.6,400,0.0,4,0,0
mechanism,fault10,V2_static,99f1cb28-c0d5-4cda-b50a-a1d7c17b777a,0,0,4.0,66.9,400,0.0,4,0,0
mechanism,fault10,V2_static,72a4833d-a74d-410c-9311-dad856c7fe26,0,0,4.0,11.39,400,0.0,4,0,0
mechanism,fault10,V2_static,3828301a-73bd-4540-80d3-43061664f135,0,0,4.0,11.0,400,0.0,4,0,0
mechanism,fault10,V2_static,46ed6025-c0ae-49d3-8539-a45a1d37ee80,0,0,4.0,81.68,400,0.0,4,0,0
mechanism,fault10,V2_static,297ae9f3-5ef8-435e-a4e7-e0b97a049904,0,0,4.0,0.99,400,0.0,4,0,0
mechanism,fault10,V2_static,a38407e1-d341-4825-933e-81c2a559035f,0,0,4.0,46.0,400,0.0,4,0,0
mechanism,fault10,V2_static,14814a4d-55f8-4fe0-9e13-59ab7a4d485b,0,0,4.0,-0.7,400,0.0,4,1,1
mechanism,fault20,V2_static,0f2052a9-2761-4594-8be1-0ecf85fa47fc,0,0,4.0,0.6,400,0.0,4,0,0
mechanism,fault20,V2_static,6db94fb6-4116-44dc-8426-229509a07473,0,0,4.0,30.9,400,0.0,4,1,1
mechanism,fault20,V2_static,e73e316e-41a7-4f92-a40e-3ae277443d12,0,0,4.0,-8.2,400,0.0,4,0,0
mechanism,fault20,V2_static,02abaa03-2a3e-4db4-8f6b-fc31acfab880,0,0,4.0,44.9,400,0.0,4,1,1
mechanism,fault20,V2_static,a0720c04-0ddf-460b-81d7-60d9e6b6e3a1,0,0,,183.0,400,0.0,4,1,1
mechanism,fault20,V2_static,2ba67b9a-9cf8-466f-81cc-b3cf0e3bec49,0,0,4.0,63.0,400,0.0,4,0,0
mechanism,fault20,V2_static,9f212b77-e8cb-414c-b2c4-526f48a1f71b,0,0,4.0,-45.0,400,0.0,4,0,0
mechanism,fault20,V2_static,d97be352-26c2-4c4b-a8ce-459f5a24f124,0,0,4.0,-176.1,400,0.0,4,0,0
mechanism,fault20,V2_static,6f2a9b75-8907-4c4a-87c8-c2be01797dd5,0,0,4.0,123.2,400,0.0,4,0,0
mechanism,fault20,V2_static,fedb5ce9-f135-411b-a7e5-931803df369f,0,0,4.0,150.0,400,0.0,4,0,0
mechanism,fault20,V2_static,c9cc52de-f9a5-4bd5-a45a-86a68e61876f,0,0,4.0,-13.8,400,0.0,4,0,0
mechanism,fault20,V2_static,dc89a4b7-340e-4d48-96d9-ec9a38e65a0b,0,0,4.0,94.67,400,0.0,4,1,1
mechanism,fault20,V2_static,7384e0e0-2cbe-432f-9f0f-82ba1d88355b,0,0,4.0,34.2,400,0.0,4,1,1
mechanism,fault20,V2_static,ee2ad496-6ff0-4ddb-9359-7f90f8155885,0,0,4.0,0.97,400,0.0,4,0,0
mechanism,fault20,V2_static,e4027313-f6f6-4bb1-afb6-6520943df9a7,0,0,4.0,20.46,400,0.0,4,0,0
mechanism,fault20,V2_static,79a28339-32a7-42de-80db-fa4b1f2b2cbd,0,0,4.0,37.27,400,0.0,4,0,0
mechanism,fault20,V2_static,a0284ac1-abb3-4e82-bb8c-409ec89c5a54,0,0,4.0,267.0,400,0.0,4,0,0
mechanism,fault20,V2_static,b221ecbc-af23-4ad1-8202-0cc9e53b8ad3,0,0,4.0,-4.74,400,0.0,4,0,0
mechanism,fault20,V2_static,5c96ba61-4efe-4792-83c5-bcd41a037bc9,0,0,4.0,2.31,400,0.0,4,0,0
mechanism,fault20,V2_static,d03efb78-1b78-4f2f-9e7c-d2889a29acc2,0,0,,-66.7,400,0.0,4,1,1
mechanism,fault20,V2_static,d61315b1-7c1f-4c6e-8bb4-8042c71671cb,0,0,4.0,5.68,400,0.0,4,0,0
mechanism,fault20,V2_static,e777ea8c-c353-460e-a724-9c92a8eb6d75,0,0,4.0,247.0,400,0.0,4,0,0
mechanism,fault20,V2_static,718c9b4f-3907-4a12-b0c0-8bfec4d106ab,0,0,4.0,58.0,400,0.0,4,0,0
mechanism,fault20,V2_static,ff99e26a-38be-43d5-aff7-10ee224b3612,0,0,4.0,426.0,400,0.0,4,0,0
mechanism,fault20,V2_static,b9856aea-375e-4bc3-8ecb-8083c22bcba2,0,0,4.0,-20.53,400,0.0,4,0,0
mechanism,fault20,V2_static,6c76cd11-30f2-4a66-9f13-e99ba2b54946,0,0,4.0,-0.4,400,0.0,4,0,0
mechanism,fault20,V2_static,0da57c95-2709-4b67-a1be-db6f325fb4e5,0,0,4.0,0.4,400,0.0,4,0,0
mechanism,fault20,V2_static,629daa0a-eeb0-4c55-854c-b2b93f4b9ae9,0,0,4.0,-0.7,400,0.0,4,0,0
mechanism,fault20,V2_static,bb2e18cd-6548-47dd-8d73-e6ae2eb71e8e,0,0,4.0,0.36,400,0.0,4,0,0
mechanism,fault20,V2_static,45061182-d00d-4b3c-ae05-2c6fd5ba5cf2,0,0,4.0,-16.0,400,0.0,4,0,0
mechanism,fault20,V2_static,2edb8fba-16aa-4c56-8044-03a3f1220737,0,0,4.0,2.0,400,0.0,4,0,0
mechanism,fault20,V2_static,e8d54320-2dfb-4210-8393-6c56aff55ecc,0,0,4.0,0.47,400,0.0,4,0,0
mechanism,fault20,V2_static,c4eb5f20-8d18-4d1a-be03-b014e541eab3,0,0,4.0,8.8,400,0.0,4,0,0
mechanism,fault20,V2_static,0045158d-99c6-4ccb-99d8-8eea8cace339,0,0,4.0,-6.1,400,0.0,4,1,1
mechanism,fault20,V2_static,0202dbb4-5221-42b7-96b7-5bcb476ffdec,0,0,4.0,-12.9,400,0.0,4,0,0
mechanism,fault20,V2_static,ba2089ef-6999-4381-b677-a4f2f6af8e8e,0,0,4.0,5.0,400,0.0,4,0,0
mechanism,fault20,V2_static,94bc4d77-55a8-4cb0-a095-f9d799b3c37b,0,0,4.0,10.0,400,0.0,4,0,0
mechanism,fault20,V2_static,30f78337-c974-4434-a990-8c33c92a5306,0,0,4.0,3.57,400,0.0,4,1,1
mechanism,fault20,V2_static,fcaa00dc-f9ec-4f57-a7e1-a7ccaca9202b,0,0,4.0,20.45,400,0.0,4,0,0
mechanism,fault20,V2_static,854d95f4-d165-4132-8573-34843115ed45,0,0,4.0,0.4,400,0.0,4,0,0
mechanism,fault20,V2_static,6792fc0a-f8cf-43d8-bc1a-9a11646e7e31,0,0,4.0,114.81,400,0.0,4,0,0
mechanism,fault20,V2_static,bc009826-d4f1-4c53-9e3c-0e6349e8b527,0,0,4.0,-15.38,400,0.0,4,1,1
mechanism,fault20,V2_static,2c980685-7c11-412a-afa6-c23725fcedf6,0,0,4.0,1.6,400,0.0,4,0,0
mechanism,fault20,V2_static,99f1cb28-c0d5-4cda-b50a-a1d7c17b777a,0,0,4.0,66.9,400,0.0,4,0,0
mechanism,fault20,V2_static,72a4833d-a74d-410c-9311-dad856c7fe26,0,0,4.0,11.39,400,0.0,4,0,0
mechanism,fault20,V2_static,3828301a-73bd-4540-80d3-43061664f135,0,0,4.0,11.0,400,0.0,4,0,0
mechanism,fault20,V2_static,46ed6025-c0ae-49d3-8539-a45a1d37ee80,0,0,4.0,81.68,400,0.0,4,1,1
mechanism,fault20,V2_static,297ae9f3-5ef8-435e-a4e7-e0b97a049904,0,0,4.0,0.99,400,0.0,4,0,0
mechanism,fault20,V2_static,a38407e1-d341-4825-933e-81c2a559035f,0,0,4.0,46.0,400,0.0,4,0,0
mechanism,fault20,V2_static,14814a4d-55f8-4fe0-9e13-59ab7a4d485b,0,0,4.0,-0.7,400,0.0,4,0,0
mechanism,fault30,V2_static,0f2052a9-2761-4594-8be1-0ecf85fa47fc,0,0,4.0,0.6,400,0.0,4,0,0
mechanism,fault30,V2_static,6db94fb6-4116-44dc-8426-229509a07473,0,0,4.0,30.9,400,0.0,4,0,0
mechanism,fault30,V2_static,e73e316e-41a7-4f92-a40e-3ae277443d12,0,0,4.0,-8.2,400,0.0,4,0,0
mechanism,fault30,V2_static,02abaa03-2a3e-4db4-8f6b-fc31acfab880,0,0,4.0,44.9,400,0.0,4,1,1
mechanism,fault30,V2_static,a0720c04-0ddf-460b-81d7-60d9e6b6e3a1,0,0,4.0,183.0,400,0.0,4,1,1
mechanism,fault30,V2_static,2ba67b9a-9cf8-466f-81cc-b3cf0e3bec49,0,0,4.0,63.0,400,0.0,4,0,0
mechanism,fault30,V2_static,9f212b77-e8cb-414c-b2c4-526f48a1f71b,0,0,4.0,-45.0,400,0.0,4,0,0
mechanism,fault30,V2_static,d97be352-26c2-4c4b-a8ce-459f5a24f124,0,0,4.0,-176.1,400,0.0,4,0,0
mechanism,fault30,V2_static,6f2a9b75-8907-4c4a-87c8-c2be01797dd5,0,0,,123.2,400,0.0,4,1,1
mechanism,fault30,V2_static,fedb5ce9-f135-411b-a7e5-931803df369f,0,0,,150.0,400,0.0,4,1,1
mechanism,fault30,V2_static,c9cc52de-f9a5-4bd5-a45a-86a68e61876f,0,0,4.0,-13.8,400,0.0,4,0,0
mechanism,fault30,V2_static,dc89a4b7-340e-4d48-96d9-ec9a38e65a0b,0,0,4.0,94.67,400,0.0,4,0,0
mechanism,fault30,V2_static,7384e0e0-2cbe-432f-9f0f-82ba1d88355b,0,0,4.0,34.2,400,0.0,4,1,1
mechanism,fault30,V2_static,ee2ad496-6ff0-4ddb-9359-7f90f8155885,0,0,4.0,0.97,400,0.0,4,0,0
mechanism,fault30,V2_static,e4027313-f6f6-4bb1-afb6-6520943df9a7,0,0,,20.46,400,0.0,4,1,1
mechanism,fault30,V2_static,79a28339-32a7-42de-80db-fa4b1f2b2cbd,0,0,4.0,37.27,400,0.0,4,0,0
mechanism,fault30,V2_static,a0284ac1-abb3-4e82-bb8c-409ec89c5a54,0,0,4.0,267.0,400,0.0,4,0,0
mechanism,fault30,V2_static,b221ecbc-af23-4ad1-8202-0cc9e53b8ad3,0,0,4.0,-4.74,400,0.0,4,0,0
mechanism,fault30,V2_static,5c96ba61-4efe-4792-83c5-bcd41a037bc9,0,0,4.0,2.31,400,0.0,4,0,0
mechanism,fault30,V2_static,d03efb78-1b78-4f2f-9e7c-d2889a29acc2,0,0,4.0,-66.7,400,0.0,4,0,0
mechanism,fault30,V2_static,d61315b1-7c1f-4c6e-8bb4-8042c71671cb,0,0,4.0,5.68,400,0.0,4,0,0
mechanism,fault30,V2_static,e777ea8c-c353-460e-a724-9c92a8eb6d75,0,0,4.0,247.0,400,0.0,4,1,1
mechanism,fault30,V2_static,718c9b4f-3907-4a12-b0c0-8bfec4d106ab,0,0,4.0,58.0,400,0.0,4,0,0
mechanism,fault30,V2_static,ff99e26a-38be-43d5-aff7-10ee224b3612,0,0,4.0,426.0,400,0.0,4,1,1
mechanism,fault30,V2_static,b9856aea-375e-4bc3-8ecb-8083c22bcba2,0,0,4.0,-20.53,400,0.0,4,1,1
mechanism,fault30,V2_static,6c76cd11-30f2-4a66-9f13-e99ba2b54946,0,0,4.0,-0.4,400,0.0,4,0,0
mechanism,fault30,V2_static,0da57c95-2709-4b67-a1be-db6f325fb4e5,0,0,4.0,0.4,400,0.0,4,1,1
mechanism,fault30,V2_static,629daa0a-eeb0-4c55-854c-b2b93f4b9ae9,0,0,,-0.7,400,0.0,4,1,1
mechanism,fault30,V2_static,bb2e18cd-6548-47dd-8d73-e6ae2eb71e8e,0,0,,0.36,400,0.0,4,1,1
mechanism,fault30,V2_static,45061182-d00d-4b3c-ae05-2c6fd5ba5cf2,0,0,4.0,-16.0,400,0.0,4,0,0
mechanism,fault30,V2_static,2edb8fba-16aa-4c56-8044-03a3f1220737,0,0,4.0,2.0,400,0.0,4,0,0
mechanism,fault30,V2_static,e8d54320-2dfb-4210-8393-6c56aff55ecc,0,0,4.0,0.47,400,0.0,4,0,0
mechanism,fault30,V2_static,c4eb5f20-8d18-4d1a-be03-b014e541eab3,0,0,4.0,8.8,400,0.0,4,0,0
mechanism,fault30,V2_static,0045158d-99c6-4ccb-99d8-8eea8cace339,0,0,4.0,-6.1,400,0.0,4,0,0
mechanism,fault30,V2_static,0202dbb4-5221-42b7-96b7-5bcb476ffdec,0,0,4.0,-12.9,400,0.0,4,0,0
mechanism,fault30,V2_static,ba2089ef-6999-4381-b677-a4f2f6af8e8e,0,0,4.0,5.0,400,0.0,4,0,0
mechanism,fault30,V2_static,94bc4d77-55a8-4cb0-a095-f9d799b3c37b,0,0,4.0,10.0,400,0.0,4,1,1
mechanism,fault30,V2_static,30f78337-c974-4434-a990-8c33c92a5306,0,0,4.0,3.57,400,0.0,4,0,0
mechanism,fault30,V2_static,fcaa00dc-f9ec-4f57-a7e1-a7ccaca9202b,0,0,4.0,20.45,400,0.0,4,0,0
mechanism,fault30,V2_static,854d95f4-d165-4132-8573-34843115ed45,0,0,4.0,0.4,400,0.0,4,0,0
mechanism,fault30,V2_static,6792fc0a-f8cf-43d8-bc1a-9a11646e7e31,0,0,4.0,114.81,400,0.0,4,0,0
mechanism,fault30,V2_static,bc009826-d4f1-4c53-9e3c-0e6349e8b527,0,0,4.0,-15.38,400,0.0,4,0,0
mechanism,fault30,V2_static,2c980685-7c11-412a-afa6-c23725fcedf6,0,0,4.0,1.6,400,0.0,4,0,0
mechanism,fault30,V2_static,99f1cb28-c0d5-4cda-b50a-a1d7c17b777a,0,0,4.0,66.9,400,0.0,4,1,1
mechanism,fault30,V2_static,72a4833d-a74d-410c-9311-dad856c7fe26,0,0,4.0,11.39,400,0.0,4,0,0
mechanism,fault30,V2_static,3828301a-73bd-4540-80d3-43061664f135,0,0,,11.0,400,0.0,4,1,1
mechanism,fault30,V2_static,46ed6025-c0ae-49d3-8539-a45a1d37ee80,0,0,4.0,81.68,400,0.0,4,0,0
mechanism,fault30,V2_static,297ae9f3-5ef8-435e-a4e7-e0b97a049904,0,0,4.0,0.99,400,0.0,4,0,0
mechanism,fault30,V2_static,a38407e1-d341-4825-933e-81c2a559035f,0,0,4.0,46.0,400,0.0,4,0,0
mechanism,fault30,V2_static,14814a4d-55f8-4fe0-9e13-59ab7a4d485b,0,0,4.0,-0.7,400,0.0,4,0,0
